
@start
0.0010490224
0.0017125343
0.0013060058
0.0009332972
0.0010962362
0.0013462185
0.0010177717
0.002356166
0.0031006949
0.001200125
0.0011789543
0.00094882085
0.0009815657
0.0017262254
0.0013327283
0.001141377
0.0011498204
0.0009902078
0.00096861494
0.0009903904
0.0013201021
0.0009993459
0.0011321431
0.0013409026
0.0012893397
0.0036098578
0.0020659147
0.00095625716
0.0015421986
0.0011904422
0.00094887806
0.0015352361
0.0010374911
0.0015997177
0.0022938657
0.00303955
0.0049654115
0.0027016632
0.0098048
0.009101216
0.009858579
0.0044308803
0.004513621
0.0010336158
0.0017086614
0.002055557
0.0017025624
0.015311157
0.019659918
0.024983915
0.02642507
0.030597528
0.03251175
0.030880297
0.024870811
0.024293916
0.021860482
0.019468684
0.011814841
0.0052559455
0.0071403706
0.07274951
0.08590051
0.08563129
0.07874907
0.0636976
0.014863083
0.012025851
0.004515088
0.0021462159
0.0021816513
0.0020603228
0.0015857064
0.0021693357
0.0050367992
0.0026826428
0.0017131378
0.0018843184
0.0022536996
0.009366179
0.0057120724
0.00399732
0.009305427
0.008456229
0.006100864
0.005732024
0.0047280854
0.008807744
0.06338401
0.026892114
0.0075949277
0.005382777
0.0028902087
0.002496239
0.004667
0.0048594694
0.0049208496
0.0016851627
0.0023403822
0.0033793685
0.0043399204
0.002292253
0.0019570615
0.0017986626
0.001873811
0.0017801363
0.0019065726
0.002309215
0.0013053132
0.0015139959
0.0009175862
0.0010387059
0.0014584454
0.0010843492
0.0010061145
0.0007989555
0.003243091
0.004897039
0.0029526798
0.010642021
0.008341731
0.012344548
0.015933856
0.014239767
0.021709096
0.025667002
0.022221293
0.038388677
0.03867475
0.02151679
0.021649614
0.01406794
0.008776824
0.005716492
0.0038094984
0.002555686
0.002318496
0.0010550568
0.0078118183
0.0062491214
0.003072053
0.002048764
0.002037495
0.0023633838
0.0020914087
0.001673649
0.0014583804
0.0012329423
0.0013006673
0.0023484225
0.0020468964
0.0017877431
0.003743968
0.0017017623
0.0018574581
0.0019842447
0.0021307108
0.0033313816
0.002872553
0.002721881
0.0030418807
0.0037816714
0.0033099917
0.0044808895
0.0050010164
0.0045148893
0.0047687367
0.003552656
0.012367499
0.017702255
0.0036393097
0.0047717933
0.006389241
0.0048056026
0.0028456985
0.01016658
0.011395571
0.00544647
0.0030121075
0.001206321
0.0028408119
0.0076003126
0.051795032
0.025753183
0.012030161
0.010345383
0.011250161
0.012932296
0.01004652
0.009277668
0.011447536
0.006927353
0.008195358
0.010433671
0.011124072
0.007651432
0.005190942
0.006432219
0.0061545377
0.009124359
0.015163025
0.01420619
0.018598108
0.014567827
0.010267309
0.0049220696
0.004385095
0.0043380572
0.0036387038
0.0033964205
0.0025348628
0.0023271244
0.002289139
0.0030063035
0.0030575793
0.0029057898
0.004102
0.0031372893
0.0036824665
0.006201997
0.0033433796
0.003033741
0.002727919
0.0029519072
0.0030871339
0.003145732
0.013844103
0.0026298119
0.0018207043
0.0016213529
0.0015816139
0.0015509959
0.0017328575
0.0016136693
0.002004154
0.0015815255
0.0018921251
0.006835637
0.0056335605
0.006608115
0.00857358
0.0059785875
0.0039725173
0.003565133
0.0030090334
0.0018354969
0.0018265265
0.0015926518
0.00409455
0.0058753095
0.0024783586
0.0026782486
0.0031043626
0.0022943676
0.0017515969
0.0076009044
0.0017731253
0.0015879687
0.0025604935
0.0032395308
0.0020638052
0.0021240024
0.008449887
0.005108167
0.0034641272
0.0016617033
0.002089259
0.0018929299
0.0019609733
0.0021755141
0.011221382
0.0030431135
0.0015916821
0.001517463
0.0013542351
0.0018277125
0.0016796772
0.0017094219
0.0012160307
0.0011781664
0.0033953255
0.0012944798
0.0013107143
0.0014916837
0.0014615153
0.006541904
0.0015708015
0.001125211
0.0014090646
0.0015093968
0.0014271227
0.0015777156
0.002929708
0.0036086587
0.004971216
0.005310311
0.0051489333
0.0057866797
0.0042644315
0.0039686984
0.003574861
0.0027529348
0.0022099118
0.0018202594
0.0016793044
0.001840212
0.0013413646
0.0011489217
0.0012811634
0.0014066478
0.0012405599
0.0014077618
0.0017550827
0.0013647117
0.0013088769
0.0010068711
0.0013419379
0.0045023025
0.0043724203
0.0020259272
0.0014363923
0.001399057
0.0010559978
0.0013956912
0.0011103159
0.0014430969
0.0015032976
0.0016233076
0.0020812424
0.0012934092
0.001303573
0.0020345743
0.0015811769
0.00093794806
0.0013031034
0.0011955199
0.0013128612
0.0012062864
0.0014207812
0.0014009115
0.0038929572
0.0011878215
0.0013707025
0.0013144946
0.002945007
0.0062546115
0.0045407675
0.0015591274
0.000828783
0.0013619525
0.0010175413
0.00096776034
0.00065486756
0.0012798284
0.0015850995
0.0010128056
0.004732104
0.0033777996
0.0015725862
0.0007953155
0.000958634
0.013297408
0.014894329
0.0051350654
0.0069344128
0.06983402
0.017691776
0.07442106
0.04960967
0.11724195
0.124248005
0.12248203
0.1226266
0.11080643
0.077260144
0.054823626
0.04569648
0.038657956
0.032884423
0.01748225
0.00715763
0.002321403
0.0017376416
0.0026603541
0.0018352534
0.0019423378
0.0026856
0.0022625693
0.0024990232
0.0024952367
0.0021821011
0.001619295
0.0021296432
0.033755902
0.003459409
0.0025899082
0.00215891
0.0089748725
0.0045360844
0.003639106
0.0034580384
0.002668789
0.0029323047
0.0018475322
0.001681715
0.0017096951
0.0018284179
0.0015656934
0.001853336
0.0015249932
0.003053532
0.0019317047
0.0028877012
0.0026081474
0.0022793745
0.001873719
0.002954811
0.0015953248
0.001465248
0.002123759
0.0021129542
0.0017405446
0.0015847787
0.0025111046
0.0033032245
0.0027396283
0.0020118419
0.0025395728
0.0015522824
0.0016836631
0.0017694379
0.00241213
0.0015925005
0.0013541699
0.000978337
0.0008753013
0.0011739788
0.0011923562
0.0011555877
0.0011519969
0.0012936194
0.0010312857
0.0012117792
0.0014656574
0.0010405626
0.0012108339
0.001365918
0.0016174148
0.0014535051
0.0015279311
0.00085377303
0.008011619
0.015072063
0.00751854
0.006910777
0.0052366564
0.0037208223
0.003573464
0.0023576575
0.0018309911
0.0017224269
0.003005421
0.0055605373
0.006144251
0.003735619
0.0031396048
0.002338408
0.0017737498
0.0022065917
0.0023458847
0.0017111218
0.0025040065
0.0014601534
0.0015296745
0.0013236116
0.0013831423
0.0008442209
0.0014231941
0.0047340537
0.0020385887
0.025917392
0.050205685
0.012087318
0.008550234
0.00676147
0.0041629574
0.0035656213
0.003335897
0.0024318688
0.0021279939
0.0022888079
0.0017513607
0.0019455007
0.0021460804
0.0020710318
0.0019404546
0.0017248945
0.0017903592
0.0020327254
0.0034903896
0.0015969701
0.00095899875
0.0017676768
0.0017816719
0.0013608416
0.0017602401
0.0013873095
0.0014465161
0.001591561
0.0013788262
0.0014721554
0.0026530107
0.0017175161
0.001395534
0.0014261345
0.0019329241
0.0017423867
0.0012618218
0.0019055322
0.0018755823
0.0027051878
0.007046269
0.0026840935
0.0018974838
0.0016263879
0.00268188
0.0021094338
0.0019579772
0.0015621755
0.0018716435
0.003118325
0.002003002
0.001633795
0.0013285915
0.0017528113
0.0024996703
0.0026433233
0.0018411569
0.0029949928
0.0023905027
0.0021983127
0.0018002747
0.0021472832
0.002132588
0.003863628
0.001953512
0.0018598109
0.0017856052
0.0016761823
0.011207522
0.010578912
0.007297612
0.006331061
0.0027621484
0.0021022896
0.0021505447
0.0017735941
0.0063183596
0.0030630808
0.023717435
0.0074414997
0.006807704
0.004423449
0.0029787724
0.0056659994
0.0040823156
0.0029733756
0.0026169594
0.0024700973
0.0022424448
0.0019485669
0.0016491744
0.012612771
0.027724104
0.016598217
0.0089436835
0.006102532
0.0023876089
0.001523508
0.00202718
0.0050971806
0.0053553195
0.0054219244
0.0054919478
0.0027888813
0.0021489756
0.0077240895
0.009021312
0.0069438173
0.0044134124
0.006204459
0.0021732473
0.0019462893
0.0015879447
0.0013347648
0.0018620592
0.0032133656
0.0075265947
0.0048711174
0.0032186438
0.0018557438
0.0019050117
0.0013759625
0.0015557859
0.0021063536
0.011669375
0.0065257405
0.007095422
0.006970506
0.003556906
0.0032280555
0.001706875
0.0015074664
0.002421929
0.002234457
0.0022920314
0.001613282
0.0030495129
0.004564493
0.00421574
0.0018701071
0.0011994796
0.0016937841
0.0014926953
0.0016384277
0.0014810323
0.00097052375
0.0012542671
0.0026635127
0.0014301003
0.001539396
0.0042085624
0.0031237856
0.002197281
0.0021112873
0.0016983434
0.001367887
0.0015715273
0.0012598262
0.0015688338
0.001343349
0.0020224405
0.0014404901
0.0021520746
0.0012377591
0.00093556225
0.0013394317
0.0013065279
0.0013492835
0.0013188096
0.0014681068
0.0012807691
0.0012778349
0.0018116882
0.0024644309
0.0013625865
0.0019331013
0.0014749073
0.001322697
0.0011874146
0.0016570698
0.00092085905
0.0014512575
0.00092495553
0.0013186802
0.001471433
0.0014049923
0.0012424823
0.0011316283
0.0012564885
0.0014902346
0.0017493578
0.0020068116
0.0012942739
0.0008597597
0.00239744
0.002518096
0.01499611
0.0020674937
0.0015067762
0.001235042
0.001770925
0.00087748567
0.0012249455
0.0015751297
0.0015552745
0.0015927018
0.0014549416
0.0011479699
0.0013452499
0.0013365401
0.0015986442
0.0017406947
0.0019673647
0.0011766618
0.0020600266
0.0025197514
0.0019074215
0.018038632
0.11504369
0.077025995
0.064169124
0.17180638
0.16272897
0.12153345
0.15259753
0.16725744
0.21490355
0.20182121
0.12333611
0.11761144
0.13075471
0.11890617
0.12065953
0.1504761
0.15175532
0.103010766
0.08634999
0.06727244
0.10375159
0.106612064
0.08729824
0.040749993
0.10915272
0.12662876
0.095583156
0.061892476
0.019818772
0.1366545
0.14636223
0.08593732
0.12166382
0.08090494
0.023393514
0.0048165615
0.016841413
0.012222612
0.105148256
0.11847835
0.08103486
0.08777351
0.070105284
0.035263494
0.052247003
0.033335462
0.031261433
0.08519034
0.12091035
0.09312076
0.08977732
0.08886051
0.06497836
0.032702483
0.02417197
0.022172086
0.07043785
0.09363355
0.09169837
0.07288977
0.070938334
0.038416572
0.03967475
0.039130963
0.03608
0.043336127
0.023527646
0.027948173
0.033864524
0.05577077
0.07363694
0.06881304
0.053767927
0.007160585
0.031858012
0.034759477
0.04039333
0.0422341
0.012456534
0.0021866786
0.0020179457
0.0016860538
0.0018452174
0.0019894012
0.0012439596
0.0015622798
0.0013359153
0.00089427765
0.0033266488
0.030732155
0.14169502
0.096789405
0.016194416
0.016113792
0.0420227
0.071219094
0.25254154
0.24880953
0.0967288
0.122428045
0.123440325
0.037514992
0.054311447
0.03735558
0.07366374
0.07702556
0.047234084
0.07323183
0.13201676
0.13140729
0.08132141
0.0920032
0.057107724
0.06698703
0.06664304
0.053303268
0.05627471
0.06612069
0.02390817
0.024337726
0.052714244
0.045721646
0.029981716
0.010798484
0.015725914
0.06667249
0.08794431
0.089097425
0.08825715
0.07571667
0.019292472
0.054368757
0.034751333
0.035572283
0.0401104
0.051455546
0.052906413
0.039351575
0.021289485
0.007492403
0.043361243
0.0422926
0.028077293
0.009149378
0.00679573
0.04377642
0.048693787
0.038968794
0.024090737
0.018465433
0.022920456
0.031024203
0.035413127
0.035359144
0.034214884
0.0135254515
0.0075896834
0.0057348064
0.005620759
0.0031921766
0.0013457993
0.0010431114
0.00096246036
0.0013056311
0.0011115541
0.0011036469
0.0010323197
0.0011319148
0.001082441
0.0012474947
0.0014927052
0.0016531463
0.0012517622
0.0016191966
0.0013964445
0.001167768
0.0011965163
0.0012021046
0.0014094461
0.0010909854
0.0013422256
0.0012847547
0.0010776012
0.0011207024
0.0010169202
0.0012483491
0.0017920191
0.00094503205
0.0009607611
0.0010582113
0.0012648079
0.0011296796
0.0014227043
0.0012889149
0.0010154729
0.00096729683
0.0010392929
0.0012830961
0.0015643461
0.0012943565
0.0015081614
0.0016501417
0.000953099
0.00095705484
0.0011376602
0.0012514661
0.0014957635
0.02982767
0.08630893
0.07798942
0.09704227
0.116066225
0.106490806
0.2148124
0.20397058
0.21355252
0.10398164
0.11962297
0.22841153
0.20965509
0.12631714
0.032132592
0.10065616
0.11663755
0.094714805
0.108463176
0.11158582
0.072659455
0.055908065
0.022985937
0.07482148
0.07450162
0.051350318
0.03132414
0.042062923
0.1180375
0.102591924
0.053884927
0.11847289
0.11339742
0.11938301
0.045501284
0.06922758
0.04737218
0.04792619
0.054934263
0.07065369
0.06701339
0.056571722
0.022738213
0.021101309
0.023483768
0.040826477
0.03502266
0.021712944
0.0091110105
0.044663135
0.05242953
0.044773206
0.029996168
0.02384447
0.020641303
0.027775794
0.03743587
0.032493778
0.016179912
0.009147284
0.0041390858
0.0016098067
0.0007655499
0.00093647995
0.0014836498
0.0013804769
0.00084511924
0.0009882308
0.0013723092
0.0011617271
0.0013558412
0.0022228833
0.00067457854
0.0010511315
0.008749009
0.0075608357
0.0018014895
0.0013339305
0.0010523371
0.0014471487
0.0013464579
0.001572001
0.0013472147
0.0016768897
0.0021929878
0.0014231047
0.0016015386
0.0021930595
0.0031722933
0.0013228622
0.0017913616
0.0029069898
0.12945896
0.09416164
0.080958776
0.14371747
0.14418055
0.10093536
0.124510966
0.12798841
0.16842481
0.16066699
0.10508282
0.10288329
0.10946964
0.09861009
0.09495544
0.10855705
0.10717669
0.10231414
0.060221665
0.09143528
0.09241817
0.0884989
0.07408003
0.053157203
0.11980984
0.13390557
0.0883279
0.041417845
0.12644738
0.12846549
0.12887067
0.10588948
0.082357705
0.10116032
0.030224731
0.008527428
0.017634789
0.0136784185
0.06640948
0.088829085
0.0884417
0.086664915
0.08116689
0.061835025
0.053687606
0.059135966
0.08345914
0.10787472
0.113237254
0.08623379
0.014295446
0.037315346
0.012106537
0.0022839021
0.011695806
0.03634641
0.01426221
0.0024255868
0.03468844
0.02791525
0.023411209
0.02735894
0.027710158
0.114793815
0.11863313
0.10462411
0.09655742
0.05947269
0.029591402
0.019884406
0.08100087
0.08205175
0.063901715
0.056991976
0.05118287
0.041056227
0.023487926
0.02727212
0.032255754
0.026364243
0.024935214
0.025951704
0.021421583
0.015366463
0.0048980024
0.0051031634
0.010585947
0.005676901
0.00518811
0.0012144739
0.0010053181
0.0011720078
0.0014623383
0.0018708567
0.0012057477
0.0010902799
0.0011246147
0.0010959476
0.0010337679
0.0012666254
0.000977497
0.0006974386
0.0011869504
0.0007326913
0.0029049981
0.001123688
0.0019599807
0.0006755888
0.013197508
0.004001891
0.0014138967
0.0020367217
0.002328555
0.0024568457
0.0025894204
0.001775706
0.0018177299
0.0021359373
0.08834918
0.110343784
0.07155605
0.12649168
0.17049655
0.12897395
0.109613635
0.14937057
0.204634
0.19886625
0.14520214
0.114238895
0.12257957
0.13586506
0.13047954
0.10726112
0.1254559
0.12031408
0.10881012
0.073457666
0.111811735
0.113123365
0.09104461
0.07836152
0.06454825
0.14423126
0.17362289
0.10293912
0.029271701
0.12118996
0.160292
0.18775181
0.19899496
0.105790064
0.05330003
0.00821082
0.00895494
0.010625549
0.07723877
0.11248434
0.08043803
0.074547365
0.06506734
0.024170587
0.03813823
0.040434662
0.07209092
0.082267515
0.08807027
0.076376475
0.04169469
0.019711236
0.018395085
0.099653624
0.09651703
0.097568005
0.09164002
0.086058654
0.0514074
0.05884703
0.042116676
0.04328678
0.047395974
0.048354883
0.057366833
0.058001492
0.056743342
0.052400373
0.0071557453
0.013074526
0.0159675
0.019347845
0.017910492
0.0053075957
0.0012680838
0.0010511437
0.0011533565
0.0015349091
0.0011907475
0.0023288156
0.00116976
0.0012342207
0.0011187869
0.12761675
0.07849275
0.031140292
0.014167356
0.0452839
0.08857005
0.15175706
0.16047828
0.081149526
0.09466694
0.08174292
0.036810618
0.025935603
0.05627633
0.08019644
0.07334866
0.10176451
0.10085905
0.09333301
0.068187624
0.06516909
0.06021092
0.054209318
0.056535497
0.052785765
0.04374915
0.035172593
0.06336325
0.043150395
0.0359581
0.03404547
0.01105504
0.008550329
0.0013182706
0.018050501
0.040210046
0.040062863
0.026031785
0.04781579
0.05050829
0.049395557
0.08231984
0.103986695
0.10383044
0.046847686
0.14432721
0.15736909
0.030185852
0.033126783
0.02992021
0.057405002
0.056123596
0.0335969
0.032635044
0.056289513
0.045367412
0.096207246
0.12895128
0.06578324
0.07667173
0.076927915
0.07366242
0.048538208
0.010583168
0.0052123056
0.0019264565
0.0034739298
0.0028479032
0.003255082
0.0033187403
0.0027951617
0.002585809
0.002086879
0.0016274523
0.0013825577
0.0013141608
0.0019486792
0.0010166032
0.043209836
0.07872532
0.082989186
0.046223152
0.058664978
0.059157565
0.11257339
0.11715783
0.10422178
0.060107283
0.09242711
0.09825316
0.09070352
0.021827724
0.06343129
0.06526542
0.047637265
0.04747391
0.07000793
0.08403998
0.07785551
0.062425096
0.046944376
0.038281437
0.037200153
0.04225175
0.042910367
0.022119405
0.012928218
0.016228491
0.029614488
0.01634289
0.012873744
0.020949442
0.021382315
0.023581808
0.021653026
0.02006212
0.014487787
0.00866536
0.0012057817
0.0016670933
0.0013151311
0.0011057438
0.0010436543
0.0010384674
0.001375635
0.0014693692
0.0016063479
0.0023107862
0.0014347523
0.0014745833
0.0015365141
0.0012868261
0.0017516017
0.0015078204
0.0011382259
0.001261246
0.0013809823
0.0012553897
0.0010470737
0.001589152
0.005319639
0.09993862
0.1256023
0.06173548
0.05634406
0.13877086
0.094754376
0.08350102
0.12261532
0.13518427
0.17727329
0.15220827
0.13121933
0.12831512
0.13389046
0.09086753
0.07594524
0.10378869
0.10207189
0.09127217
0.05364415
0.07709812
0.07866255
0.078041896
0.052801356
0.036416333
0.11920588
0.11731533
0.045115888
0.06360439
0.08057364
0.08824672
0.094004594
0.06746737
0.031542875
0.008844776
0.009176573
0.011234344
0.07852738
0.092103034
0.09192864
0.076207496
0.06383229
0.027648441
0.031088645
0.044561792
0.09650621
0.099317946
0.094152175
0.07554608
0.042613402
0.021267649
0.016556792
0.06733351
0.077023394
0.08343321
0.085509054
0.08140422
0.043982755
0.0547427
0.04376569
0.05332538
0.041479662
0.037806343
0.03894895
0.047182985
0.04834257
0.048895497
0.04744247
0.014635914
0.009214983
0.01662183
0.018757554
0.014442904
0.0021589093
0.0011851864
0.0014009164
0.0017972403
0.0016741485
0.001756327
0.0013942583
0.0013559817
0.05267441
0.06583166
0.062202353
0.008377116
0.009992274
0.056147996
0.0663859
0.093723126
0.09251522
0.07921969
0.07961382
0.04908067
0.03333094
0.027749538
0.084471084
0.075222716
0.05673729
0.056355163
0.057430387
0.0901558
0.12395631
0.10535173
0.08683215
0.09812969
0.1287649
0.0358455
0.027849354
0.0287606
0.053188853
0.042689748
0.02418064
0.03408342
0.033908512
0.029599516
0.083322346
0.08330287
0.059374884
0.059954315
0.042522416
0.024652543
0.043300964
0.039627574
0.036093887
0.05411954
0.061031558
0.05003092
0.038949553
0.019814245
0.0068636504
0.040462643
0.03396377
0.026642768
0.007732639
0.030376526
0.05169358
0.04707591
0.031909265
0.018982349
0.020290427
0.026031658
0.03482456
0.036915462
0.035254773
0.027721047
0.015975084
0.008507864
0.0075637423
0.0013007976
0.00085846626
0.0015480028
0.0010522876
0.00076337316
0.0008737173
0.0010375021
0.00076997664
0.0008717687
0.000875964
0.00072789023
0.0008695882
0.000945257
0.0012347072
0.0009979986
0.0015314951
0.00086846924
0.0007709912
0.0007765615
0.0010097788
0.00095376937
0.0009082043
0.0009795489
0.00092808483
0.0009379591
0.0011092429
0.0007053006
0.0009228011
0.0011472515
0.0012625842
0.13325381
0.09492327
0.064474314
0.053168193
0.11887263
0.09870826
0.08556526
0.13253443
0.15179113
0.13448553
0.14273405
0.1441433
0.12647666
0.11990848
0.1153819
0.086581744
0.103532
0.13459603
0.14210936
0.13305154
0.06783992
0.042507004
0.08718334
0.0811388
0.06902694
0.04414167
0.104507804
0.09969427
0.06449264
0.11776535
0.10622643
0.09240863
0.031623665
0.020562327
0.11938589
0.15684782
0.13486251
0.06999867
0.08353015
0.018917589
0.0060659205
0.013124175
0.059584133
0.10869582
0.07683263
0.079738
0.067157745
0.034457076
0.032504816
0.03480363
0.049951203
0.09561857
0.08334764
0.09014528
0.08709268
0.06940094
0.024080731
0.018287575
0.015867177
0.08434188
0.08857381
0.10892674
0.07681243
0.07834315
0.04810104
0.055549506
0.039239325
0.041793462
0.029972492
0.024875838
0.033257578
0.051918004
0.056947894
0.05567588
0.04744289
0.03415985
0.0036454822
0.01402536
0.015874289
0.014551244
0.010453742
0.0016600434
0.0013490622
0.0016105847
0.0010556689
0.0013281618
0.0012583924
0.0013127619
0.0009771881
0.0008151096
0.005481972
0.12695728
0.095146865
0.05924751
0.013216184
0.0031244776
0.022511212
0.020203587
0.0738877
0.13879158
0.17124735
0.15884066
0.0836124
0.11395075
0.08017109
0.02252168
0.027034622
0.052055687
0.072914824
0.06165717
0.048374824
0.04039873
0.06925098
0.08266563
0.07753289
0.043608982
0.061269652
0.075695686
0.049651563
0.03492118
0.042881873
0.050365865
0.029863887
0.019637287
0.02330555
0.07315465
0.06928639
0.05280503
0.048112966
0.02903272
0.051439468
0.035494804
0.03613078
0.046779685
0.05631935
0.04968313
0.038503148
0.015670657
0.008965351
0.02758461
0.024161993
0.01401819
0.0020877267
0.0033073719
0.038705166
0.03528669
0.026585853
0.018204259
0.018425338
0.028557071
0.037194572
0.039799955
0.0363274
0.021493845
0.010814279
0.0073017366
0.0013536671
0.0010772297
0.0009300976
0.00094211404
0.0011952459
0.0008578517
0.0007717384
0.0010952438
0.0007761307
0.0008728157
0.00059259566
0.00074577774
0.00096756156
0.0009512834
0.0010748769
0.0015526519
0.0012253914
0.0010097389
0.0011420534
0.0012028456
0.00089562807
0.0012376738
0.0019937782
0.0013258924
0.0015020684
0.0010375433
0.0010796092
0.00092597055
0.0010365698
0.0008484211
0.0008008866
0.00082378444
0.0010558323
0.0010339536
0.00077140576
0.0008204402
0.00059632
0.0009392706
0.00089719216
0.00094048196
0.00070872327
0.0008795782
0.0008004188
0.0009188105
0.0009174929
0.0007556725
0.0009827103
0.0011035071
0.00091806176
0.00097012153
0.0011081786
0.00081554364
0.0008571411
0.00085309224
0.0007229178
0.0008041374
0.0011858727
0.0011637498
0.0011209238
0.00090314535
0.0009029558
0.00089832617
0.0011256567
0.0009223223
0.0010184885
0.0010039061
0.00097274454
0.0008414928
0.0011019717
0.00087420514
0.0012778604
0.000827472
0.0008348694
0.0009476381
0.0011289817
0.0011855571
0.0009648449
0.0011062634
0.0013518535
0.012427366
0.03420392
0.03109173
0.011562943
0.018269
0.0020351093
0.033209637
0.025035463
0.017288627
0.0108119035
0.009612107
0.014107324
0.015413199
0.014174996
0.00936243
0.0014022737
0.00083574944
0.0009677233
0.0012542239
0.001141635
0.0013216835
0.001121693
0.001317431
0.000965999
0.0009998152
0.0009773361
0.0032340041
0.0010571715
0.0011334054
0.0010558042
0.00087723345
0.00085243175
0.0010925463
0.00094732473
0.0007580378
0.0010050114
0.0016748838
0.0009533407
0.0009170246
0.0013501274
0.0010449042
0.002877881
0.013638103
0.0043050037
0.0011338798
0.0010361961
0.0017918049
0.0016659625
0.0017535706
0.0014484577
0.0013259125
0.0011280498
0.0013353822
0.0012194404
0.0012620165
0.0018498106
0.0032473688
0.15342984
0.13235013
0.08802223
0.14433517
0.13952537
0.09974993
0.10318551
0.13885345
0.13831995
0.1595362
0.15325822
0.16064847
0.15092859
0.11196152
0.115759104
0.13762781
0.13299768
0.09360925
0.07632354
0.075708814
0.09130389
0.081475936
0.060961302
0.040131826
0.11143652
0.10307888
0.06503921
0.06911523
0.12751932
0.17092448
0.17404997
0.13471743
0.08482171
0.029251916
0.0058962065
0.013571845
0.039600685
0.0905192
0.07061041
0.0850093
0.07555165
0.04024577
0.047278624
0.041045614
0.103447884
0.14487681
0.1042587
0.08043539
0.07211163
0.027896514
0.032920584
0.03995732
0.088950865
0.100964576
0.05399919
0.079694204
0.069616124
0.0874522
0.056976203
0.0322861
0.028075548
0.03125137
0.044733904
0.055196896
0.06169324
0.057399087
0.05793475
0.023377443
0.008918387
0.015507009
0.01857605
0.01742476
0.0083713345
0.0017845093
0.0027978127
0.0023857008
0.0030490474
0.00232019
0.0027013642
0.0016306343
0.001882601
0.0013095238
0.012534007
0.07743423
0.09643432
0.07672099
0.009951949
0.0033270598
0.016412094
0.025007408
0.06471196
0.16130303
0.19625045
0.20886722
0.07513585
0.08643717
0.087731205
0.044115733
0.036118284
0.03247574
0.04073501
0.041687883
0.03711477
0.038097583
0.055061996
0.06790842
0.06943024
0.057816394
0.07151755
0.07443707
0.016056407
0.036783274
0.05359682
0.045041084
0.02332163
0.03076399
0.023359595
0.082653604
0.07102372
0.04824009
0.049148772
0.037453543
0.04416775
0.03803479
0.028955774
0.035731312
0.053787485
0.05311881
0.037095044
0.01589402
0.010010319
0.038106725
0.038187765
0.024613846
0.007217172
0.009625587
0.046361256
0.04315693
0.029448358
0.024557926
0.022541324
0.028634641
0.03710624
0.03362609
0.029635597
0.016866557
0.010008899
0.007056603
0.0021123947
0.001477088
0.001352303
0.0019742383
0.00137969
0.0021021457
0.0011946717
0.001325692
0.001277652
0.001133867
0.0012366835
0.0012078368
0.00096621225
0.0012757999
0.0012865101
0.0011642815
0.0010346429
0.0011208865
0.0013628347
0.0009873456
0.0011010597
0.0010490667
0.0012583206
0.0013516532
0.000918554
0.0012545608
0.00093714095
0.00096217816
0.0012383824
0.0011755512
0.0010283415
0.000805524
0.0011029742
0.0010196313
0.0009892825
0.00081852276
0.00096396013
0.0010380058
0.0010008307
0.0010937208
0.0007871369
0.0009937981
0.0010673185
0.00081013335
0.0008893285
0.0010232773
0.0009866522
0.0013686377
0.0018264995
0.068693556
0.0865529
0.05961284
0.076937504
0.09024989
0.09136097
0.08376988
0.07560931
0.15225835
0.113584675
0.13047045
0.08593785
0.041566994
0.10314579
0.117531456
0.10805528
0.022497525
0.076427184
0.100963704
0.103333056
0.061219696
0.0798805
0.06448302
0.033773035
0.025947267
0.06468694
0.06497673
0.054529306
0.013558491
0.029044155
0.0304722
0.0920255
0.091395445
0.04939917
0.06321357
0.051874574
0.03853081
0.026385581
0.033429217
0.02877096
0.02871569
0.04799603
0.04506558
0.03496497
0.014054553
0.010018122
0.035053205
0.03327274
0.011203198
0.003536101
0.025075555
0.024109144
0.019146033
0.018716877
0.015776496
0.018440528
0.013767359
0.007798665
0.01627806
0.016826777
0.008659769
0.018920897
0.014958216
0.0076031606
0.0024850578
0.0012458131
0.0015360595
0.0013314326
0.0012329271
0.0009676262
0.00061783264
0.0011143184
0.0008662836
0.0011745126
0.0012082985
0.0014082954
0.0011610809
0.0008763343
0.00061842374
0.0010360453
0.00083192246
0.0015623256
0.00096274476
0.00119919
0.0011919104
0.0014974022
0.0007900409
0.00093515246
0.0011323675
0.001414044
0.0078081116
0.0019766528
0.014157048
0.0037909993
0.006087099
0.0016649943
0.0022157
0.0025245552
0.0018245525
0.0022882265
0.0021541845
0.0017660524
0.001982572
0.0021047238
0.0020268504
0.08400267
0.14114355
0.07942383
0.05407157
0.110760145
0.10598762
0.08708749
0.07109776
0.12591235
0.12808551
0.14020048
0.13347697
0.1307509
0.15500712
0.10501189
0.10942953
0.13174626
0.13544142
0.101782024
0.0776968
0.08475672
0.08412776
0.07796033
0.04892413
0.033342443
0.11680522
0.10538493
0.04868626
0.06562686
0.091675684
0.12246994
0.14140461
0.10283338
0.06896214
0.014579585
0.022413418
0.009151102
0.06860272
0.09190036
0.08554568
0.07620488
0.06502338
0.036267955
0.02673224
0.02952861
0.018629933
0.061203126
0.07062233
0.06928371
0.07374287
0.061293334
0.02755407
0.018303066
0.021136785
0.083671734
0.09911537
0.062586784
0.065912895
0.08436172
0.050125603
0.051761687
0.043099273
0.040778592
0.04683324
0.03220662
0.026684042
0.028347388
0.057001807
0.061490953
0.06465074
0.060362898
0.013280048
0.0036587461
0.016028825
0.020896755
0.015898403
0.008289555
0.0015702961
0.0029315215
0.0010939051
0.001090621
0.00097116583
0.0008669146
0.0009973038
0.0009235011
0.001858661
0.0014879728
0.0007119597
0.0009949594
0.0023546177
0.0012413735
0.1417037
0.12267112
0.0796958
0.014973803
0.004124493
0.016545204
0.036502086
0.16674168
0.18658118
0.16583359
0.093044676
0.074457064
0.073504984
0.050470024
0.027796665
0.021093857
0.0579776
0.044361006
0.030638697
0.041710664
0.03877263
0.065678254
0.09013989
0.09920848
0.081562884
0.059110735
0.123350926
0.13839968
0.04029568
0.061100595
0.08218345
0.08046517
0.06987282
0.076250896
0.04137786
0.02085605
0.05752651
0.055376615
0.039473232
0.019314528
0.022995295
0.08238188
0.08261097
0.072206475
0.08098958
0.0701505
0.034116372
0.04364444
0.02988501
0.029993003
0.051427662
0.058439955
0.05998877
0.03245628
0.017528826
0.022456795
0.054624118
0.030727856
0.012923675
0.005816678
0.04629723
0.068055555
0.043456458
0.03288572
0.025467921
0.027882466
0.029692367
0.034705278
0.030856423
0.023303645
0.015120207
0.007915605
0.005207881
0.0042317985
0.0013028589
0.0012850713
0.0018255659
0.0014239791
0.0008826198
0.0008201265
0.001110033
0.0037470262
0.0024748675
0.0009248453
0.0010960972
0.0012677092
0.000995939
0.0008599944
0.0011850588
0.0014785824
0.0015156079
0.0009898219
0.0011737803
0.0013396948
0.0014397718
0.001071812
0.00086777884
0.00093846413
0.0008349093
0.0009915862
0.0008039888
0.0011023928
0.0014834009
0.0018488255
0.0008505206
0.0009254108
0.0013020879
0.001104388
0.0008307878
0.0012520938
0.0012854418
0.0008684663
0.00076597225
0.0009316215
0.0012256899
0.0020761136
0.0012724847
0.0012408834
0.0011284046
0.0011170754
0.00087716436
0.0010314137
0.0011990671
0.0007808319
0.0012496763
0.00090653
0.0013859194
0.0011452433
0.000957288
0.0012485441
0.0013204459
0.0013609757
0.00095529837
0.0008099834
0.00091580575
0.0010161471
0.001134686
0.0010660589
0.0010186562
0.0010672365
0.0008540252
0.0012607492
0.0017515341
0.0014100734
0.00084619323
0.004926325
0.0017564683
0.0011708974
0.0009979596
0.0011555073
0.00078569923
0.00093840313
0.0011384693
0.0009868601
0.0011945067
0.00074451114
0.001115905
0.00090131676
0.0009796312
0.0015382601
0.00083967333
0.00075727585
0.00079756
0.0010806099
0.0029067618
0.0010697905
0.0010588022
0.0011152842
0.0009872365
0.0013462448
0.0013942095
0.002779207
0.0016428605
0.0012742324
0.004208377
0.0014354514
0.0013801476
0.0011076748
0.007799581
0.0017500891
0.00091322407
0.0010524037
0.0012003991
0.00091516494
0.0011625092
0.0019342175
0.0019046479
0.0017731024
0.0017224806
0.0008866721
0.0013737823
0.0010406367
0.0008949492
0.001139585
0.0011148289
0.0012625891
0.0012658641
0.0009015872
0.0011835258
0.000701185
0.0012880925
0.0007994147
0.0008614137
0.0013126815
0.0010943124
0.0009233179
0.001066846
0.0009938881
0.0008032712
0.001459999
0.0010550121
0.0010997747
0.0010005261
0.0013276582
0.00071534235
0.0007483583
0.00087507453
0.0008880602
0.001175577
0.0012643916
0.0009272599
0.0011492238
0.0007774476
0.001213888
0.0013956449
0.0010211116
0.0122050755
0.0011172252
0.0014692455
0.0009921535
0.000832534
0.0009021148
0.0011188759
0.00074235315
0.00088073296
0.00078730186
0.0012223239
0.0009492646
0.0015081277
0.0011622199
0.0009092913
0.00074561365
0.00093269255
0.00089624996
0.0015438481
0.001295362
0.0013357667
0.004035835
0.002316562
0.0022680648
0.0011312183
0.0018345873
0.0026938217
0.0014455278
0.0011283406
0.0011854395
0.062550396
0.00322228
0.002426802
0.009959715
0.02917929
0.029574333
0.03225431
0.033676565
0.029577427
0.017287824
0.013244588
0.03114151
0.055621717
0.06954346
0.057682805
0.05067715
0.052196883
0.040257666
0.0080194585
0.024476005
0.021762336
0.018555144
0.006549438
0.011640731
0.026331695
0.026653292
0.027841685
0.022148225
0.013291782
0.00371412
0.017971108
0.025789237
0.018782912
0.003325826
0.0015426404
0.013577521
0.035487812
0.04445968
0.045344986
0.0222638
0.016064402
0.011743092
0.024425406
0.0349209
0.035458166
0.02305061
0.016968945
0.017342936
0.03242258
0.03996046
0.023109099
0.022655332
0.006158334
0.001644928
0.0010391062
0.0021351187
0.0016832581
0.0033090478
0.009339575
0.009737952
0.012803206
0.009762402
0.0063357633
0.0035610802
0.0016003791
0.005187437
0.0076495223
0.009069446
0.009800033
0.010610581
0.0075967745
0.0058187013
0.003929744
0.0025610293
0.00105436
0.00090729806
0.0007262174
0.0010836046
0.0009736011
0.0006711691
0.00079777074
0.00088310865
0.012406687
0.0122327
0.0013192438
0.0010089092
0.0009035368
0.0014119305
0.0009164596
0.0012752755
0.0015728703
0.0012213775
0.0013216703
0.00086157396
0.0019270967
0.0012426435
0.0011230417
0.0014104042
0.0010735224
0.0030569162
0.0017148979
0.001154862
0.0008855536
0.0011927199
0.002583991
0.0011995739
0.0013051255
0.001191188
0.0018455916
0.0009812629
0.0013860845
0.001983051
0.0022602428
0.004896133
0.0014360513
0.0009783118
0.0010913769
0.0009236199
0.0009048013
0.00086567376
0.000820765
0.00088288635
0.0007986705
0.0009099853
0.0009449944
0.0010316628
0.0015255315
0.0011049055
0.00087771035
0.0007033482
0.00091338495
0.0007934579
0.0011480406
0.0011193521
0.0018994297
0.0008288266
0.0018062514
0.00090125133
0.00075421896
0.0009717769
0.0006721791
0.0011937835
0.00087527046
0.0011158127
0.0007595082
0.0006592183
0.001029945
0.0010494617
0.0010726112
0.00076600636
0.0015079131
0.0010468948
0.0013005623
0.0006592554
0.0020106523
0.0010420022
0.0010124772
0.0011615243
0.0008958222
0.0012082914
0.0010884736
0.0019509207
0.0009313028
0.0006466289
0.00078450755
0.00095333817
0.0007285525
0.0009827869
0.0009779676
0.0009446454
0.00086648815
0.0008126108
0.00089694205
0.00087535434
0.0008862053
0.0011752085
0.0009884428
0.0010358259
0.00084991066
0.0010159994
0.00074325094
0.00092183595
0.0017927836
0.0010754958
0.0011354204
0.0008688787
0.0011265989
0.00093619403
0.0008631963
0.00093431177
0.0010375611
0.00094073475
0.0011062842
0.0010129915
0.0016305036
0.0026826304
0.0074338177
0.0006789155
0.0008773637
0.0011421376
0.0010833784
0.0059434203
0.0012247439
0.0010791176
0.0010170365
0.0010097767
0.0011485436
0.001476371
0.0009322698
0.0008255639
0.0010552664
0.0009320959
0.000846765
0.000860445
0.0008194795
0.0008882092
0.0013321411
0.00095764926
0.0010129549
0.000664422
0.0010172259
0.0008638634
0.00074486533
0.00086971634
0.0010577166
0.0010063776
0.0011868739
0.0012267275
0.0009944433
0.00081239303
0.000979229
0.0010969789
0.0008730297
0.00107103
0.0011132132
0.0013288636
0.00086837995
0.00087759347
0.0010576593
0.000927193
0.0011656256
0.00087934406
0.001094113
0.0007406072
0.0011245528
0.0007124492
0.00066565035
0.0008849399
0.0010973021
0.0011330742
0.0010760282
0.0011862313
0.0019807753
0.0014198212
0.0008991117
0.0007978167
0.00092141354
0.0009113819
0.00067428255
0.0010538488
0.0010999321
0.0012331649
0.0007410417
0.0010980371
0.0010581933
0.0007628932
0.0011120784
0.0013282225
0.0015037457
0.0010363815
0.0011565066
0.0012071128
0.0013752093
0.0008597398
0.0010435303
0.0009527128
0.0008087705
0.0010760179
0.0012708826
0.0010181926
0.0009007878
0.0011038027
0.0012527332
0.0017205611
0.0012837355
0.0008947308
0.0013245845
0.00092642603
0.00093154906
0.0007488834
0.0008996778
0.0008644134
0.00087501603
0.0007876624
0.00067898957
0.0008205928
0.0010125876
0.0008907313
0.0006810697
0.00083151326
0.0009811633
0.00095679343
0.0011943425
0.00069971295
0.0007518478
0.0007444819
0.0009794513
0.0008219334
0.0007726339
0.0011099462
0.0015334283
0.00094513554
0.001262042
0.004718277
0.029351866
0.027656028
0.029877149
0.027031744
0.0062761474
0.005469837
0.0047802064
0.008732784
0.002170311
0.0012415817
0.0010690484
0.0010234728
0.00074155134
0.0010145248
0.0010502568
0.00072114624
0.00090738735
0.00091769954
0.00069894036
0.0010507882
0.0009318859
0.001008583
0.0010161453
0.0008726604
0.0007285423
0.00095267355
0.00092720153
0.00095915643
0.00084652944
0.00085877354
0.00080551545
0.0010229582
0.0009413396
0.00080488157
0.0008561386
0.00069208496
0.00058453134
0.000656426
0.00068289705
0.00087996264
0.00091773283
0.0011415221
0.00089440646
0.0007338399
0.00085084717
0.0007833698
0.0013347169
0.0013089111
0.00096558285
0.0009285389
0.00086582534
0.0009985133
0.0012694786
0.0016086178
0.0016574654
0.0016166919
0.0016606958
0.001196206
0.0011710154
0.0010334332
0.00081462716
0.00086679653
0.0008574024
0.00090068835
0.0010617567
0.0008102835
0.0010474226
0.0008665678
0.0007869588
0.00070708664
0.0006880394
0.0014002674
0.0009156391
0.0009068727
0.0044811796
0.0020368616
0.0009735961
0.00074577774
0.0009851027
0.0011463745
0.0010135261
0.0016295587
0.0008627461
0.0010645916
0.0012366938
0.0011425894
0.0010726332
0.0012667908
0.003285399
0.001967939
0.002767865
0.0010445814
0.0011081514
0.00079196604
0.0009636241
0.0010986394
0.0014836128
0.0012235076
0.0008832448
0.0011751272
0.0008449723
0.00081571325
0.0010557236
0.0010501161
0.002082532
0.00090730266
0.0016705967
0.0028318574
0.0012578495
0.0012848895
0.0008083431
0.00092799246
0.0010905942
0.00097638246
0.0013947244
0.0010744242
0.0010670563
0.0011899873
0.0009019001
0.0011276791
0.00093601993
0.00090342807
0.0010880817
0.0018702637
0.0015862185
0.03523406
0.0023018427
0.0011737823
0.0012520122
0.0010481421
0.0010208967
0.000978258
0.0009472914
0.00077316246
0.00081925024
0.0008168865
0.00084912527
0.0009840379
0.0010528488
0.001037262
0.00086826703
0.0010707524
0.0009538656
0.001059643
0.0008161838
0.001449683
0.0009011297
0.0010136781
0.00083964586
0.0009615317
0.0010458084
0.0025958102
0.00079214276
0.0011626323
0.0016267915
0.0010828574
0.0011270602
0.0009530545
0.0021691925
0.0012660886
0.0009802964
0.0007689202
0.0007013337
0.0007096739
0.0008743822
0.00073661644
0.0013164338
0.0011523205
0.000995733
0.0008856088
0.00087846635
0.00083277066
0.0007596085
0.0008895234
0.0010495058
0.0010765593
0.00086741446
0.0008453317
0.00085731206
0.00065915904
0.0011633751
0.00065007276
0.0010993171
0.0014018294
0.0056560575
0.0010367117
0.00094352657
0.00073342124
0.00088991737
0.0010037884
0.0007181749
0.00093818526
0.0008178851
0.0011484483
0.0012592698
0.002098942
0.002261379
0.002097946
0.0013370631
0.0015432641
0.0013442086
0.0012129687
0.0009921878
0.0033422094
0.0006844669
0.001056433
0.0009568515
0.0007554611
0.0011961866
0.001225263
0.0026681935
0.0015585847
0.001347419
0.00084475335
0.0009996754
0.0011136086
0.00090944645
0.0008650628
0.0010567005
0.00092850043
0.0006990022
0.0011862247
0.00095342105
0.0013523998
0.0009205808
0.001003807
0.0010272163
0.001033265
0.00070867076
0.0020733445
0.0018734613
0.0011812005
0.0015135063
0.001369718
0.0016263453
0.0010156542
0.0012624713
0.0010480908
0.001171822
0.0012822872
0.001779999
0.00112809
0.0015057265
0.0013417788
0.0017986327
0.0011833147
0.0012131768
0.0008818361
0.0009257373
0.00097055256
0.0014741659
0.0010112763
0.0010916416
0.0011690867
0.0009861884
0.0011496855
0.0011204486
0.0009598773
0.0011285088
0.0010210562
0.0010218015
0.00085551944
0.00092249055
0.0011290042
0.0007026583
0.0009658084
0.00127738
0.04613537
0.007032912
0.002291552
0.004979845
0.0014209162
0.0010989661
0.0008268701
0.0008576085
0.0010482785
0.009533242
0.0017749096
0.0021441202
0.0012388023
0.0013178461
0.00069740514
0.001224133
0.00087554037
0.0010798936
0.0033910566
0.0013232994
0.0022056024
0.0012391454
0.0009837957
0.0011157137
0.0015173233
0.0010334919
0.0009116258
0.0011552117
0.0007157922
0.0010625964
0.00093173055
0.000817805
0.00086343737
0.0010043434
0.00082968606
0.000993056
0.0012797174
0.0009315184
0.00061424833
0.0008246749
0.00058773585
0.0009607183
0.0007608937
0.0009677908
0.0013265464
0.0012286463
0.0010564778
0.00087949925
0.000555498
0.0010926812
0.00095355936
0.00094561116
0.0011415085
0.0010875189
0.0008147539
0.00085685746
0.0010535271
0.00072679506
0.00089719426
0.00096355425
0.0011040767
0.0009651735
0.0010450782
0.00081976724
0.0010488391
0.0009975209
0.0012531772
0.0015333411
0.0014510893
0.00083848526
0.0010840831
0.0009253296
0.0007737765
0.0010137634
0.0008240355
0.00083408493
0.0008639573
0.0011806133
0.00124964
0.0014541948
0.001135772
0.0008229689
0.0007439053
0.0007718023
0.0005865105
0.0007670631
0.00080477237
0.014124208
0.006505624
0.0009745675
0.00082843326
0.0009456916
0.00116235
0.0011039961
0.0011488679
0.0011427518
0.0012653398
0.0007518022
0.0010052868
0.0017975452
0.0010462299
0.0012961376
0.0015303853
0.0009423799
0.0014362333
0.0008754152
0.0021770936
0.0016577994
0.0031588727
0.0011165465
0.00085615856
0.0012344448
0.0010026556
0.005605913
0.002598168
0.0013199018
0.005705562
0.0010813371
0.0009899322
0.001357359
0.0008682347
0.0010659001
0.0063920054
0.0045311763
0.0014925281
0.0038026227
0.0020844329
0.0014007364
0.0016074404
0.0014950038
0.0014585668
0.0010800862
0.0014153925
0.0013417117
0.0015804678
0.0015868479
0.0011384246
0.0020450554
0.00234177
0.0011731433
0.0019576033
0.002314158
0.0013903694
0.0029970044
0.0011941121
0.0010503471
0.0011222069
0.0012818342
0.0013255044
0.00082127197
0.0009577412
0.0007536473
0.0010348926
0.0041698194
0.003900451
0.0028743527
0.0020266827
0.0021574732
0.0010369829
0.0013322962
0.0010259991
0.00110746
0.0008315437
0.0014169163
0.0009862536
0.001407728
0.0014423012
0.0012095992
0.001219012
0.0010551477
0.0009585504
0.00092187175
0.00085457985
0.001061312
0.0014242444
0.0009580487
0.0011017479
0.00092089624
0.000739356
0.0010719602
0.0016826893
0.0022823336
0.0020018232
0.001755677
0.0015667453
0.0011182922
0.0016535319
0.0010835173
0.0010552754
0.001338881
0.0006880354
0.0011066649
0.0011968983
0.00072808075
0.006449896
0.0022655558
0.0012367534
0.0009332119
0.0010176604
0.0012744452
0.0012702761
0.0015966763
0.0019136006
0.0020660043
0.0020519118
0.0014484866
0.0013941177
0.0013465822
0.0011804275
0.00082133233
0.0009507789
0.00068128
0.0010349072
0.0007719669
0.00078698364
0.0013118124
0.0013084579
0.0011766771
0.0014902266
0.0015597771
0.0008142756
0.0011716043
0.0009380179
0.0015802872
0.0022380683
0.0013788844
0.0015682573
0.0011477644
0.0021249314
0.0012925585
0.001333184
0.0017024451
0.004788023
0.0020930627
0.0024213505
0.0027637493
0.0011077481
0.0017966673
0.0011347681
0.0010579824
0.0013506019
0.0011670742
0.0011225031
0.001311972
0.0011506539
0.00096241455
0.0011141506
0.0031336504
0.00300904
0.0012891353
0.0011511514
0.0011689076
0.00074782665
0.0013429885
0.0010970576
0.00082683977
0.0010010845
0.0010745053
0.001195754
0.0010770024
0.0011379989
0.001143929
0.0009305671
0.00070238166
0.0008198795
0.003125368
0.00080856914
0.0011752472
0.0015864802
0.0011064115
0.0011716891
0.0010993097
0.0013750849
0.0009335526
0.0027192712
0.0015342002
0.0014853724
0.001172099
0.00083847425
0.0007892972
0.0011269948
0.00095653103
0.0009842056
0.00082779484
0.0014648237
0.0016898819
0.0027082916
0.0027630448
0.0029825356
0.0026641546
0.002522235
0.001548452
0.0014107637
0.0012379964
0.0012766324
0.0009982857
0.0008352133
0.0012013621
0.0012484051
0.00092379865
0.0018566753
0.0012778437
0.0009809191
0.0014807637
0.0014288169
0.0027641768
0.0010888001
0.0015569876
0.0013761802
0.0013792253
0.0016212693
0.0014304179
0.0012953872
0.0012370396
0.0011200125
0.0011721756
0.0010474764
0.0009840821
0.0012251345
0.0016984114
0.0012050339
0.0015245395
0.0017922973
0.000839932
0.0013392984
0.0017432733
0.0025338216
0.0038738837
0.0020944565
0.0020937861
0.002628024
0.0016211235
0.0018104523
0.001568659
0.0016741813
0.001426509
0.0010876457
0.0013138488
0.0015242121
0.0009977338
0.0011908826
0.001676476
0.0012385318
0.0015956805
0.0009698937
0.0013911613
0.0014493039
0.0008897986
0.0010289676
0.0013538639
0.0013231965
0.0011941022
0.0014278984
0.0012339484
0.0013275347
0.0014088654
0.0008704169
0.00086206215
0.000750452
0.0008732198
0.0012622972
0.0016982816
0.0009301817
0.0010167927
0.0014112255
0.0014428905
0.0012996421
0.00086414587
0.0014266212
0.0015879471
0.0012101034
0.0009997927
0.0017880131
0.0021733327
0.00178202
0.0011527085
0.0015307195
0.0012633008
0.0017096527
0.0016320501
0.0014906948
0.0012463087
0.0012329879
0.001638481
0.002630439
0.0024356807
0.02049975
0.0038452456
0.0017725377
0.0023368618
0.0018577185
0.0011208403
0.00085567136
0.0009237444
0.00060124643
0.000862074
0.00087707984
0.0008503666
0.0013259932
0.0008049521
0.0011271618
0.0010272973
0.0010599924
0.0010759365
0.001091538
0.0011705114
0.0011712608
0.00088003324
0.0010560955
0.0013575357
0.005320333
0.0019934222
0.002367795
0.001409808
0.0012762407
0.0014150115
0.00067781494
0.000648241
0.0014394012
0.013097969
0.0019660294
0.001267637
0.002272666
0.0012383162
0.0011156142
0.00097000774
0.0010016364
0.001056885
0.00111225
0.0014998314
0.0010042649
0.0011580078
0.001364437
0.0009843663
0.0008887666
0.0014101245
0.0010200659
0.00096508
0.0009079354
0.0009550587
0.0008609702
0.0010996911
0.0012157324
0.0009405925
0.0024791202
0.00073331123
0.0010560709
0.001140386
0.00084408815
0.0008596376
0.0008567226
0.00090399024
0.0007815552
0.0008843265
0.0009394189
0.0011067322
0.00070686336
0.0008519114
0.0010474125
0.0010045592
0.0009977102
0.00093354174
0.00092927925
0.0011578365
0.0009260249
0.0011399331
0.0010497633
0.0009441551
0.0008597753
0.0014646248
0.0008669621
0.0011242966
0.0012956157
0.012327186
0.0018291493
0.00078329706
0.00081473583
0.0011635376
0.0009685052
0.0015920856
0.001150793
0.0009028668
0.0014295562
0.0007931648
0.00082308624
0.0013302629
0.0009819833
0.00070331775
0.0011300001
0.001445632
0.0012702701
0.0011574593
0.0013356323
0.00087959424
0.0016202615
0.0017134367
0.0010327904
0.0010286586
0.0010828988
0.0010519201
0.00083601417
0.00095664576
0.0024382737
0.0007646214
0.0008069925
0.001305668
0.0020930546
0.0010002946
0.002840996
0.0006403995
0.0013291127
0.0012713408
0.00079025136
0.0011384349
0.0009833897
0.001230483
0.001117748
0.0011358819
0.002097708
0.0028099238
0.002673516
0.0040520146
0.0032021932
0.002556298
0.0021646647
0.001337348
0.0011185246
0.001155706
0.001278654
0.0013155828
0.0011001251
0.0011836861
0.0010968287
0.0014266893
0.0012822844
0.001414682
0.0014742517
0.0018339544
0.0036313883
0.0009256081
0.0010115616
0.0013271711
0.0012170355
0.0022390592
0.0035840785
0.0012627767
0.0012894411
0.001159754
0.0010178322
0.0011553804
0.00084208004
0.0006813945
0.00094456744
0.0010588875
0.0010396894
0.00088157895
0.001013153
0.00078096933
0.0007387654
0.0026540884
0.0015504402
0.0046069287
0.0021122782
0.0007464755
0.0018102498
0.0012772689
0.0012080965
0.0010969774
0.00095233484
0.0018547989
0.0009817786
0.00077899254
0.0007630012
0.0011218652
0.0023515038
0.0021699148
0.0046729203
0.003846675
0.0019956715
0.001385329
0.0010440754
0.0014732772
0.0009544507
0.001582234
0.0009956536
0.00090225175
0.0072732545
0.0010895911
0.0014157582
0.00071388803
0.001293874
0.0014059596
0.0013286247
0.0011440527
0.002522787
0.0023309095
0.0012851863
0.0013667464
0.0014754824
0.0013313744
0.001148889
0.0048521785
0.0061089764
0.0013019196
0.0015790727
0.0021437674
0.0010346102
0.0013895629
0.001148108
0.0011248608
0.0012154102
0.0022975844
0.0011736125
0.0011691205
0.00096086913
0.0012978966
0.0010721112
0.0013528251
0.0008428795
0.00099038
0.0011905703
0.0010047564
0.0009310045
0.0008336056
0.0013260986
0.0012166486
0.0012714791
0.0011357038
0.00092677114
0.00087722525
0.00082028494
0.000983275
0.00089445326
0.0011255816
0.0031558496
0.0013527673
0.001567965
0.0008891052
0.0008172819
0.0010552071
0.00093688647
0.0008030303
0.0014209503
0.0009651971
0.0009381398
0.0013782991
0.0009612728
0.0006481471
0.0011371848
0.0009492352
0.0010845055
0.001065518
0.00077467045
0.0011357886
0.0010809501
0.0010855583
0.0008394987
0.0010140081
0.0025628158
0.00135033
0.0008867693
0.00096128124
0.0009666826
0.0009963125
0.0012129241
0.0013049662
0.0015458238
0.000982774
0.0009851074
0.0010207269
0.00090093305
0.0008836003
0.0010123024
0.0028449278
0.0013408626
0.0009996297
0.0010625417
0.0012405423
0.0011656095
0.0010726263
0.0010727139
0.00083551154
0.00087539974
0.0011727824
0.0010564239
0.001308051
0.0022248048
0.0017100275
0.0013270284
0.001384012
0.0013151327
0.0016127548
0.001627064
0.002308903
0.0016586942
0.0019917616
0.0024410482
0.0026737163
0.0024730312
0.005012039
0.002373128
0.0025216024
0.0024632977
0.0022767722
0.0016632741
0.0017747516
0.001978107
0.0019091513
0.0020897016
0.001766832
0.0012114437
0.0012224214
0.0013275949
0.0015200557
0.0008295086
0.00091415306
0.0010788814
0.0011468712
0.0011706458
0.0011682624
0.0010748324
0.00096570567
0.00095909945
0.00065942475
0.0016373723
0.0017176934
0.0010546038
0.0010022672
0.0014471587
0.0011500359
0.0009411429
0.0010172173
0.0010732088
0.0011405229
0.002211442
0.0009097941
0.0012619047
0.0015052229
0.00065948395
0.0010255731
0.0009872561
0.0009358295
0.0010558498
0.0016162912
0.0016829582
0.0014853039
0.0011447797
0.0010986947
0.0010594283
0.0014227097
0.0012231225
0.0013869914
0.0012211737
0.0010523348
0.001621991
0.0011832415
0.001102936
0.0009412502
0.0012291183
0.0010533279
0.0013318968
0.00162853
0.0012950872
0.0010964347
0.0014502725
0.0010672773
0.0011878076
0.0009380902
0.0009304283
0.0012318293
0.0011200436
0.0011452046
0.0024711043
0.0011785554
0.0011444024
0.0007056841
0.0011692927
0.0010714278
0.0008699299
0.0007824225
0.000875484
0.0008372993
0.00078775565
0.0009061281
0.0012150096
0.0013429358
0.0014029962
0.0010108036
0.0009362892
0.00070456084
0.0011120822
0.007978621
0.0036794744
0.0040287618
0.0022007923
0.0015706925
0.00096996967
0.0014083858
0.0009692458
0.00065743347
0.0007321688
0.0008452217
0.0024335359
0.0010737665
0.0011552188
0.0009850253
0.0012303786
0.00097561127
0.0011833443
0.0011200223
0.0013654551
0.0016714262
0.001922073
0.0024864795
0.0030224507
0.0011276059
0.0012459022
0.0032815577
0.0017170552
0.012689704
0.004304772
0.0012338397
0.0010189435
0.00083017076
0.0037570507
0.009673077
0.004632533
0.0017246093
0.008562045
0.009122636
0.007732119
0.0011266291
0.0009896533
0.0013835286
0.0015264633
0.049952198
0.0048179124
0.0102823535
0.0038871765
0.044809174
0.07473355
0.09025438
0.07104955
0.08819457
0.098173894
0.09717505
0.058383927
0.02310263
0.013328342
0.05550428
0.08087007
0.041803267
0.02382907
0.010805529
0.0063858847
0.031667132
0.032931842
0.01946874
0.022737507
0.027482834
0.029190011
0.022035534
0.0055920295
0.0015704798
0.00670587
0.0017874973
0.0007963805
0.0010479434
0.00078280043
0.0009397549
0.0011112021
0.0010720495
0.0011648933
0.014216983
0.0036329126
0.003797848
0.0035229186
0.0021908171
0.0013425697
0.0014458974
0.0017662874
0.0017718854
0.001167102
0.0012454293
0.0012828675
0.0011661071
0.0017714533
0.001579381
0.0012160158
0.0016396968
0.0013377878
0.0010717484
0.0011334743
0.0012351625
0.0008429505
0.000772122
0.00095246895
0.0006713201
0.0009547064
0.0009122393
0.00096043025
0.0010258586
0.0014151556
0.0011489027
0.0011793238
0.0012960575
0.0011603831
0.0013430686
0.0013933313
0.00095016067
0.0012291663
0.0013334611
0.0019804242
0.001103892
0.0009800628
0.0010009783
0.0022073525
0.0033835473
0.004673515
0.003526334
0.0015928113
0.0017557592
0.002523054
0.002359946
0.0014139845
0.0017302128
0.002256573
0.0017811006
0.0009672151
0.0011885401
0.0013256143
0.0012339578
0.0011228669
0.0009481721
0.0016622393
0.0010246763
0.0013492558
0.0011398825
0.0011246114
0.00069270015
0.0006981603
0.0013258825
0.00061844866
0.00085890293
0.0009401283
0.0013290049
0.0010124776
0.0007894415
0.0008402138
0.00081870734
0.0008110388
0.0005950121
0.0013385136
0.0009708876
0.0013356283
0.0012249409
0.006006194
0.0009109532
0.0009222127
0.0011704636
0.0012435291
0.0009136257
0.0051174155
0.0026522612
0.0011283179
0.00071490067
0.0009905589
0.0012751429
0.00246957
0.001218503
0.0025576833
0.0020058216
0.0034580873
0.025788626
0.037656885
0.04707218
0.045520492
0.11799166
0.18453215
0.25895676
0.20480032
0.11522747
0.035110623
0.005789889
0.0987872
0.11633383
0.07826932
0.07358853
0.12109404
0.06343164
0.026339639
0.10392369
0.071718514
0.05830148
0.021777024
0.11436283
0.038234428
0.006890765
0.013414401
0.040751375
0.09105638
0.10426375
0.13756347
0.14903016
0.108020194
0.052458923
0.052131895
0.06399019
0.06294973
0.029023096
0.03207724
0.05272824
0.038106803
0.038973037
0.07477655
0.06631066
0.05043767
0.04229187
0.035613798
0.042460226
0.021492878
0.008451635
0.0057681287
0.0010265264
0.0015609424
0.0012127189
0.0010251949
0.0013950549
0.001558663
0.0011514046
0.001196952
0.0008241072
0.0012636282
0.00091368443
0.0010446525
0.0009941261
0.003003344
0.006904385
0.0097393375
0.051295318
0.03491588
0.025841948
0.021612084
0.0380459
0.071168706
0.10604978
0.0832275
0.035953794
0.020166382
0.014679016
0.006139091
0.0022746061
0.0012289359
0.0011946353
0.0015963868
0.0012860808
0.0010972338
0.0015417077
0.0012729056
0.0014460246
0.0015532501
0.00138381
0.001147738
0.0011713506
0.001165238
0.0014006328
0.0017162682
0.0008502655
0.00061850675
0.0008409927
0.0006454519
0.00079142145
0.001117268
0.00095948385
0.0009519472
0.0009231753
0.0011342714
0.0013620693
0.004158505
0.0011807143
0.0019250177
0.016816506
0.0031051738
0.0025459894
0.001794333
0.0022256754
0.0019679859
0.0014460096
0.0017208845
0.0011044687
0.001284296
0.0010295797
0.0009151291
0.000764685
0.0009039044
0.0009664051
0.0010233377
0.0010317967
0.000961447
0.0010401221
0.0008842133
0.00076033507
0.0027169234
0.0030702741
0.00095630327
0.007947873
0.023377392
0.046182238
0.07646517
0.12828495
0.16922835
0.13740885
0.089656785
0.026240535
0.005116456
0.013900188
0.097492374
0.097576484
0.05647501
0.08567657
0.112153806
0.04756784
0.010482856
0.10612421
0.09332958
0.050058205
0.019278152
0.12925495
0.0769855
0.024145383
0.007359276
0.04711566
0.0988777
0.10010431
0.09712662
0.091128126
0.047418002
0.043465883
0.044549733
0.037557032
0.02596701
0.038890615
0.037035856
0.037724458
0.07465482
0.0774628
0.06978009
0.054177888
0.035022464
0.029554142
0.020607144
0.010157708
0.0028053217
0.0025991765
0.0037915532
0.0014097833
0.0009103067
0.00077500014
0.0013554499
0.00094444334
0.0017868008
0.0008081237
0.0007689749
0.0010675803
0.0009791058
0.00084163545
0.0010926967
0.001039163
0.0011709861
0.0015358779
0.00097029726
0.0009899536
0.0011414841
0.0011164229
0.0008996921
0.0011118385
0.0043330304
0.0012736932
0.0014134764
0.0010286086
0.0073335664
0.00091261166
0.0008777116
0.0010740056
0.009008195
0.035151187
0.057176206
0.12195115
0.13749105
0.17266643
0.13773353
0.09628004
0.04043066
0.009102501
0.014822493
0.10953353
0.12445288
0.06870561
0.009020639
0.07536078
0.06960762
0.020011114
0.011745
0.08974894
0.079040706
0.04364156
0.010836359
0.015024212
0.108321264
0.028389314
0.0045694485
0.00902842
0.04711642
0.082129546
0.08185837
0.077320896
0.07649054
0.05089775
0.06257026
0.082241826
0.06773316
0.040673807
0.05434704
0.070060246
0.048830334
0.08671129
0.05641086
0.059476256
0.04834258
0.034192298
0.027820092
0.022839624
0.012144906
0.0068539055
0.0028155306
0.0012122287
0.0011380132
0.00088906003
0.0013683424
0.0009862516
0.0012064802
0.0008589959
0.0010487218
0.0009133027
0.0008362179
0.0063277828
0.008543002
0.048382442
0.05522687
0.018881897
0.029644847
0.03361816
0.058360144
0.060478043
0.075502954
0.06623472
0.027553165
0.012049071
0.010821446
0.002035271
0.0031065145
0.0010724396
0.0008962796
0.0008084736
0.0009395183
0.0007508795
0.0010358717
0.00088588026
0.00096450816
0.0010289092
0.0010255099
0.00092352176
0.0011162754
0.0010491764
0.0009780221
0.0012003665
0.0015087004
0.0020902278
0.0009949803
0.0010598649
0.00097055594
0.0011513634
0.0011416706
0.001294708
0.0013277294
0.0013445391
0.0017089974
0.0012090711
0.0014460699
0.001381064
0.0010757246
0.0014022653
0.0011469154
0.0008397975
0.0011175615
0.0008191487
0.0013954338
0.00096539594
0.0012831452
0.0011571043
0.0016952298
0.0014536793
0.0031765276
0.0009818756
0.000864724
0.0012234711
0.0008356952
0.0007635955
0.0009535993
0.0014512136
0.0012380064
0.0011149854
0.0010793582
0.0011865784
0.0008575523
0.0010404597
0.00094004296
0.0008777885
0.0011222223
0.0010847608
0.0010159602
0.0019362849
0.0014461804
0.00076078734
0.0009553955
0.0012944419
0.0010310552
0.0011811558
0.00081100245
0.00076952716
0.0011339202
0.002018038
0.0027489236
0.001079205
0.0010949491
0.001283327
0.001324366
0.007582207
0.0023736279
0.0013667579
0.0013831947
0.0026777952
0.0015482364
0.0012638579
0.0014448409
0.0010255998
0.0010682043
0.0007320566
0.0009543934
0.0009118849
0.0009230729
0.0010960889
0.00083267794
0.0010845121
0.0010190952
0.00089283293
0.0009115168
0.00086559774
0.045679796
0.0537335
0.08870582
0.14486343
0.20063154
0.18779272
0.09518915
0.029714212
0.009914919
0.011491088
0.08944046
0.09049937
0.05001284
0.01593106
0.08404363
0.0878424
0.015839204
0.04213491
0.105313614
0.07407945
0.05134539
0.06305222
0.097978465
0.027821518
0.012072254
0.05479621
0.019855555
0.003995122
0.012968887
0.03269742
0.0839626
0.09923179
0.11667704
0.1228888
0.05453147
0.048719283
0.04810175
0.0809657
0.07283408
0.034235217
0.01714996
0.005766691
0.031831477
0.0318883
0.04504033
0.04950143
0.056227896
0.04299523
0.02679772
0.0098492475
0.013589538
0.011995283
0.003277027
0.002470733
0.001307425
0.0008333052
0.0010736254
0.0011699152
0.00069816073
0.0010620417
0.001141771
0.00089577516
0.0011115224
0.0010163758
0.0007678745
0.0011490168
0.0010166699
0.0008384243
0.0009092933
0.0010615655
0.0008651369
0.00092513545
0.0008033209
0.0010822886
0.00084104296
0.0006028381
0.007455312
0.0112954
0.07185823
0.08144514
0.030546822
0.039837357
0.041421406
0.056490064
0.059021346
0.055172365
0.052919354
0.030341513
0.016977115
0.013057328
0.009818922
0.0013834995
0.0010898152
0.0018027643
0.0013545613
0.0013804012
0.0010343017
0.0014746293
0.0012895046
0.0009680496
0.00064854586
0.00093669473
0.0009008292
0.0014129343
0.001444287
0.00128786
0.0012393381
0.0008342088
0.0007498863
0.00075905427
0.00081712723
0.0007738844
0.0009352947
0.00073996733
0.0010325522
0.00075008866
0.0009453754
0.00083804864
0.00094462285
0.0007360086
0.0011167683
0.0009357312
0.0008807303
0.00090804475
0.001006683
0.0011892992
0.0010180458
0.0009350408
0.00086603104
0.0010983291
0.0009940836
0.0010518086
0.001132365
0.0008268552
0.00079919817
0.00093672605
0.001162519
0.0010119595
0.001378411
0.0010611396
0.0011223411
0.0011813961
0.0011294333
0.0010887348
0.0009019357
0.0010779818
0.0018675722
0.0009597849
0.00092472596
0.001039003
0.0008269858
0.0009276024
0.0009860334
0.0013211988
0.0010513812
0.0010094917
0.0011753832
0.0012469012
0.0010586815
0.0008793031
0.0011189173
0.0015182617
0.0013841242
0.0014102632
0.0011970216
0.0011691623
0.0009820298
0.0010857696
0.0011540762
0.0007511424
0.0011885157
0.0010644526
0.0009647935
0.0012039318
0.0012161451
0.0010755168
0.0010450025
0.0009809374
0.0010919329
0.0010419614
0.0010592021
0.0011381833
0.0008787017
0.00087764073
0.0008775278
0.000829346
0.0009852767
0.0010682648
0.00091176137
0.0009794546
0.00094991195
0.0011069592
0.0010787655
0.0011819599
0.0015060318
0.0010509979
0.0009916694
0.0011069975
0.0011217808
0.0007943294
0.0009762848
0.0010304081
0.0011169709
0.0011012751
0.0011645657
0.0007750518
0.0010494767
0.0009570163
0.0010216745
0.0006950429
0.0006255596
0.0008187927
0.0011824789
0.0011358131
0.0010436741
0.0010789235
0.0013089569
0.0010342848
0.0006592455
0.0008129355
0.0010541253
0.0009224082
0.00085383013
0.0013530651
0.0009865103
0.0009631369
0.0010227957
0.0007896726
0.0007394086
0.0009586957
0.0009455547
0.00100195
0.0009125957
0.0011881286
0.00077292457
0.00069091696
0.0011026085
0.0009835574
0.0013244209
0.00082771684
0.0008351599
0.0015396331
0.0010509596
0.0008133736
0.00086224446
0.0011726889
0.00095151045
0.0011868635
0.0012705323
0.0009808135
0.00088571524
0.0013754182
0.0010180272
0.0009779198
0.0010275271
0.0010118153
0.0013075975
0.0012449073
0.0013587823
0.001103681
0.0013547833
0.0015690379
0.0009238154
0.0009104766
0.0013499697
0.0011265699
0.0011509192
0.0008597707
0.0006408119
0.0009755322
0.0019044301
0.0063730036
0.0073084272
0.004625826
0.004037312
0.0028367087
0.0016203391
0.001548311
0.0011731576
0.0013861877
0.00158708
0.0010346917
0.0010119848
0.0008487541
0.0012172471
0.00079334836
0.0011412984
0.0017623206
0.0010139609
0.0010647678
0.0008262581
0.00095639966
0.00089494966
0.0009161816
0.00074974645
0.0011577882
0.0011116792
0.0009375488
0.00091717334
0.00094434025
0.00080187543
0.0007739297
0.0010107065
0.0008711229
0.0009554185
0.00096800353
0.00089593825
0.0009634072
0.0008343101
0.0009653529
0.000829027
0.0007740893
0.00093168626
0.0008862641
0.0007716501
0.0013348005
0.0013309122
0.00065277494
0.0010235081
0.00083265675
0.00059567246
0.00086035725
0.0036167817
0.0012705503
0.0016167299
0.003681304
0.0016885323
0.0009315411
0.0013597863
0.0011433035
0.0010045854
0.0011869756
0.0011905213
0.00080649444
0.016838057
0.010852998
0.0019882608
0.00089115294
0.0007576117
0.00086179306
0.0012928528
0.0010125579
0.0009815056
0.0010080785
0.0009929858
0.0009420381
0.0007895256
0.0008710766
0.0009849059
0.0011955095
0.0009869199
0.001035907
0.0012712259
0.00074443355
0.0010608957
0.0010764173
0.0012563228
0.001139591
0.0010621692
0.0011072872
0.0009907112
0.0007355615
0.0009965758
0.0010917276
0.0010150294
0.0011187763
0.0015365152
0.0014505559
0.0012238539
0.0008871426
0.0010892414
0.0008550585
0.0009374061
0.0013673337
0.0010123231
0.0011100491
0.0015887879
0.0012551188
0.0014122993
0.0010042851
0.00096376153
0.0011098618
0.0010441832
0.0077079292
0.0065760813
0.024537176
0.063597694
0.0674885
0.06310134
0.042264804
0.030973453
0.009904144
0.0024017312
0.010676532
0.010974993
0.0389357
0.04027649
0.03671197
0.018956173
0.0021291983
0.0068057496
0.04635204
0.042573743
0.024148623
0.017404703
0.025790567
0.025895542
0.03115937
0.066280805
0.06807458
0.056136128
0.022795808
0.01966415
0.022231234
0.01320144
0.020360379
0.0013532948
0.0053186677
0.0030828817
0.0007004947
0.0008871008
0.0010676868
0.00085229764
0.0010311627
0.0011399254
0.00091380614
0.0010235559
0.0007882985
0.0014949569
0.0010396998
0.00076942326
0.0010149548
0.0009706851
0.0008770617
0.0009471888
0.00091536524
0.0009897737
0.00071892317
0.00081098464
0.00093272584
0.0010725212
0.0009961391
0.0012495333
0.0011964479
0.0010169136
0.0009505995
0.0010063766
0.0007978908
0.00083846453
0.0011541485
0.0011021806
0.0010549241
0.000759673
0.0009866495
0.0010422615
0.0010091009
0.0008959753
0.0009845978
0.001148546
0.0014399252
0.0012148789
0.0011960053
0.0006914183
0.00071910094
0.0010090043
0.0010204749
0.0011163919
0.0007592188
0.0008768818
0.0011530186
0.0011492238
0.0012625915
0.0017110882
0.0010364837
0.001698505
0.0013336572
0.001481516
0.0012606757
0.0012273599
0.0011070231
0.0009126273
0.00082848896
0.0006558274
0.00086715363
0.00090964447
0.0009046621
0.001036845
0.0011446424
0.00076741766
0.0009192547
0.000790422
0.0011688793
0.001146091
0.0010549492
0.00093929097
0.0009944254
0.0013211024
0.0014602272
0.00090655894
0.00065875787
0.00067803747
0.00090736244
0.00078148034
0.0008943007
0.00062507077
0.000895804
0.003067657
0.0011869133
0.0011799133
0.0008463926
0.0009030677
0.0008243862
0.00080011284
0.00089291105
0.0008209201
0.00086851063
0.0010737716
0.0011858888
0.0008261796
0.00097328296
0.0012898769
0.000614409
0.0009937981
0.00081850385
0.00082857534
0.0012419968
0.0009340945
0.0010722965
0.0010453959
0.0010833254
0.00090220023
0.00092370936
0.00081523025
0.0007954307
0.0010544872
0.001090447
0.0011345141
0.0013019142
0.0006807808
0.0006001513
0.00066245394
0.0009121511
0.0012839282
0.0014443073
0.0012418432
0.0010348139
0.0011210812
0.0039800243
0.004374126
0.0048874486
0.0035433008
0.002444035
0.0021915594
0.0028547808
0.0019273047
0.0020219404
0.0020370148
0.0020491004
0.0011942636
0.0008059861
0.0011952769
0.0011862295
0.001600611
0.001269049
0.0016555777
0.0009991806
0.0011612191
0.0011331805
0.0010408784
0.0013685348
0.0007217045
0.0011355637
0.00088846905
0.00072416896
0.0009774131
0.0009419953
0.0010366846
0.001234616
0.0011252422
0.001035598
0.0007732336
0.0008793714
0.00084361614
0.0010025447
0.00095576904
0.00097431464
0.0008462405
0.0010206959
0.0009329201
0.00096775574
0.0007580159
0.0012258856
0.0009690489
0.00083704863
0.0008817044
0.00095621473
0.00092852075
0.0010018523
0.0010351065
0.0008706559
0.0009805457
0.0008513122
0.00077981333
0.0008653377
0.00081974437
0.0009365169
0.0008913371
0.0011272511
0.0009754597
0.0010131215
0.0010872763
0.0009532607
0.0011977955
0.0010012492
0.0010513471
0.00130732
0.0008986982
0.0012928405
0.0013727951
0.0011514326
0.0010083317
0.0008778189
0.0008629323
0.0009454172
0.0013587143
0.0010459371
0.0010380846
0.0010507399
0.0008466936
0.00086873234
0.0012271205
0.0012630213
0.0010245716
0.0015666127
0.001569501
0.0010192005
0.00084302376
0.0012751064
0.0009271853
0.0011069421
0.0010715508
0.0011026134
0.001092543
0.0011162056
0.0010442657
0.0012687292
0.001249084
0.001010637
0.0010156271
0.0008729767
0.0009419167
0.00089074933
0.0011549114
0.0010419046
0.000833468
0.000949532
0.0012056681
0.0007786719
0.0015069307
0.00094883196
0.0010233946
0.0010959024
0.00093827787
0.001016973
0.001231738
0.0007662045
0.0009830202
0.00081917463
0.00072169426
0.00084640307
0.000695355
0.00076290534
0.00091994705
0.0012377423
0.0008312322
0.0009205303
0.0011778066
0.0011175899
0.0010462613
0.001073418
0.0011607803
0.00089512614
0.0015456742
0.0008910125
0.0013483813
0.0008706451
0.0012663605
0.0012862427
0.0010649022
0.0009772981
0.0010242295
0.0005246304
0.0008333929
0.0006115119
0.0009617207
0.001220564
0.0011655249
0.0010705512
0.0008512378
0.00097037957
0.0008436094
0.0010494386
0.0014617506
0.0012801917
0.0011117226
0.0010118284
0.00077704556
0.001163791
0.0012280018
0.0010179947
0.0009350875
0.0012846057
0.0010869665
0.0011768107
0.0015049545
0.0011133804
0.000959772
0.0011932988
0.0010265963
0.0010110085
0.0013797213
0.0008816245
0.0009863154
0.0012656883
0.000671178
0.0010604827
0.0008399503
0.0008084487
0.0011816102
0.0009985594
0.0011933068
0.001084283
0.0010097888
0.0008014288
0.00088861777
0.0010252926
0.00079531805
0.0009985011
0.0010322167
0.0014026113
0.000964011
0.00090223
0.0009425838
0.0011929608
0.0009490378
0.000866328
0.0009965262
0.00083791185
0.0010098125
0.00069650845
0.0012263723
0.0013224302
0.0011045757
0.0009195262
0.00091701077
0.0012557085
0.0010439509
0.0011144466
0.0010695984
0.0009712843
0.0010777144
0.00089789415
0.00079032953
0.0007342631
0.0011782045
0.0011042012
0.00087519875
0.0006870818
0.0009848592
0.001050922
0.0009889925
0.0009799824
0.0010899609
0.00095215195
0.0006835603
0.0009063177
0.0007359824
0.00077057444
0.0008355769
0.0005841325
0.0011104294
0.0009021399
0.00080544956
0.0011523446
0.00094313314
0.0010916011
0.00066528074
0.00091541524
0.0009014841
0.0010448243
0.0010195217
0.001195794
0.0008621824
0.001086202
0.0013187481
0.0010539066
0.0009890575
0.0012318677
0.0008008004
0.0009986397
0.0010211118
0.000978394
0.0010539279
0.00085985835
0.001133972
0.0007642036
0.00122996
0.000946424
0.0009223911
0.00099206
0.0009492258
0.0010178027
0.0010931367
0.0010909492
0.0010501916
0.0008544186
0.0008930504
0.0013423539
0.0010542957
0.00089048705
0.0009772249
0.00085207593
0.0010730932
0.0010902489
0.0009003221
0.0009913582
0.0008022139
0.0009217125
0.0009923424
0.0009577752
0.0013424959
0.0012203896
0.0011144549
0.0010075092
0.0010066928
0.0012540355
0.001204601
0.0015521648
0.0012185161
0.0011581576
0.0011901734
0.0009939927
0.0012396484
0.0011196521
0.00094394456
0.0010255137
0.001362443
0.0013670882
0.001266562
0.0012744312
0.00089615444
0.00064935046
0.0011110151
0.001227552
0.0013342982
0.001217374
0.0015786334
0.00075032504
0.000937603
0.00096209644
0.0013796279
0.0011979083
0.0010847008
0.0012961747
0.0014372465
0.0019808647
0.0010979169
0.0011611389
0.0010807003
0.0011304475
0.00065564556
0.0009871196
0.0008900424
0.00084972195
0.0009519157
0.0010894648
0.0008930232
0.0023210635
0.0008976709
0.0007692721
0.00094559125
0.0006501612
0.0013314061
0.0008072596
0.0012238931
0.0010434624
0.00073832995
0.0009913064
0.0009841615
0.0010264652
0.00093878695
0.0014247367
0.0012736626
0.0009888144
0.0008685038
0.0009871464
0.0010085308
0.0010535241
0.0009558285
0.00092166406
0.0011156655
0.0009583746
0.0011665974
0.0010421523
0.00089668547
0.0012482308
0.0012252338
0.0012704032
0.000938795
0.00098237
0.0010289529
0.0012441385
0.0010648939
0.0011387786
0.0010713427
0.0014043188
0.0012535355
0.00094005937
0.0012655209
0.0013241813
0.0034940355
0.029437585
0.0065875407
0.0013267078
0.001198973
0.000857955
0.00086516904
0.0009256856
0.000979954
0.001467162
0.0018162304
0.00090631435
0.0014440799
0.0009886577
0.0010010173
0.0010395603
0.002057467
0.0012203439
0.0013616349
0.0009887419
0.001215664
0.0014450777
0.0012277642
0.0009303143
0.0010642348
0.0009296141
0.00077880424
0.0015813614
0.0019207118
0.0008773566
0.00082595134
0.0009875223
0.0009645092
0.0009321029
0.0011613513
0.0010954033
0.00093410956
0.0011785605
0.0011838875
0.0006554797
0.00113503
0.0008666754
0.0013678394
0.00092155556
0.0013576532
0.000982176
0.00117345
0.0013200783
0.001080578
0.0013166437
0.0009056734
0.0009356337
0.0011197234
0.0008261894
0.0010027355
0.0008354446
0.0015748978
0.000536094
0.0010994073
0.0007939039
0.0007527701
0.0007377207
0.0007022574
0.0012544183
0.0008288595
0.000950888
0.0009722164
0.0006193966
0.0008888584
0.00084627274
0.0010157296
0.0010941369
0.0014076923
0.0010198533
0.0010736987
0.0011662632
0.0007925706
0.0010671265
0.0011769943
0.0010222788
0.00095100567
0.0013012638
0.0009687639
0.0010000835
0.0009880725
0.0007798647
0.0013632575
0.0011736373
0.0011707542
0.0011557328
0.0012028851
0.00130553
0.0008259538
0.0006532267
0.0008855928
0.00080020394
0.0008357888
0.0010440915
0.00093298696
0.00089026045
0.0008642078
0.00092424883
0.00092116866
0.0012991928
0.0011428249
0.0011266471
0.0013707702
0.00093759305
0.0007568139
0.00085066614
0.0007552365
0.0010113249
0.00068960123
0.00082976726
0.013102066
0.017967075
0.0013392773
0.00085476664
0.0009228522
0.0015635343
0.000982727
0.0011446241
0.0007535888
0.0008336235
0.0013459352
0.0007116454
0.0010214067
0.0009745971
0.0008772101
0.00095346296
0.0007006259
0.0011266542
0.0013930609
0.0011141155
0.00094562303
0.001015213
0.0011328348
0.0009865584
0.00084540783
0.0011661802
0.00088854245
0.0014845652
0.0015368967
0.005361824
0.0018538769
0.0013158831
0.0014559703
0.0016424137
0.0019081623
0.0016371678
0.0015478702
0.0008810177
0.0011480784
0.0012506208
0.0013532107
0.0010349128
0.00091326726
0.0009892693
0.0013033203
0.0011948093
0.0011126708
0.0009432416
0.00091892
0.0010705928
0.0008614175
0.00088124885
0.0009821879
0.002122169
0.0011128248
0.0009835302
0.001139254
0.0007177253
0.00084726536
0.0009200951
0.0011017263
0.0015483537
0.0012913073
0.0008929265
0.0008782382
0.001045406
0.00064989226
0.00087536953
0.0010371001
0.0008408209
0.00092413905
0.001231443
0.00058506057
0.0011729869
0.00092894613
0.00093171396
0.0009399842
0.0011461561
0.0016470095
0.0009043695
0.001091101
0.00086440885
0.0007657979
0.0010450968
0.00070517045
0.0007887248
0.0011098472
0.0008813109
0.0008174459
0.0008257905
0.0015671629
0.0011912216
0.0012305946
0.0010743351
0.00081869925
0.0010507023
0.0010800234
0.0009819494
0.001076587
0.00089479086
0.0010381702
0.0013223031
0.00094769325
0.0013880546
0.00089903054
0.0009967071
0.00088942354
0.0008781013
0.00081822317
0.0011693881
0.00090958434
0.0009111603
0.00094416906
0.0010715513
0.00090774574
0.0009970288
0.0008155285
0.0009024673
0.000831901
0.001069387
0.0010826607
0.0011247469
0.000773185
0.0009440033
0.0008383339
0.000761456
0.0009337024
0.0008035349
0.001565919
0.0010168918
0.000852438
0.0008953604
0.0023794598
0.00096581166
0.0008384444
0.0008414023
0.0010517198
0.0008183044
0.0011111993
0.0009908126
0.0006831643
0.0010036833
0.0008847136
0.00089683756
0.0012798327
0.0010474296
0.0010730671
0.001134055
0.0011432032
0.000810688
0.0009359488
0.000886819
0.0010090542
0.0014066375
0.0012499528
0.0012212151
0.00084315176
0.000835794
0.0007319949
0.0007838958
0.00084144814
0.0006735979
0.00075528095
0.0010618564
0.00093118526
0.0011852076
0.0009987052
0.0010067251
0.001089466
0.0013727066
0.0010808619
0.0008926443
0.0009284267
0.0010763765
0.0009814058
0.00087128975
0.0010936733
0.0012224423
0.002189862
0.0013569491
0.001084179
0.0021504709
0.00090920215
0.0010074622
0.00060615863
0.0009857446
0.0012245243
0.0011332956
0.0009120497
0.001179049
0.0036500092
0.0012862468
0.00068928854
0.00096526876
0.0010383183
0.001998316
0.00074906676
0.0016186024
0.0008564888
0.0012870943
0.00086797844
0.0010047869
0.0011563858
0.0009450389
0.0032939164
0.00104171
0.0008379381
0.0010149423
0.001242888
0.0012689942
0.00090627134
0.0006749005
0.00097261823
0.0009597845
0.0011573578
0.001067628
0.0010421664
0.0007062852
0.0011043673
0.0008875751
0.00092306704
0.0012754225
0.0010690911
0.0013458334
0.00092888216
0.0007284965
0.0010242654
0.0008957713
0.0013373587
0.0015861773
0.0011882915
0.0009636035
0.0013220775
0.0012976717
0.0010667981
0.0013336962
0.0013937494
0.0011261344
0.0012409497
0.0012546908
0.001147548
0.001307482
0.0010302955
0.0008654105
0.0011851257
0.0011275811
0.0010790306
0.0010828942
0.0009814953
0.0006398599
0.00091600156
0.0008302436
0.0010059817
0.00090711104
0.0010039447
0.00092090515
0.0011431344
0.0011589082
0.0011129163
0.0013628736
0.0010775266
0.00078404497
0.0009494182
0.00094384403
0.00085006445
0.0010484463
0.0010032968
0.0010343535
0.0008620219
0.00081757363
0.0012021543
0.0010225909
0.001166046
0.0013360451
0.0009523834
0.0011160707
0.0010256317
0.00066439493
0.0009040493
0.001061109
0.0010402694
0.0011348287
0.0009418273
0.0010216875
0.0010219828
0.0005319652
0.00073738775
0.0010012534
0.00077670027
0.00083952956
0.0007982965
0.0008352918
0.0009749776
0.00096628745
0.00083600194
0.0009961525
0.00086134963
0.00083145517
0.00077001064
0.0007228426
0.000731983
0.0007743502
0.0010086577
0.000976865
0.0007451226
0.0010921028
0.0009411551
0.00085352093
0.0010119413
0.00088391826
0.0007756818
0.00079955114
0.00087651476
0.0009052962
0.00070923194
0.0011708726
0.0007019572
0.0010072864
0.00093126297
0.0010131793
0.0007402705
0.00073741295
0.0006534804
0.0008189687
0.00075450126
0.00070122926
0.0009803458
0.0009556565
0.00090132013
0.0009689152
0.00078244985
0.0009972714
0.000998127
0.0009649911
0.0009020631
0.00066270295
0.00085055776
0.0009024372
0.0010438464
0.0007538004
0.00088197243
0.0011507709
0.0007559782
0.001003024
0.0013469162
0.0009998446
0.0010035121
0.0014998241
0.0018009902
0.0010831006
0.00096085976
0.0012546727
0.07923976
0.0873436
0.052420396
0.037453443
0.10481906
0.10929422
0.1256988
0.14697999
0.1501458
0.04764451
0.013570371
0.010627687
0.012351148
0.09514438
0.08760899
0.09053188
0.09415548
0.051337074
0.051811077
0.07576232
0.070973404
0.0455576
0.05131494
0.11204171
0.10034334
0.06860193
0.069777675
0.06792728
0.03920991
0.04379403
0.01579542
0.07309593
0.14260797
0.1376667
0.098573364
0.038368396
0.07629122
0.077464685
0.056727782
0.010235689
0.026190804
0.06266298
0.082662866
0.083586544
0.068420336
0.07136229
0.053120453
0.029293178
0.030704783
0.04488243
0.08074503
0.08027301
0.037754405
0.06587153
0.07887271
0.05186635
0.040941514
0.057688214
0.060263496
0.05009077
0.035698082
0.029637557
0.013825787
0.022534177
0.025923682
0.044389542
0.045857724
0.04699137
0.043873165
0.035412077
0.03549806
0.04517691
0.052195415
0.04317121
0.028938089
0.002630061
0.0011443018
0.0011952923
0.0010610417
0.014909399
0.008184772
0.03043341
0.023787973
0.0734315
0.0883475
0.07442328
0.04781381
0.044964947
0.04055759
0.031083118
0.0060000615
0.004185982
0.001786304
0.015084055
0.017322019
0.002414778
0.003969865
0.002761787
0.005142593
0.0068480624
0.006152006
0.0062124724
0.004165669
0.011563832
0.0020451015
0.0014050455
0.05845426
0.083185315
0.10282287
0.0974759
0.11421234
0.1793465
0.19089599
0.2256841
0.19924507
0.12591046
0.040311042
0.00496886
0.01870263
0.056473654
0.16962409
0.20292552
0.18241039
0.13251829
0.056772236
0.057593904
0.08126082
0.060294524
0.07539335
0.06894989
0.012951319
0.05298207
0.071884826
0.02364643
0.00348664
0.010737855
0.013292094
0.0115855895
0.0070580305
0.0057685333
0.0109412735
0.012246285
0.09914626
0.13042839
0.10182926
0.07212492
0.13872878
0.10948117
0.085280664
0.008912937
0.044561993
0.09683428
0.12719409
0.12129413
0.097655766
0.067855865
0.07215142
0.07443283
0.05016904
0.012258831
0.08093088
0.093765154
0.10365206
0.098318875
0.09976021
0.08524655
0.08377828
0.02905613
0.03297115
0.029227974
0.05374792
0.07247292
0.06907578
0.04629543
0.036308732
0.08680328
0.07827626
0.0059955576
0.016728565
0.0057451557
0.075508974
0.0763546
0.05882916
0.0552627
0.037177917
0.006636942
0.008095478
0.005343508
0.056108102
0.06826908
0.05238972
0.04356564
0.038508706
0.004522548
0.0029581767
0.018785864
0.06890882
0.046939377
0.011271582
0.010209358
0.059483886
0.04778737
0.042099603
0.061006337
0.06252719
0.04317052
0.041059684
0.03132716
0.041389827
0.047748286
0.01571675
0.018874459
0.021217808
0.018700033
0.021950422
0.021489812
0.027499257
0.031050766
0.021121321
0.0124175325
0.004075064
0.0013222736
0.006460224
0.0011637216
0.0009475918
0.0013328207
0.0009804182
0.0011569
0.001290668
0.0013076704
0.0017688929
0.0013660552
0.0015930473
0.0011015378
0.0013060756
0.0012066365
0.0011427876
0.0011193851
0.0010542115
0.0074406518
0.0009913456
0.0011070601
0.0015668285
0.007980095
0.0028824192
0.0014438838
0.002142711
0.0016105815
0.001995768
0.0020447553
0.004333394
0.0026162337
0.001099073
0.011569826
0.09924553
0.07086222
0.082167305
0.1257286
0.14173006
0.15989551
0.13504736
0.028477825
0.007332611
0.015297613
0.055053033
0.16716412
0.19048524
0.17864187
0.13076186
0.058150124
0.054237086
0.07950857
0.06928594
0.030147702
0.09295037
0.09227999
0.06817944
0.044136845
0.084013686
0.07485054
0.055239286
0.016252443
0.00351735
0.028558629
0.051953103
0.045995332
0.044477563
0.038954355
0.022588143
0.039361592
0.043706376
0.049520787
0.047883555
0.038400542
0.028289549
0.028198298
0.030582177
0.034320544
0.03778136
0.031709418
0.045712586
0.06337937
0.05353901
0.004452085
0.0026333071
0.00094652874
0.010389039
0.011129361
0.013221999
0.02467377
0.072354145
0.092548415
0.07874835
0.09684972
0.15475406
0.15472054
0.118598804
0.029670965
0.0061480436
0.018053165
0.018244822
0.12082234
0.11382897
0.101950236
0.04931373
0.054344554
0.04260519
0.03284012
0.020782707
0.04360993
0.051421553
0.03251018
0.025030108
0.09437613
0.093268104
0.05900022
0.06006189
0.060940363
0.094061166
0.074666545
0.0074432637
0.0369332
0.06325016
0.092253715
0.11532784
0.11100151
0.03802178
0.050273456
0.04857764
0.04457975
0.033540346
0.03646192
0.060472794
0.063659325
0.06337368
0.05855974
0.07932704
0.06654622
0.033146307
0.02339147
0.027899083
0.0492613
0.062023997
0.041874517
0.04404982
0.04640678
0.008034723
0.020817049
0.006646909
0.0046106535
0.089009896
0.09384381
0.061894275
0.04942282
0.01632551
0.0024109068
0.012835049
0.0097273225
0.056668974
0.05370999
0.05026256
0.053720564
0.042812128
0.0039057932
0.02315509
0.028670007
0.062256835
0.07057083
0.054696593
0.015257653
0.0077352137
0.049845215
0.03164964
0.028385125
0.03550998
0.038953174
0.040771715
0.036459845
0.028574329
0.0048304405
0.041246247
0.048548076
0.02628118
0.022055028
0.018429136
0.015491008
0.016574716
0.01185728
0.02444067
0.025195656
0.02254074
0.0036718547
0.0026852551
0.0032704456
0.0011972882
0.0013094787
0.008741845
0.004274463
0.0015698111
0.0015234534
0.0014507424
0.0015795262
0.001636648
0.0014706176
0.0013850424
0.001162803
0.0011125277
0.0012504822
0.0013168892
0.0017249949
0.0012443096
0.001723325
0.0013773395
0.0009935633
0.0012601316
0.00086975994
0.0045819907
0.004069524
0.0012752212
0.0014515845
0.0011043568
0.00084353425
0.0007421909
0.00091372384
0.0011131185
0.0038219392
0.010649778
0.011213072
0.0010890252
0.0070791836
0.011369668
0.010465807
0.014681532
0.0072447318
0.010042559
0.010487259
0.012291264
0.009394319
0.017646642
0.029939428
0.051087707
0.042983953
0.028109478
0.029422078
0.026769504
0.017062878
0.019597134
0.00910876
0.0025557817
0.0012021374
0.0013632184
0.0012485473
0.002015624
0.016563164
0.07412171
0.07131907
0.03922185
0.03267966
0.052680463
0.05328368
0.057514463
0.07734691
0.08788926
0.029863372
0.010062304
0.011862338
0.009683131
0.0073949336
0.08849706
0.08006466
0.07311206
0.07568863
0.04098402
0.043290325
0.045610603
0.05459349
0.036640104
0.05687207
0.061938375
0.042628545
0.046598792
0.056726776
0.034925293
0.014757032
0.04632213
0.07382979
0.08567034
0.06381776
0.03306177
0.039274942
0.05809312
0.04514505
0.0073149693
0.0071931276
0.03204386
0.046809144
0.048671503
0.05134213
0.05313414
0.048559364
0.035537545
0.019635748
0.02855501
0.023540486
0.019870799
0.034940224
0.04216056
0.051263813
0.05399378
0.04583367
0.037637
0.013316351
0.040420555
0.060314093
0.024405472
0.0059495983
0.0020082216
0.0012628017
0.01005536
0.013511074
0.008283808
0.011655422
0.0051296013
0.04605585
0.09062541
0.07869574
0.075210154
0.06583396
0.06427802
0.03642465
0.015041377
0.0019664837
0.004742291
0.01484307
0.00799401
0.0032775877
0.0023480188
0.0027380725
0.0010480168
0.00078386924
0.0011245868
0.000901453
0.0012384331
0.0028419746
0.0012885086
0.002903138
0.019362472
0.023170391
0.058306944
0.081358604
0.082316175
0.05621999
0.08540785
0.08291542
0.020181628
0.0033532623
0.03589012
0.026802616
0.020785624
0.10355504
0.12274329
0.10208923
0.06993561
0.031106208
0.009794251
0.013766891
0.0013032485
0.006565422
0.004789433
0.03540089
0.04697261
0.044899646
0.02838614
0.01765695
0.004303105
0.0012268514
0.0035065317
0.0011172344
0.013273577
0.002077203
0.0010071681
0.00088862417
0.0009149863
0.000890138
0.00085993495
0.0013396665
0.001399058
0.0018365004
0.001246082
0.0009957113
0.00085039774
0.000772653
0.0009544306
0.0009440846
0.0016111924
0.0009848563
0.0010959088
0.000916927
0.00097343547
0.0007899099
0.00085642276
0.00073450105
0.00084245024
0.0011068705
0.0012988411
0.00096774317
0.0010583752
0.0007675923
0.00085941586
0.00091425545
0.00085387
0.00094659405
0.0011635901
0.0010834166
0.00091847894
0.0012857895
0.0013717954
0.0011540927
0.0011295938
0.001118994
0.0014677574
0.0010667008
0.0007734362
0.001581241
0.0009565863
0.0007061006
0.0008396127
0.0008054136
0.0014752765
0.0011292053
0.0010992324
0.0020248059
0.0010936131
0.00088882406
0.0014851702
0.0015100822
0.0013022276
0.0015091203
0.0008936813
0.0009997791
0.0012034513
0.00071280444
0.015392565
0.003235094
0.0010196678
0.0014701762
0.00091866363
0.0010206344
0.0010652948
0.0010227662
0.0009711522
0.001049949
0.0007890074
0.0011042231
0.0010845346
0.0010999986
0.001027547
0.00081196806
0.000722001
0.00067107676
0.00083541306
0.0010227716
0.0010727998
0.000919818
0.0008265033
0.0009681489
0.0009833624
0.000770188
0.0009548631
0.001095729
0.0013093051
0.0040601287
0.0010697534
0.001356039
0.006367731
0.0016774894
0.001198172
0.0008054785
0.0011510573
0.0023429887
0.0013677847
0.0011832467
0.0020197202
0.0011787199
0.00070186635
0.0008380874
0.0008916948
0.004610091
0.0016622519
0.00073205517
0.0008984183
0.0013254723
0.00094004546
0.0009325526
0.0009850498
0.0009391529
0.0006673466
0.00069451774
0.00090087776
0.0012268503
0.0008696021
0.001991044
0.0012858257
0.006510115
0.0029402012
0.0013614708
0.0016002805
0.0017888166
0.0016080707
0.001628667
0.002538301
0.0019221
0.0018739349
0.0018271254
0.002041928
0.0014796846
0.0011006038
0.0021435441
0.0008171515
0.0007980928
0.00820204
0.095376246
0.08228309
0.03574477
0.02137387
0.015538223
0.0013742141
0.005074697
0.0015773681
0.0048780106
0.007533657
0.0064881872
0.016215282
0.016036138
0.020463161
0.08851707
0.0966403
0.081235334
0.11157047
0.13626316
0.13319594
0.1672237
0.13885999
0.021557322
0.017571542
0.014711739
0.092210546
0.15876351
0.16376469
0.14133789
0.06586579
0.06945656
0.09337366
0.06878777
0.07251291
0.07958164
0.07892959
0.07141392
0.10320287
0.08369835
0.011964951
0.057043046
0.10541543
0.089784354
0.07292187
0.045577902
0.05645184
0.057082616
0.039056867
0.02387965
0.0525015
0.06187069
0.064278126
0.057563283
0.06386448
0.05879267
0.05895964
0.06631065
0.0632201
0.049249645
0.07765569
0.0783288
0.073447116
0.05498021
0.11789692
0.10668953
0.09716597
0.09029062
0.10753685
0.16372052
0.1406987
0.107436076
0.029938085
0.022683255
0.05645322
0.06259008
0.050581764
0.05501587
0.05651973
0.06731721
0.060197808
0.022517521
0.014755092
0.014700887
0.012273623
0.0031696938
0.0024180824
0.00088830036
0.0015731925
0.008289929
0.0019117814
0.0008642555
0.0007427286
0.0009049419
0.0009692969
0.0012761725
0.0008828858
0.0010194484
0.0010892593
0.00068750937
0.0010295052
0.0006789343
0.0009513496
0.00090620475
0.0010365172
0.0013821791
0.0021250348
0.0008398544
0.0010356113
0.00096184335
0.0011423725
0.0013361949
0.0009034478
0.0009864313
0.0009310975
0.0008930503
0.0012280182
0.000713719
0.00078717817
0.0046179933
0.011061669
0.06421238
0.0687003
0.0895871
0.077407576
0.030336987
0.08669935
0.10592014
0.14600882
0.16108663
0.032601405
0.041208066
0.0064953826
0.11683429
0.0513428
0.092299975
0.038829837
0.011153281
0.067486435
0.10032237
0.09614711
0.035676774
0.009072602
0.0071941214
0.019291757
0.08902208
0.08845977
0.038903
0.0058384817
0.004069696
0.0037924184
0.002980391
0.011687103
0.010561097
0.010845484
0.0062524965
0.0037198863
0.0025063287
0.0010969571
0.00051593623
0.0005454146
0.0009815253
0.00087505404
0.0009527002
0.0012150266
0.0010954045
0.0018758834
0.00090716046
0.0012020115
0.0008012409
0.00090754323
0.0011355436
0.009136138
0.002000303
0.0009671548
0.0009470696
0.000937443
0.0009610696
0.001365377
0.0012399957
0.027381
0.03943063
0.13411893
0.18974453
0.16470797
0.048211705
0.007877269
0.1264234
0.14579687
0.081033014
0.067790225
0.10174963
0.12765802
0.09421946
0.019417204
0.028833063
0.040456112
0.023711145
0.10278212
0.10197117
0.05507013
0.05518745
0.080612354
0.088729106
0.0696497
0.05983635
0.044751696
0.004388846
0.012593752
0.013809645
0.002081434
0.0013680261
0.0010936351
0.0010540464
0.0011178227
0.0012622195
0.0008789875
0.0014534604
0.0012266438
0.0012635047
0.0014917036
0.00082632917
0.0011944216
0.0013478457
0.0016055258
0.0010287944
0.000889072
0.00065205415
0.0030924194
0.00083041965
0.00095795793
0.0074177356
0.0010437699
0.0009497731
0.000988168
0.0068136184
0.0012781107
0.0007574786
0.0012418422
0.0009108018
0.0011901062
0.0010715178
0.0010916083
0.001038234
0.0027609
0.120838545
0.20013057
0.20731062
0.022805752
0.010636149
0.20491466
0.17895764
0.09751136
0.098436445
0.1626535
0.17181307
0.19631284
0.101822905
0.08831113
0.1021561
0.12722987
0.09469719
0.056597084
0.13245295
0.047398403
0.012798826
0.007224446
0.06909473
0.0750597
0.06735274
0.08062687
0.07733919
0.052447204
0.044856664
0.046943337
0.047616195
0.036053997
0.02291076
0.037498236
0.033685684
0.009752736
0.0074897073
0.0037638554
0.0012271663
0.013788808
0.004235105
0.0023841085
0.0028830671
0.0009887199
0.0011346693
0.0008619979
0.0010744577
0.0009833568
0.00084057497
0.0007526406
0.0009332222
0.00088436337
0.0008239161
0.0010107344
0.0012498494
0.00093089463
0.0012049066
0.0011252926
0.00071644527
0.0013811368
0.001035349
0.0008963655
0.0010173097
0.0010252927
0.0011303024
0.0012905636
0.00097065716
0.0010262701
0.0012153628
0.00103595
0.0025732284
0.0009854543
0.0008748432
0.0008211144
0.00087095523
0.0009925187
0.00089893775
0.0008314686
0.0009936339
0.00080969697
0.0007481455
0.0007998545
0.0008404881
0.0025755095
0.0073945196
0.0026592298
0.0014595891
0.00090721867
0.0010233646
0.00084587553
0.0009750297
0.00092978915
0.0008489685
0.0005852108
0.0011147886
0.0008220901
0.0010333051
0.00075903995
0.00082044234
0.0005836458
0.0007504449
0.00076078094
0.00089690374
0.00088369334
0.0010572742
0.0006731906
0.0008596515
0.0007565879
0.0007487577
0.00094108307
0.0007803674
0.000992316
0.00094950735
0.00087460387
0.0007179611
0.0011710258
0.0009771192
0.0008824915
0.0010162881
0.0010738226
0.00096055574
0.0013096591
0.00078341324
0.00063524424
0.000771902
0.0007085901
0.0008071849
0.0008206845
0.0010180555
0.0007738328
0.0009772064
0.0009571258
0.00080865616
0.00080820755
0.0007226849
0.0006616063
0.00077330624
0.00077747635
0.0010108645
0.00073173764
0.0009440556
0.00091898686
0.00084760174
0.0010150505
0.0011240783
0.001092087
0.0012251099
0.0010068379
0.00095885264
0.0010339861
0.0006571742
0.0008550997
0.0009297791
0.00089073105
0.00079290435
0.0008857424
0.0009293898
0.00061563397
0.0007248503
0.0008651289
0.0013874511
0.0012794993
0.0014591872
0.0011340779
0.0008369024
0.0009044427
0.0007904496
0.0009214495
0.0011612996
0.0011022413
0.0012869436
0.0011567565
0.00092091993
0.0007185977
0.0009940588
0.0005633143
0.0005130329
0.0010362666
0.0011285065
0.0010673905
0.0009892805
0.001035683
0.0011721565
0.0014061
0.00084059726
0.00089765363
0.00080523005
0.0010590313
0.001223661
0.00090721704
0.0007283764
0.0010571643
0.000695366
0.000892899
0.0010904593
0.0012213271
0.0012663791
0.00076287676
0.0008073419
0.0007551451
0.00095249
0.0009582857
0.0008032514
0.0010002446
0.0011619043
0.0011596255
0.0008064542
0.0010685567
0.0009074617
0.0009908371
0.0010329512
0.0010192044
0.0010279311
0.0009979715
0.0010017417
0.0009611694
0.00078296755
0.00094286306
0.00087260886
0.00094615796
0.0014366513
0.001001978
0.0009783707
0.0012652533
0.00084402284
0.00084743934
0.0010513688
0.00079429155
0.0011433946
0.00076792575
0.00092796946
0.0011059573
0.0009841361
0.00076680246
0.0008484194
0.0010230704
0.0010149768
0.0012589956
0.0011074187
0.0009736476
0.0111604985
0.003100658
0.0017811459
0.0022248388
0.0025051925
0.0036294528
0.0030166432
0.008710009
0.00794208
0.0021831521
0.087053336
0.12436027
0.10203911
0.12440184
0.16253182
0.14770952
0.13327032
0.07029074
0.012001728
0.012167881
0.021115582
0.13251156
0.18215407
0.14393078
0.1415464
0.113599166
0.067231186
0.06714022
0.09728609
0.059577048
0.065380774
0.088334456
0.07771353
0.08254944
0.07120482
0.009164531
0.08378174
0.08982405
0.081964046
0.10726027
0.12897624
0.09208919
0.058880053
0.030543562
0.039414153
0.048009854
0.04507605
0.0366726
0.030856406
0.008718471
0.011777033
0.028070979
0.02607238
0.028856555
0.04339708
0.061138842
0.082947165
0.08160919
0.063431405
0.06799045
0.04706714
0.026014965
0.0078142295
0.0020843395
0.0032308921
0.003797231
0.003208725
0.0025235242
0.003383008
0.0044297148
0.0009838706
0.09455155
0.18759057
0.1052513
0.106723115
0.14739881
0.14807399
0.1632469
0.09612344
0.007068943
0.014324185
0.1356757
0.21725714
0.19156492
0.080507115
0.08007633
0.09635395
0.11173815
0.07289183
0.09793905
0.096091576
0.124342576
0.14850037
0.08907934
0.017513292
0.10634099
0.16083078
0.15727863
0.11379473
0.08282804
0.16769484
0.16961625
0.072795875
0.011885734
0.07907803
0.081300706
0.104021095
0.087495774
0.055349223
0.06359486
0.05482296
0.043555442
0.049507935
0.05593965
0.03793169
0.065224566
0.08076837
0.08498452
0.0671968
0.041615397
0.044566832
0.018660037
0.004629753
0.0019196216
0.0024663135
0.000828868
0.0008767264
0.00073456793
0.0008251122
0.0011446635
0.00082453387
0.0008224122
0.0007387169
0.0008476916
0.00082460325
0.0010031069
0.0009791707
0.0006621779
0.0011170339
0.0008473282
0.0010005822
0.00092740613
0.0010171714
0.00089108787
0.00090533006
0.0011318952
0.00085049495
0.00090782886
0.00087043876
0.00068439177
0.0009160766
0.0010817512
0.0010569198
0.0012283981
0.001039445
0.0009695306
0.0017529988
0.00067795475
0.0054056086
0.0012913415
0.013359034
0.10338457
0.0920011
0.06011848
0.04816842
0.09862695
0.15393054
0.17082113
0.15481691
0.12647551
0.1007245
0.12914394
0.17410447
0.11105862
0.11760338
0.09242285
0.080302075
0.01647413
0.0055825138
0.0019509621
0.009896777
0.008078121
0.04106438
0.030716319
0.029853253
0.020596754
0.0075044655
0.0016613037
0.003436817
0.00845127
0.013556144
0.0146451015
0.007595314
0.0029966438
0.0011011843
0.00085529854
0.0007340488
0.00076319335
0.0010828795
0.0007606374
0.0008410449
0.0007932657
0.0008060124
0.0010722296
0.0017796357
0.0013683554
0.0013770369
0.001148113
0.0015530224
0.0010551028
0.011222816
0.06911793
0.13239068
0.16741611
0.13964319
0.032042798
0.004356048
0.1495648
0.117947064
0.065112606
0.12473275
0.13041481
0.1079134
0.06945364
0.1087615
0.10275196
0.07204418
0.035979275
0.107647575
0.13195734
0.020841222
0.047738746
0.10559849
0.054042634
0.05225013
0.03522994
0.04768451
0.048362467
0.020055935
0.062241312
0.061326187
0.034752462
0.017582951
0.006401889
0.0014948497
0.008233692
0.0036264027
0.0018159669
0.0009880123
0.0007695342
0.0011010625
0.001060937
0.0008889125
0.00090956315
0.0010471287
0.0009137261
0.0007055315
0.0008652247
0.0009767037
0.0009534465
0.00094040507
0.0011310702
0.0009311105
0.0009998635
0.0010210414
0.0012005484
0.000769168
0.0011695214
0.004916863
0.0014252424
0.0010479618
0.0011527978
0.0009798552
0.0011551668
0.0010705927
0.0011413352
0.0010545163
0.0008733618
0.0011742773
0.0008117717
0.001047258
0.0009306417
0.0009195682
0.0008355839
0.00091782183
0.0013279233
0.0011176969
0.00083495385
0.0009556524
0.00093027164
0.0019254612
0.0022437011
0.0027152451
0.0034740274
0.0033602745
0.0036663827
0.004149682
0.0023187294
0.0024001729
0.0023209744
0.0015747807
0.0015074888
0.0014415925
0.0022298824
0.001669076
0.0010972472
0.001771472
0.0017928102
0.0013699797
0.0020831756
0.0021958945
0.0011803844
0.0015201116
0.0014556942
0.004130327
0.0026683365
0.0014782905
0.0017196628
0.001387753
0.0011897044
0.0014210332
0.0011784263
0.0009319582
0.0010216007
0.0013091732
0.0014640408
0.001456651
0.00094829325
0.0010601341
0.0010983312
0.0009840701
0.00094810454
0.0008769277
0.0008215522
0.00078485964
0.0007176158
0.0009830456
0.0009861976
0.0009692608
0.00079818716
0.0013048876
0.0011942406
0.0008619004
0.0012718419
0.0010523255
0.0011215956
0.0014972654
0.0065662186
0.0015255144
0.001527439
0.0018262691
0.002221104
0.0032190827
0.0020995615
0.0028701955
0.0021998705
0.012282518
0.084173456
0.08852329
0.09644389
0.12830588
0.15562466
0.16705158
0.12295003
0.09404797
0.010727739
0.010384642
0.015263989
0.07182051
0.15757143
0.17094333
0.18756025
0.1680384
0.05439935
0.07210998
0.0958014
0.11342988
0.056694195
0.03127339
0.11541677
0.10958309
0.075776316
0.043066632
0.09297542
0.10114593
0.101940535
0.06967748
0.032099184
0.014312276
0.011980838
0.028557558
0.018800052
0.022802979
0.007943573
0.0014559483
0.001211441
0.0010725885
0.0011048306
0.0012913342
0.0050509656
0.014450908
0.013508336
0.016349314
0.0013291048
0.0018103658
0.0074586277
0.005511393
0.054229636
0.05076894
0.0574431
0.101283856
0.17682286
0.25870675
0.16028884
0.02257553
0.0059249084
0.016267851
0.016752873
0.13821802
0.14700054
0.12757725
0.056157142
0.056714777
0.07364099
0.069111235
0.064001784
0.067294665
0.057124883
0.08536557
0.0850377
0.015845636
0.018291866
0.058852196
0.089554094
0.09634705
0.073558256
0.039174322
0.050908905
0.05018767
0.036951177
0.026440758
0.025045311
0.055921376
0.07582384
0.07808952
0.07120137
0.055663962
0.06559138
0.060608797
0.05397459
0.032170843
0.03289321
0.023327125
0.034589395
0.039716017
0.04046485
0.037924707
0.032441273
0.027194293
0.020039901
0.01903355
0.008193274
0.0017997755
0.0012405984
0.0009663618
0.0010197895
0.0008081215
0.0010931802
0.0008586014
0.00071678247
0.0009738508
0.001820295
0.07847472
0.09302267
0.056660704
0.054679908
0.11355771
0.1275772
0.082399845
0.08481083
0.068163596
0.14907263
0.110643774
0.09391761
0.06561458
0.039907407
0.0086383885
0.002836373
0.0013979705
0.0113124475
0.016123734
0.051109623
0.0492224
0.039165232
0.019113243
0.010608186
0.004982515
0.010343466
0.012184932
0.008283903
0.0062526134
0.002059816
0.0011396629
0.00076729705
0.0010475976
0.0010498802
0.0011618634
0.0012206702
0.0010036571
0.0026096632
0.0009445708
0.0023146442
0.0012218932
0.008265532
0.13863409
0.16398628
0.07759869
0.010332389
0.10725092
0.17356427
0.035407607
0.00814828
0.0139343375
0.08617635
0.093698986
0.108784646
0.052641988
0.06330128
0.10943751
0.12272372
0.11932054
0.10456736
0.061488815
0.08405366
0.09944265
0.079595186
0.06918941
0.053512633
0.09780837
0.06894528
0.015001525
0.033542525
0.05464107
0.0423815
0.040234555
0.03159967
0.0319563
0.047436234
0.038884085
0.033893105
0.051089738
0.047557063
0.019487323
0.007883904
0.005331142
0.0011585795
0.0063648378
0.0014809656
0.0010460985
0.0007653281
0.0007455219
0.00068336964
0.0009795509
0.0008865958
0.0011121699
0.0057757585
0.004436203
0.005290934
0.0014134292
0.0016614775
0.0017161474
0.0020787946
0.0018986389
0.0021479172
0.0026501208
0.0023930187
0.002914814
0.001796603
0.0031356178
0.0010727651
0.0011559703
0.032812037
0.08606452
0.089418694
0.15312566
0.15104952
0.14935525
0.13816637
0.046233375
0.006060663
0.027185861
0.08296825
0.19021957
0.1472578
0.13748032
0.069423884
0.07387449
0.10374577
0.055812076
0.08372092
0.08724237
0.105540484
0.118087366
0.054944966
0.018872406
0.10924783
0.14219327
0.13966887
0.078418925
0.051214308
0.08624738
0.06656369
0.028526487
0.00991646
0.05910619
0.062272772
0.06814452
0.06893723
0.07601807
0.065330006
0.063444786
0.031804193
0.04454613
0.030691952
0.064014964
0.06526307
0.072137065
0.07179771
0.049181428
0.04001618
0.021334143
0.07076451
0.08103345
0.07300697
0.08075042
0.093472086
0.059315544
0.048972026
0.12675166
0.14317234
0.10441534
0.10987209
0.06517555
0.016509894
0.005745847
0.0024699925
0.00919471
0.029334942
0.039147515
0.045080356
0.029765824
0.009249427
0.0026538717
0.004393175
0.009510301
0.010587491
0.008109502
0.0051980857
0.0019013463
0.0012456601
0.0011047021
0.0010871198
0.00073073077
0.0010318229
0.0010854002
0.0009903372
0.0008071332
0.0009837165
0.0006782518
0.00079073897
0.0007589293
0.018977512
0.045011364
0.14300714
0.11367124
0.10648803
0.03756291
0.004802837
0.12697135
0.11649562
0.020688618
0.007942194
0.009306499
0.094250984
0.085229546
0.091865554
0.10627296
0.031008447
0.07517888
0.092084646
0.077597365
0.10930236
0.088200256
0.059803747
0.0446545
0.06063114
0.06784781
0.039577793
0.07567978
0.09819864
0.04702868
0.028520694
0.06856334
0.057828374
0.04656577
0.027879015
0.048523147
0.04916659
0.034514368
0.04232061
0.056063913
0.045036167
0.030463504
0.015067009
0.0026783098
0.0011369509
0.010340651
0.0016634304
0.0011113981
0.001209601
0.0011327582
0.0011356478
0.0016410128
0.0015969431
0.0017116744
0.0016758578
0.0013667635
0.001513192
0.001981967
0.0013202268
0.0010670975
0.065965466
0.050004218
0.015112695
0.005713367
0.008802193
0.076521926
0.08043125
0.08069641
0.019393414
0.0062048896
0.040698476
0.05734853
0.05250196
0.059229832
0.07644593
0.069021344
0.036903594
0.026293827
0.013868192
0.026975287
0.026710436
0.025721375
0.019515188
0.0028984407
0.034622606
0.0539289
0.016551841
0.0053859297
0.010690343
0.04900283
0.061150886
0.054389443
0.036811348
0.02763866
0.02709261
0.031795505
0.033886403
0.028472433
0.02317736
0.024456106
0.019974025
0.01903235
0.019253988
0.009616909
0.01132659
0.0035579957
0.0038667372
0.0019204275
0.0015513415
0.0095576225
0.013682586
0.033711806
0.031809762
0.032581676
0.026424263
0.02856462
0.03264886
0.0107233245
0.011551388
0.004516483
0.02085301
0.023320448
0.023435662
0.021050002
0.019359482
0.021495853
0.026181344
0.020815812
0.012329374
0.015430885
0.023025092
0.019017313
0.0019754989
0.0011524925
0.00096159114
0.0010736962
0.0011824914
0.002115146
0.0010892081
0.0009965323
0.0009509114
0.001119879
0.0010616662
0.001197302
0.0012299658
0.0010798894
0.0012550235
0.0013697786
0.002774239
0.0009478208
0.0010128319
0.0009834445
0.0012289329
0.0098959
0.0017351577
0.0035556548
0.0015611231
0.004464354
0.011240613
0.0027087475
0.002552665
0.0012563758
0.0013538251
0.0015076427
0.0021599028
0.0027186382
0.0026195808
0.002376946
0.0028098125
0.0030734057
0.0018757991
0.0016789224
0.0016494825
0.0044974987
0.0011299854
0.016497267
0.07322832
0.09160239
0.16021891
0.16277027
0.17666289
0.052974876
0.006725381
0.0138495695
0.14989221
0.25047815
0.17948888
0.089329004
0.08160938
0.055268075
0.084232695
0.11018163
0.09923007
0.017275292
0.038935784
0.098351486
0.10184353
0.09944798
0.04571946
0.052434705
0.05119268
0.041963723
0.006759802
0.06410737
0.06045471
0.057634998
0.06739064
0.06319326
0.06554177
0.06546446
0.03893198
0.024892496
0.027830146
0.017226372
0.042893067
0.047557093
0.04222069
0.039740335
0.03302595
0.020292765
0.018786771
0.016652524
0.006004731
0.001412713
0.000885105
0.0008628541
0.00067888846
0.0010677632
0.0008737886
0.0011727811
0.00093810726
0.0009230411
0.0009838006
0.00073506543
0.00080001476
0.0021119018
0.0010028313
0.001303726
0.0011068288
0.09154482
0.09519614
0.0629428
0.1463545
0.15705168
0.08717238
0.06047126
0.1270808
0.09572639
0.106042
0.083017826
0.035929203
0.0069235563
0.0027935675
0.0148707405
0.044189773
0.046861626
0.039269134
0.053892422
0.0067198975
0.0020880897
0.004294602
0.012153405
0.01686086
0.013398763
0.010167826
0.003592633
0.0012082589
0.0011671198
0.0010643223
0.00094765855
0.0011106214
0.0016943782
0.0062248446
0.001259098
0.0012989464
0.00093713193
0.0010784592
0.0012703631
0.0011336792
0.0021263123
0.0014500839
0.0011851735
0.0010752304
0.0011596684
0.0008375457
0.0007012756
0.0010927608
0.0012803429
0.00095469056
0.0013509617
0.00077781314
0.0007009546
0.00089721143
0.000819727
0.00094897946
0.0011731831
0.002306994
0.0010403575
0.0012513833
0.0011710952
0.00084618386
0.0010240778
0.0015540682
0.0012762799
0.0013499125
0.0011562656
0.0008247124
0.0010751722
0.00096498756
0.0010764253
0.001437472
0.0012917746
0.0013829388
0.0011564293
0.001151338
0.0011982638
0.0010607777
0.0010481958
0.0014706659
0.0017175447
0.0014570849
0.0010686978
0.0009799983
0.0010824407
0.0009660607
0.001480036
0.0010195716
0.0011037755
0.0009356997
0.0010452431
0.0011384579
0.0011251626
0.0009255773
0.0007130003
0.00086803857
0.0009375192
0.000899098
0.00183702
0.0022130723
0.0018521126
0.0010215491
0.0010526067
0.0009239166
0.0012701921
0.0011778168
0.0015920362
0.0017944082
0.0021663064
0.0011429127
0.00077159493
0.0011011669
0.0011054248
0.0011542282
0.0014492107
0.0017500303
0.0026878791
0.0040134303
0.0015317581
0.0015110248
0.002576044
0.0013695052
0.0011422302
0.0012596115
0.0015857209
0.0012100411
0.002029143
0.0018246936
0.0014815528
0.0022882803
0.0015249022
0.0016961469
0.0013499901
0.0012195811
0.0018810007
0.0024104079
0.0011572642
0.0012739549
0.0010132357
0.0005940198
0.0014595316
0.0011824297
0.0014156493
0.0011045925
0.001398102
0.001316011
0.0013009734
0.0008759858
0.0019481163
0.0013059973
0.0017442253
0.0940247
0.08723694
0.08989246
0.13015091
0.16759405
0.1736039
0.16587354
0.08761125
0.011870746
0.023172
0.0699022
0.20196831
0.25670296
0.19857453
0.07379739
0.09467871
0.108232565
0.047885418
0.083781965
0.101672836
0.11270908
0.10961932
0.05673032
0.010553807
0.09218119
0.131624
0.1204736
0.07950865
0.061507273
0.07050958
0.05121921
0.022007262
0.058587246
0.07983429
0.074800104
0.0917111
0.08908653
0.104274794
0.10237036
0.04611631
0.04840933
0.025871886
0.15957348
0.09895602
0.093864605
0.08821468
0.07538218
0.012885048
0.020987503
0.070824996
0.04998138
0.035474464
0.007420515
0.021600775
0.064151876
0.06911841
0.05372427
0.0533481
0.056756306
0.08519547
0.055855688
0.049958147
0.08440649
0.1329723
0.09940937
0.10809645
0.093837745
0.017568905
0.0048643355
0.0042944006
0.0103138955
0.034278445
0.04377351
0.04579626
0.032482784
0.019228032
0.0051227654
0.0033371125
0.00399222
0.004058612
0.004582085
0.0033998063
0.0021359758
0.0013959573
0.0007822161
0.0007064877
0.00094455265
0.0011387165
0.0012948764
0.0008668606
0.0009798172
0.001529551
0.0013585147
0.0011107246
0.00080874475
0.0008635031
0.0006709722
0.000890725
0.0010774598
0.0016287739
0.001082967
0.0010106754
0.0008412082
0.0017470703
0.001504445
0.000975491
0.0012603375
0.0017326603
0.0008450541
0.0009594926
0.0013361332
0.00086731534
0.0009817136
0.0011867576
0.00082188984
0.0009613943
0.0009294193
0.0007249502
0.006161784
0.0013429156
0.004227953
0.0019154954
0.0022781661
0.0111865355
0.00218725
0.0036152045
0.0018501442
0.0014126357
0.0015715414
0.0014968436
0.0014656915
0.0013775615
0.0015136608
0.0016684274
0.0012449767
0.0017129818
0.0011577072
0.0010630573
0.001448553
0.0015575934
0.0011196553
0.08180814
0.10579512
0.117191136
0.15036598
0.17123385
0.14187495
0.12780297
0.026697882
0.007980709
0.013011513
0.030515172
0.10248152
0.14770952
0.15980549
0.13357784
0.062094726
0.060231164
0.100085564
0.048825916
0.06692732
0.07874143
0.085735105
0.09846999
0.08468953
0.040516533
0.022257905
0.102857426
0.12608089
0.1024552
0.0749224
0.05369372
0.0663214
0.050354388
0.034955237
0.013478541
0.061612993
0.08529115
0.06981709
0.058926024
0.060995642
0.05398033
0.073725104
0.097392544
0.07703836
0.024639634
0.100012556
0.16703065
0.124579564
0.086768225
0.102223285
0.016574955
0.016867429
0.0712335
0.07597244
0.02385803
0.0056088828
0.021321625
0.06837003
0.091137744
0.083596945
0.051993147
0.043032657
0.05689901
0.09190357
0.11537385
0.079301625
0.05889743
0.123363964
0.13418964
0.09854258
0.07413292
0.027546711
0.005222401
0.002391066
0.002307939
0.010130659
0.05099315
0.055906095
0.052347288
0.03426881
0.020534195
0.0070583583
0.006257288
0.0030790027
0.004800558
0.0049397694
0.004049423
0.003887006
0.0021627832
0.0011496658
0.0009360923
0.0008819424
0.00090126536
0.0008465482
0.0011546558
0.0009066825
0.0013076206
0.001120349
0.0009959245
0.0014891196
0.0014200509
0.0009745446
0.0011092154
0.0010462581
0.00088399294
0.0010445879
0.001079014
0.0010874906
0.0006252532
0.0010185759
0.0009850161
0.001082454
0.001501704
0.017724445
0.0028071967
0.0018040743
0.0018618546
0.0027841383
0.0009652444
0.0014757761
0.0009821419
0.0018660043
0.0015921486
0.0011859869
0.0015788176
0.0014864233
0.0019481988
0.0029647718
0.0025999837
0.0010846161
0.001335995
0.00097352517
0.0027233416
0.00092534814
0.0008301921
0.0011003689
0.00090479566
0.0008117178
0.0033007134
0.0008097392
0.0016862046
0.0011793519
0.0007696173
0.0013730839
0.0012144828
0.0015735779
0.0010716406
0.0011566697
0.0014265812
0.0013047077
0.00082189916
0.0008230607
0.0008907632
0.0012058455
0.0010320011
0.029247493
0.0022775363
0.002605238
0.0010205758
0.0011294234
0.001175151
0.0010570971
0.002912846
0.0018929777
0.0009638181
0.0017737795
0.0021917846
0.0069553046
0.007079817
0.0015915595
0.0011037001
0.0010766349
0.0011148523
0.005752099
0.00238117
0.0010223587
0.0013096493
0.001582386
0.0011740259
0.0013184366
0.0010494022
0.009383789
0.009670523
0.012201304
0.006807545
0.0010179122
0.0018891175
0.0019212643
0.0009825036
0.001782485
0.0011410109
0.0048358925
0.0021183603
0.0020766533
0.0017996635
0.0011500712
0.0028017033
0.0012986349
0.0031476181
0.0062254253
0.00069609756
0.00096008455
0.003949312
0.0023663754
0.0009302836
0.00088608003
0.000860497
0.0022817098
0.001304166
0.00091369153
0.001116505
0.0007849272
0.0011146155
0.0011711813
0.0012864588
0.00088696694
0.0008534805
0.0030565702
0.0014024451
0.00077267754
0.00072358584
0.0012945678
0.0016339461
0.0008265114
0.00081124506
0.0006673491
0.0010487984
0.0020067154
0.0012986391
0.0010410348
0.0009339754
0.00093693857
0.0012749066
0.0010632155
0.0008974925
0.0010012644
0.0009089202
0.0008459112
0.000990673
0.0011941096
0.001116797
0.0011013933
0.0008429708
0.0007043222
0.0008942938
0.0011202362
0.0011121036
0.00072748953
0.0008350809
0.0007885597
0.00079615356
0.0008222526
0.00088187115
0.0007416696
0.00090639736
0.0007575528
0.0010210394
0.0010429837
0.0007670666
0.0007770581
0.00085428526
0.00074796064
0.00079206703
0.0011116855
0.0010003959
0.00076319295
0.0010436507
0.0010609851
0.00072843314
0.0010338514
0.0010317314
0.0009482408
0.0008295563
0.0011528289
0.001222266
0.00075471937
0.0011669514
0.0011254032
0.0012634048
0.0010402688
0.0010783002
0.0008988203
0.0008053707
0.0006527557
0.0008900458
0.0009793775
0.0010237742
0.0011634517
0.0011447577
0.0010895977
0.0010339137
0.0006134705
0.000865054
0.00073169963
0.0012214315
0.00091378024
0.00090487767
0.0010385369
0.0012188212
0.00095527834
0.00086072675
0.001129612
0.005537419
0.003645042
0.0029199468
0.00091541203
0.0009274539
0.0010283495
0.004898317
0.004833565
0.0030022054
0.0034217667
0.0011322704
0.0010005704
0.0021050738
0.00090082857
0.0011832771
0.0010060765
0.0008442027
0.0009650347
0.0007507386
0.0012194397
0.00093331287
0.0010505092
0.0011377103
0.00089685206
0.0010349974
0.0009367083
0.000742973
0.00066765683
0.0009631952
0.0008849099
0.0021715164
0.00093808887
0.00094762276
0.000537876
0.0011892165
0.0010368761
0.0007478283
0.0010133003
0.000835667
0.00087575434
0.0010045866
0.0012659961
0.0009827319
0.0012617384
0.0008390463
0.0008551017
0.00077310693
0.00089750637
0.0010589046
0.00094555586
0.0006796643
0.0008183266
0.0009709853
0.00092580565
0.0052915732
0.007828916
0.004245688
0.0021449097
0.0009593446
0.00084508705
0.0009723737
0.00080905645
0.000962681
0.00093872135
0.00094103534
0.001030438
0.0010579253
0.0007088005
0.0013560007
0.0009646887
0.0007542452
0.082561955
0.12079947
0.06746013
0.07393932
0.12795176
0.16079797
0.19023818
0.17232572
0.0656621
0.012867112
0.022070274
0.092712775
0.20071627
0.22572887
0.20970252
0.13759315
0.08236209
0.09981088
0.093031816
0.043562297
0.07099815
0.07153261
0.09297911
0.108889446
0.101332955
0.010378551
0.06108811
0.12169829
0.13462082
0.11822784
0.045191694
0.05851881
0.06519466
0.061243985
0.08188753
0.083561204
0.077502884
0.09385777
0.0961883
0.094232254
0.055940673
0.035567015
0.024890168
0.12070429
0.21759844
0.20772246
0.09846819
0.050586943
0.007998204
0.017189723
0.05251913
0.03711744
0.024927117
0.017577475
0.021131946
0.07707941
0.07332804
0.054662738
0.045151018
0.11901092
0.11284726
0.07033168
0.06097289
0.13457386
0.11659054
0.100969754
0.076215275
0.02227524
0.004029092
0.0028417534
0.020417923
0.041966464
0.05646106
0.050017044
0.029422415
0.017936317
0.006359929
0.006797158
0.009823967
0.0137828225
0.012841778
0.007017273
0.0034360571
0.0018697807
0.0011615845
0.001434631
0.0015753409
0.0011797163
0.00094607513
0.0010429816
0.0008814684
0.0013564853
0.0009006736
0.0009565549
0.00095511344
0.00082291925
0.00091454445
0.0010404693
0.00088195567
0.0014012606
0.0014054357
0.0015516381
0.0013295271
0.0011246913
0.0011452631
0.0011648246
0.0012778712
0.0009892079
0.002871188
0.0013132538
0.0024111215
0.0016204224
0.0009799647
0.009346815
0.0016284336
0.0014706632
0.0017460387
0.0012172434
0.0010925147
0.001353778
0.0013809244
0.0011008469
0.0010676901
0.0010978702
0.000941967
0.001168916
0.0008812391
0.0009459965
0.0021044393
0.115065075
0.098745495
0.07234495
0.0953207
0.12233715
0.13382764
0.14162473
0.130355
0.0135618
0.0053380397
0.01737985
0.099968925
0.22108938
0.21138415
0.23848228
0.12206415
0.07715353
0.11689396
0.09833576
0.033230852
0.097939976
0.09365285
0.08358114
0.124880515
0.10351282
0.041515913
0.007339493
0.10420527
0.1268233
0.111365534
0.06708607
0.053600453
0.066689886
0.07577603
0.043564364
0.024177724
0.08277907
0.08705203
0.070915915
0.05703673
0.06975882
0.11736292
0.13338566
0.077639945
0.034805924
0.025886187
0.1352927
0.13327141
0.07411102
0.055131327
0.02639839
0.016835414
0.041595265
0.04792193
0.025621936
0.01659048
0.014624821
0.06463524
0.08513247
0.094412655
0.053259023
0.064038165
0.097047575
0.099758334
0.050621968
0.11237079
0.1337002
0.11978761
0.10746023
0.07413276
0.010047047
0.0028860362
0.010542509
0.009043176
0.066386335
0.056918945
0.056899488
0.039551996
0.015507007
0.0044431924
0.00578917
0.005353605
0.008678668
0.006902087
0.0042805253
0.0032969757
0.0015733
0.0009173853
0.00090663135
0.0009834555
0.00087882474
0.0007769951
0.00082544907
0.0006428402
0.00079358235
0.0007649143
0.0017614769
0.0011668004
0.0011544818
0.0009621443
0.0008723358
0.0007542322
0.00069419877
0.00069283205
0.0009368811
0.0008755116
0.00093615754
0.00095394993
0.0007911607
0.00076639117
0.0006499811
0.0007405819
0.0010069837
0.00082962203
0.00083799264
0.0009252094
0.0007871334
0.0011817751
0.00076037925
0.0006532959
0.0013548894
0.0012104971
0.0012050106
0.002199702
0.008694866
0.007373549
0.0018031027
0.022114275
0.049712602
0.10451347
0.12721738
0.08137221
0.07871845
0.08675919
0.093000814
0.085283175
0.048266236
0.0069949976
0.013162679
0.015626613
0.009679404
0.00853553
0.043046333
0.0653618
0.080612615
0.07363688
0.06591369
0.050950043
0.039595723
0.029419359
0.022442149
0.011335565
0.021038745
0.02231025
0.059277676
0.052738763
0.04399614
0.036417495
0.011679942
0.0030699945
0.0014031178
0.013427101
0.005105826
0.009212785
0.03661356
0.033191778
0.016105138
0.01145812
0.0062497556
0.0025318486
0.00302862
0.004806062
0.011611295
0.011745198
0.011128465
0.0061313664
0.0025224597
0.0010422306
0.0009464813
0.00088479475
0.0007535743
0.007165409
0.004841076
0.027510151
0.033748426
0.023884472
0.024591316
0.019520232
0.022797912
0.0068226894
0.001447969
0.00121488
0.005996318
0.0077530025
0.010849543
0.008002011
0.0050966893
0.0017912944
0.0011365782
0.0015061707
0.0010158928
0.0009337719
0.00086375175
0.0060049887
0.006903749
0.003588612
0.040505607
0.035566304
0.037227124
0.040945664
0.04011955
0.023510898
0.007571417
0.0061391736
0.0018508552
0.008680023
0.003628901
0.0065664193
0.010074653
0.01024141
0.0039805523
0.0023394967
0.0010456238
0.0012192287
0.0010240817
0.00097620155
0.00093684724
0.0009550309
0.0010975699
0.0007450263
0.0011103456
0.0011058603
0.0013243147
0.0014215717
0.00090855535
0.0012263638
0.0011110712
0.00077770016
0.0010371995
0.001071797
0.0011491328
0.0010683296
0.0012277808
0.006903031
0.03316831
0.058215134
0.06968653
0.038896643
0.019397562
0.008922083
0.00393375
0.0020066923
0.0052631428
0.004980395
0.00378327
0.0024268138
0.0019119547
0.0012652
0.0011733227
0.0009975083
0.0012692419
0.001271375
0.0012325107
0.00095692364
0.001004307
0.0008665838
0.0024336632
0.0009517865
0.0009297398
0.001472251
0.0007377417
0.0007398845
0.0006846532
0.0007425064
0.0009444879
0.0011211447
0.0012743286
0.000887293
0.0011042665
0.0037465456
0.0036689127
0.0031080483
0.0012067996
0.00078619644
0.0012648979
0.0010114487
0.001041577
0.00095846516
0.00080835534
0.0006835008
0.0009123189
0.0008903883
0.00063585537
0.00091880065
0.0011081373
0.00090956804
0.0010350224
0.00088577805
0.000851714
0.0009751408
0.0010083818
0.00093314686
0.0010877148
0.0008412988
0.0012994339
0.0006832433
0.00086643884
0.00083707005
0.00096249173
0.0010194847
0.0010316235
0.000815224
0.0006375345
0.00095817074
0.00074881787
0.0010623216
0.0010435549
0.00075161166
0.0009962368
0.0011789226
0.0010141466
0.001132303
0.0012812923
0.001152113
0.0010394644
0.0009762295
0.0009531214
0.0012317445
0.0012267017
0.0010087895
0.00078530656
0.0007390778
0.0008438709
0.0013368612
0.0010125305
0.0009922211
0.0008195623
0.00092681317
0.0017949288
0.0009950312
0.0012630157
0.0012948865
0.0010451886
0.00096249836
0.0012426939
0.0009572604
0.0010182622
0.0009582136
0.0008596931
0.00091493886
0.00095327647
0.0009490009
0.0008860038
0.0012074071
0.0010289842
0.0013197189
0.0009932936
0.00069152087
0.0008743164
0.00079475745
0.022509351
0.00659028
0.0024444133
0.00080303865
0.0007650107
0.0006821826
0.001962522
0.0010136816
0.0012504056
0.0014808176
0.0013005956
0.00081566913
0.0010629455
0.0010651941
0.006452537
0.0065378468
0.009420973
0.0010254476
0.00075250096
0.0032157295
0.0010570945
0.0009998684
0.010329842
0.0048233476
0.000929169
0.0010685404
0.00093593606
0.0014423291
0.0007714173
0.00068101054
0.0017846519
0.00094452704
0.0006326593
0.0007482414
0.0008148243
0.0008453794
0.00079828844
0.00086724875
0.00077150704
0.0009102083
0.0010599986
0.0009488144
0.001060492
0.0012882178
0.0009077185
0.00074975414
0.0009063548
0.00070115156
0.0009332824
0.0019341214
0.0009181365
0.0014896607
0.0009081058
0.0011896489
0.00084381306
0.0008636002
0.0036500685
0.0016933067
0.004839123
0.0010515209
0.026943762
0.0027207395
0.0013985711
0.0014060022
0.0012552593
0.0012353641
0.0022427537
0.0011626253
0.00066172506
0.10602346
0.13922213
0.09241302
0.116819024
0.13857415
0.13622898
0.14604238
0.110713005
0.014777903
0.014949675
0.056811407
0.18772028
0.23019817
0.21358216
0.098786056
0.06362632
0.07554635
0.09903432
0.045668814
0.038167026
0.10601932
0.11048465
0.08144146
0.11830349
0.10209612
0.017600708
0.040003747
0.112860136
0.11073909
0.10198281
0.05564048
0.04363797
0.0783895
0.066088624
0.013791056
0.065159716
0.074340746
0.06613843
0.068490416
0.08934582
0.10758588
0.069259375
0.03205532
0.015948845
0.05268089
0.19283919
0.12846534
0.06978472
0.031381764
0.017364994
0.025997685
0.06301328
0.049426522
0.031031521
0.023918109
0.05651053
0.115865946
0.10637422
0.10175038
0.056045394
0.12235497
0.102415524
0.072915055
0.05496363
0.15454146
0.11101149
0.13176899
0.0385205
0.008245356
0.002287394
0.011753447
0.045000363
0.055453986
0.04838303
0.034213986
0.015010123
0.0080001475
0.0055488218
0.0033297495
0.0125009995
0.011521874
0.008432159
0.005451998
0.0016640796
0.00090757426
0.0008086623
0.001103256
0.0007816535
0.0007552419
0.00076507765
0.001287205
0.0011769228
0.0014617068
0.000944801
0.0009310986
0.0009879326
0.0018452577
0.0011207946
0.0012498035
0.001549453
0.0010581732
0.00088885234
0.017545968
0.0809827
0.19048397
0.21433587
0.14518529
0.018159814
0.008355822
0.21872984
0.16471829
0.018236227
0.015746998
0.10959272
0.14134292
0.13252366
0.08040365
0.06586503
0.10847578
0.101323016
0.096129194
0.06316972
0.0924371
0.09696091
0.060968924
0.042512983
0.0942002
0.10097893
0.023966692
0.014562637
0.09437847
0.09765675
0.06366726
0.04022065
0.03465759
0.055309538
0.064198904
0.035608537
0.058802
0.059135593
0.032116577
0.007419456
0.0030734707
0.053209826
0.06279019
0.06594532
0.049844645
0.04781757
0.030001272
0.01909597
0.056033496
0.04857348
0.040285707
0.032009948
0.019799137
0.011597432
0.0071611
0.0036847817
0.0027501127
0.0019898715
0.0020328471
0.0011914372
0.0016119439
0.0015195404
0.001464658
0.001351631
0.0014125002
0.0011004257
0.0011336608
0.0013641737
0.0009343937
0.0010089867
0.00087173627
0.0012451174
0.0016583891
0.0013437786
0.0009011714
0.0010038269
0.001011124
0.0010450144
0.0006902918
0.00092199945
0.00072811416
0.0008819684
0.00086382346
0.0009805612
0.00093111244
0.0010939427
0.0007947009
0.0010230753
0.001277726
0.0007350464
0.0010461853
0.0012135141
0.0009518948
0.0012201872
0.0009365617
0.0012495804
0.004329637
0.002461789
0.0074466188
0.0043870048
0.106470436
0.090495095
0.07500015
0.076469235
0.0706451
0.051113985
0.013640766
0.002854626
0.070795275
0.04666008
0.035325136
0.021031953
0.016940687
0.0032351885
0.0013237444
0.0011786633
0.0009991473
0.010762351
0.055182308
0.014743547
0.0035561738
0.001698556
0.025460443
0.045823216
0.10103125
0.10296811
0.069546536
0.010592303
0.0040581217
0.08561799
0.082333535
0.032430846
0.023004714
0.027149266
0.035657525
0.06342491
0.06314325
0.057943527
0.011813171
0.017271768
0.09377319
0.05988766
0.061876412
0.0843391
0.06905844
0.042463943
0.0070713963
0.014386787
0.060751613
0.01690584
0.011113447
0.052982915
0.08333306
0.06729901
0.053915404
0.043078814
0.03371943
0.029232532
0.026271438
0.031645186
0.026308354
0.02773998
0.028888276
0.018341297
0.001929322
0.0018195903
0.0019603851
0.0029610181
0.0013720113
0.0010983724
0.0013093321
0.00129821
0.0018450158
0.0012716416
0.0015590283
0.001226235
0.0013346863
0.001261929
0.0010453202
0.0008417329
0.0011503834
0.0008760422
0.0009309186
0.0010542384
0.0017026447
0.0027504074
0.00090990827
0.0010129275
0.10430827
0.15127842
0.0998842
0.012056625
0.018874604
0.1411812
0.04403141
0.014420556
0.011592564
0.009103158
0.17205547
0.18899041
0.12831672
0.13097674
0.098135866
0.118250355
0.16402014
0.14964893
0.11499097
0.07325923
0.10159701
0.07438242
0.05574548
0.038461972
0.11898888
0.061563488
0.027110891
0.05673241
0.08936791
0.081013024
0.055164427
0.07545586
0.052956685
0.017699456
0.07115747
0.06900404
0.03553678
0.0027380984
0.00887989
0.06605802
0.08873743
0.08498725
0.05209274
0.045988977
0.0345987
0.020223869
0.022831233
0.06298516
0.05286532
0.042415816
0.021725757
0.014465351
0.007603352
0.004500346
0.0030272654
0.0007940111
0.0013541207
0.0010094501
0.0011602073
0.0008290269
0.0014298803
0.0013002851
0.00094945857
0.001264733
0.00087620167
0.0011673248
0.0007323129
0.00079166866
0.0010748904
0.0012173179
0.0011448034
0.001058948
0.00085941586
0.0011103087
0.0012257162
0.0010558782
0.0053967186
0.0009101024
0.0011142049
0.0017711065
0.0023302566
0.0011798805
0.0012367517
0.001966069
0.001165669
0.0012483437
0.00092102983
0.000955424
0.0010876459
0.0015492537
0.0010927846
0.0010677907
0.0009952568
0.038399443
0.0510399
0.22183166
0.22520356
0.13295403
0.068546504
0.01340982
0.015415447
0.1682188
0.046525225
0.012855116
0.013456221
0.124304816
0.13138334
0.13308285
0.06762563
0.11940741
0.14709376
0.14326979
0.1399152
0.062361773
0.10601643
0.09317585
0.044883892
0.08469373
0.1417602
0.0491379
0.015717054
0.079490304
0.11214345
0.085896395
0.071785204
0.051886678
0.07399602
0.08204822
0.031012446
0.04961467
0.081440255
0.073150195
0.040448386
0.0066376063
0.0029397213
0.07449161
0.08593464
0.07832055
0.069112934
0.0486825
0.051247373
0.021780236
0.01816067
0.05892145
0.054887105
0.04129089
0.037323587
0.017325697
0.0074042273
0.0051856795
0.0014487604
0.0008276445
0.0009994444
0.0013416664
0.0010381454
0.0010735042
0.00094910426
0.0014628764
0.0013815168
0.00081460463
0.0008770931
0.00087423273
0.0018290947
0.0011505564
0.0008772178
0.0010976011
0.00084090984
0.0010352919
0.0010371099
0.0009074313
0.00089622923
0.00081702194
0.0011087526
0.0014609452
0.0012632065
0.0008444994
0.00092482794
0.0045077633
0.0010891672
0.0010349068
0.002855612
0.006213696
0.002233949
0.00090417685
0.0010842918
0.00095420424
0.0007665937
0.0011763877
0.0016602444
0.059277706
0.14861691
0.21424615
0.14439233
0.058517117
0.012109959
0.16894314
0.16712718
0.024626857
0.017175222
0.01826143
0.121391915
0.10693282
0.11191219
0.09981236
0.05864393
0.10885368
0.12239262
0.11578697
0.07015568
0.10299965
0.10007387
0.073013686
0.045282476
0.030687561
0.11445239
0.06350733
0.016827587
0.045351647
0.059931625
0.0551594
0.041152325
0.043051377
0.059242032
0.0574903
0.049814593
0.06753207
0.06361614
0.055563085
0.009338003
0.0019396226
0.049600735
0.07614536
0.077490576
0.055368546
0.034851994
0.04152539
0.02414602
0.021490408
0.016931316
0.064853504
0.05218693
0.041840717
0.028539157
0.01612028
0.010034267
0.006109977
0.0030581409
0.0014729092
0.000935532
0.0010740433
0.001167561
0.0010879704
0.0012037287
0.00085443124
0.0008245958
0.0011142471
0.0011429371
0.0012739974
0.0007828488
0.00095856306
0.00084949174
0.00072995014
0.0007733346
0.0008767959
0.001235029
0.0008174219
0.00085341895
0.001175585
0.00089006353
0.00073488575
0.00079480617
0.0012505834
0.0013571999
0.0008826787
0.0010988094
0.0008456837
0.0054621683
0.0012288041
0.0011359742
0.0034216642
0.0013205364
0.0012336232
0.004409086
0.0016537427
0.0012225767
0.0009143371
0.0012216284
0.0011754261
0.001342682
0.0016718013
0.0013030594
0.0015334216
0.0011631487
0.0013924793
0.0008272419
0.0042406176
0.0009823517
0.0330715
0.11872816
0.091380544
0.1350232
0.1457516
0.15895945
0.15014648
0.047417186
0.011541287
0.017702445
0.1417789
0.21821997
0.21616897
0.12693714
0.078652814
0.07229686
0.12855126
0.09584177
0.048203792
0.076416776
0.07949104
0.11430113
0.14661457
0.10996988
0.013165077
0.033409424
0.12533633
0.1636175
0.118781485
0.063313514
0.048538506
0.089075625
0.04954089
0.0201481
0.065177634
0.080574736
0.07415148
0.09717566
0.1060657
0.09294483
0.0839039
0.030319659
0.011406398
0.0573256
0.25213686
0.14781342
0.093404986
0.067272395
0.014235778
0.031795893
0.0718856
0.05077922
0.030918723
0.023540433
0.0456405
0.085330985
0.090543546
0.065238334
0.058009416
0.10214703
0.08005489
0.057841986
0.14102177
0.13661918
0.09748689
0.05397916
0.017091442
0.0046992097
0.0019440906
0.009172445
0.05975442
0.07260657
0.054910976
0.038498506
0.018979367
0.005806743
0.0019743554
0.0033114883
0.009144671
0.013367093
0.010729273
0.0068342
0.0026209434
0.0013085146
0.0009898681
0.0010875937
0.0010128317
0.0010881157
0.00082495477
0.0008627667
0.00091528543
0.0029511098
0.00094334566
0.0008802664
0.0008926908
0.0011238265
0.0012577268
0.0011971407
0.0010778339
0.00127008
0.0011390741
0.00089289545
0.0013397484
0.0010075407
0.00094924116
0.0009669616
0.0010961286
0.001116688
0.0011227984
0.0008241003
0.0013935495
0.0012513804
0.0012428515
0.0011434368
0.0012057343
0.0010441517
0.00093528413
0.0010149827
0.0014008892
0.0020674374
0.010523872
0.0031424095
0.0011168366
0.0014997531
0.0014660355
0.003525517
0.0034160574
0.0010668269
0.013424096
0.08505992
0.07666901
0.11893658
0.12726256
0.13895327
0.10632978
0.039016973
0.004328196
0.012254305
0.06415489
0.13783218
0.17466715
0.1940492
0.13031268
0.061778955
0.061999116
0.09266487
0.08574724
0.035308324
0.07350387
0.09127462
0.08109118
0.0889452
0.08847094
0.027598986
0.019272706
0.08402311
0.0881691
0.10952716
0.07266608
0.04587369
0.06360576
0.053531624
0.039089102
0.067616
0.06553425
0.0647542
0.07119597
0.09170189
0.08948821
0.04228406
0.02165326
0.0071993256
0.032853447
0.17520274
0.1444176
0.08387256
0.05341061
0.010225308
0.018131882
0.06622594
0.057586998
0.025983466
0.009129185
0.018758098
0.07105665
0.08143461
0.055116557
0.051642515
0.05907723
0.06972335
0.055562645
0.039532356
0.121092446
0.101371475
0.12127541
0.068497814
0.013107938
0.0035885228
0.013417275
0.011858811
0.0558686
0.054950085
0.03956734
0.023700831
0.0057472703
0.0043118163
0.0022631076
0.005539908
0.006456096
0.00471425
0.0043682097
0.002592891
0.0012379941
0.0009522613
0.00075162365
0.0007894998
0.00084732426
0.0006119919
0.0005750826
0.0010292082
0.00095021736
0.00095875823
0.0010168914
0.00096522545
0.0009143969
0.0011852899
0.0008251954
0.0009635153
0.00090993254
0.0068754493
0.0011926675
0.0034962199
0.0023379812
0.001833341
0.0027541753
0.0018349658
0.0021813177
0.002834338
0.0011737061
0.00078646385
0.066236034
0.10164033
0.09334849
0.13882406
0.15579265
0.16922164
0.14408293
0.016876161
0.007501085
0.018001635
0.12796019
0.20080411
0.17918828
0.18992841
0.06064482
0.059019186
0.11690826
0.10156629
0.048969977
0.09825949
0.09825458
0.0679484
0.11508515
0.115649045
0.031714927
0.03492576
0.11513474
0.1200195
0.09843085
0.042442475
0.01948518
0.06315538
0.047608405
0.04541125
0.054462362
0.099015504
0.10629722
0.08673889
0.09504689
0.11801654
0.12182359
0.14829826
0.03741808
0.029948175
0.005214653
0.14895841
0.10958849
0.11595058
0.10986414
0.021849422
0.017225014
0.028724406
0.05619159
0.037696626
0.0061233076
0.025721164
0.0797626
0.10088661
0.10373397
0.049601987
0.09440117
0.09955258
0.063730255
0.13399073
0.116725996
0.09199951
0.077173285
0.010348562
0.0055095395
0.002960773
0.010999632
0.04902858
0.050374273
0.033998866
0.023307241
0.014469715
0.0050437446
0.0010096598
0.0036058915
0.012060479
0.020678116
0.016667292
0.008010144
0.0024723418
0.0009474799
0.0011352608
0.0009660333
0.0008675619
0.00072024175
0.0010412293
0.0009839387
0.000934135
0.0010659462
0.0011399154
0.0032429178
0.0012197265
0.0011500721
0.0048742252
0.028808326
0.21044053
0.22881946
0.18421678
0.02704125
0.0068655103
0.14704582
0.09535908
0.014614558
0.009265309
0.10768985
0.12428872
0.09818866
0.068454266
0.079652295
0.104048565
0.111170344
0.10703511
0.06085058
0.05269342
0.075884335
0.08441061
0.109563746
0.09164372
0.035647504
0.10179769
0.073758416
0.052347433
0.020804837
0.060343184
0.057825826
0.039199095
0.021147478
0.018946432
0.058489542
0.05730311
0.041918226
0.027934706
0.01530837
0.010143473
0.004940797
0.001964368
0.00085330766
0.0012056192
0.0008715772
0.0009601922
0.00085154525
0.0012432648
0.00086795894
0.00093904027
0.0006340752
0.0010151274
0.0009770887
0.00081096136
0.0009527291
0.0009879597
0.0010351663
0.0011440506
0.00094925635
0.0007712811
0.00082650187
0.0012360109
0.0011926654
0.0009268488
0.00097617775
0.001151314
0.0010967491
0.0060082874
0.0014589832
0.0010257554
0.010078546
0.0017620267
0.001693374
0.0022931846
0.0027869649
0.0040809345
0.0023864785
0.0051529794
0.00096104003
0.013910443
0.078964494
0.06543586
0.08498974
0.14058657
0.123985514
0.095331706
0.020052996
0.0055634747
0.0427628
0.083262414
0.15662777
0.1441211
0.10928721
0.058360174
0.061488777
0.10497665
0.08403367
0.037687395
0.09081928
0.081986144
0.079940945
0.09732208
0.051203277
0.01414623
0.074240424
0.12850676
0.12375448
0.1098267
0.05531155
0.06431643
0.06505106
0.03883429
0.036485173
0.056098968
0.057457477
0.072269075
0.0924429
0.09153922
0.06279735
0.028923089
0.009046904
0.031755645
0.16405842
0.15157007
0.10348101
0.058121197
0.008525305
0.0230316
0.04465153
0.031958114
0.005181621
0.022563394
0.050475683
0.08173553
0.07665004
0.05222559
0.055001467
0.07660178
0.09061734
0.051419523
0.04471437
0.10839301
0.11406461
0.11384483
0.084158175
0.020275112
0.0049530547
0.0023871507
0.015789678
0.04410823
0.06980573
0.06694332
0.047349516
0.030911572
0.0072065326
0.005231487
0.004202311
0.008051865
0.009110734
0.011432468
0.0047392086
0.00150404
0.0012293749
0.0012897459
0.0014986142
0.00078973157
0.0008489586
0.0008851083
0.00091149687
0.00086411514
0.001082939
0.001348581
0.0008362897
0.0011621305
0.001287194
0.0012052938
0.000924405
0.0011113394
0.0021483137
0.0008450523
0.001162138
0.0009791243
0.0008969932
0.02562005
0.097104855
0.19341114
0.17392878
0.08827114
0.0126751475
0.19320776
0.15855105
0.108929686
0.17765023
0.18255633
0.1451088
0.03539971
0.017392904
0.015265751
0.023022963
0.026832156
0.028387753
0.0409865
0.025206568
0.023761364
0.024604576
0.023510423
0.017968567
0.0062243496
0.045826722
0.061349917
0.065297596
0.055367637
0.068476245
0.16147266
0.1452632
0.12355896
0.114460714
0.110772364
0.108684726
0.067622855
0.09091551
0.09044036
0.08312907
0.06023767
0.052492343
0.04996797
0.04099153
0.02208605
0.0035294686
0.0018315808
0.0013966456
0.0021718533
0.0010388229
0.0016510324
0.0010563548
0.0009600639
0.0009835389
0.0009035521
0.0011500767
0.00080362073
0.0010285502
0.0009738121
0.000941105
0.0008162406
0.0009465379
0.0010004049
0.0010840475
0.0008626654
0.0009197811
0.0013140443
0.0009941281
0.0010953249
0.001064591
0.0010572295
0.00088325725
0.001154684
0.0010510102
0.0011315448
0.0012611052
0.0011828443
0.0009047947
0.0008255657
0.0010151234
0.0009692741
0.00078860985
0.0010123182
0.0011870428
0.0008664028
0.006269225
0.0010054356
0.0020673005
0.0028402733
0.0011512847
0.0010096271
0.0028477942
0.0012232078
0.0011314992
0.00094658136
0.0011735294
0.024701968
0.07435384
0.1031152
0.17502925
0.099274896
0.013045257
0.12369309
0.176734
0.029057037
0.01147646
0.04028043
0.20029764
0.1913166
0.19076037
0.08616835
0.080224335
0.12806374
0.15839161
0.15835126
0.084176145
0.079471506
0.06461198
0.09285077
0.08947591
0.108129226
0.085433066
0.05603994
0.022501547
0.13763162
0.1464485
0.03533955
0.0069339583
0.054310635
0.08177287
0.06828636
0.040846266
0.02031827
0.01779946
0.07608639
0.06666058
0.042855717
0.02463756
0.01836154
0.012960285
0.0075715687
0.0019368632
0.0015696242
0.0011933566
0.0010963408
0.0011038166
0.0007488275
0.0008729444
0.00086325814
0.0012707443
0.0011187299
0.0013565226
0.0010971437
0.0014209559
0.00093238207
0.0010218272
0.00088585034
0.0010041927
0.0010216365
0.0009260747
0.0009310578
0.0013024361
0.00079933496
0.0009747764
0.0010962739
0.00090062583
0.0007570611
0.0008574006
0.0013062403
0.00095286797
0.0013847555
0.001019034
0.00092918245
0.00092228485
0.0009056015
0.0011113758
0.0007859047
0.0009423095
0.0009413785
0.0011169498
0.0010827743
0.0009797977
0.0006933409
0.0010172501
0.0011166648
0.0013003377
0.0012614197
0.0008704407
0.0011894085
0.0008029914
0.0009652186
0.00099089
0.0009184944
0.0009740267
0.0011344061
0.0013178649
0.0008751833
0.0007765528
0.0009734645
0.000822489
0.0009820341
0.0012293406
0.0008646424
0.000770923
0.00075446675
0.00075514516
0.00094434165
0.00078828377
0.0009945865
0.0009665845
0.00072271004
0.0011533644
0.0011956398
0.00079662516
0.0009891057
0.00082597084
0.0011862152
0.0009120653
0.001276312
0.0009283239
0.0012659426
0.00087688415
0.00077365775
0.00072618923
0.001040974
0.0009686907
0.0011087595
0.00081286987
0.0006346623
0.00095743744
0.00093387126
0.0007984902
0.0037858416
0.001725943
0.00092347106
0.010066842
0.0010983368
0.0011481802
0.0029628389
0.0010912158
0.0020863314
0.0010902518
0.001113477
0.0010984656
0.0009470241
0.0010643592
0.0008587568
0.0010400773
0.0019669144
0.10122595
0.06972791
0.1661273
0.19852574
0.2061384
0.19003713
0.08303834
0.10667069
0.11749699
0.21095616
0.22095253
0.15180717
0.1466856
0.1813105
0.123196915
0.019823605
0.008162099
0.043172
0.20539418
0.2115562
0.18913437
0.11987501
0.07698262
0.15454544
0.1399701
0.13274351
0.09559358
0.03551962
0.027963981
0.031863313
0.022302596
0.06828642
0.09017751
0.08168786
0.0546485
0.033919346
0.028209344
0.013413349
0.007560681
0.0024144554
0.003546605
0.00305142
0.0027632902
0.0026675437
0.0020236862
0.0074092783
0.07543359
0.041765273
0.11530568
0.21144962
0.22203499
0.11773159
0.12060677
0.12165289
0.122094214
0.18980587
0.18266505
0.16740543
0.1867667
0.17524664
0.02015613
0.080388434
0.1217871
0.14808542
0.14005117
0.08852445
0.10221447
0.10903177
0.05885713
0.07759076
0.062286787
0.037247874
0.07006725
0.14173673
0.14643289
0.14679582
0.12436545
0.09090079
0.0120061105
0.006165276
0.015018735
0.0030877476
0.0014183945
0.0027241425
0.0027843965
0.0022201024
0.002390278
0.0016797385
0.0014808498
0.066351414
0.08264384
0.17952392
0.30940685
0.31780243
0.08499638
0.15300496
0.1448203
0.13959081
0.21122946
0.19075423
0.120759554
0.12522359
0.15006387
0.15803784
0.14654043
0.09681408
0.0699156
0.01494029
0.0038286636
0.03205192
0.05485458
0.17886262
0.17274833
0.13604541
0.12486026
0.12861873
0.13043258
0.04281724
0.041623563
0.09286111
0.11444433
0.12911847
0.07257674
0.06965361
0.04544479
0.079135366
0.08315804
0.072917074
0.015561769
0.009555098
0.0028610153
0.0015715774
0.002296237
0.0022353667
0.002103857
0.0018298334
0.0012739532
0.03276862
0.0629801
0.05039707
0.19590776
0.26163068
0.2369318
0.069724284
0.14821753
0.15053394
0.08656958
0.14899012
0.17521544
0.1828939
0.13335395
0.15216613
0.063287415
0.04447863
0.046076983
0.050265253
0.095976606
0.10644215
0.1059832
0.091718934
0.09299181
0.055787127
0.04507119
0.04096131
0.03447312
0.036746427
0.058605872
0.039348092
0.0077065895
0.058355298
0.07559017
0.059361592
0.043156013
0.047454048
0.03594526
0.030951923
0.0043558427
0.049836237
0.09017587
0.10161529
0.058596756
0.053653475
0.034241803
0.027466608
0.020897252
0.066753164
0.093440406
0.06243258
0.047330715
0.0327729
0.020725623
0.023484016
0.002115111
0.016359778
0.0016389218
0.0011708828
0.0010408922
0.00092030736
0.0010239457
0.0008442556
0.0011015084
0.0007369761
0.0011967223
0.0015886812
0.0011776359
0.0010910877
0.0012916451
0.0015702471
0.0012286508
0.0009832332
0.0011526535
0.0015138496
0.00095664157
0.0011955196
0.0012799337
0.0013233533
0.0021052046
0.0014055155
0.00094227
0.0012553968
0.0014911059
0.0066144224
0.0012364265
0.0010315804
0.0008665751
0.00083374645
0.0010710319
0.011647429
0.07965748
0.057465505
0.036309868
0.15962824
0.12768446
0.15441412
0.058710366
0.11133702
0.12373289
0.09664669
0.08435339
0.14391488
0.1383009
0.13988797
0.12558365
0.13450861
0.055752087
0.014091498
0.007104827
0.0052327146
0.11181315
0.12522309
0.084756225
0.056504898
0.06686428
0.060738828
0.057232905
0.008540968
0.013471578
0.0018185959
0.0017502061
0.0008833845
0.0009157415
0.00062702346
0.00079334585
0.00091715134
0.0011459395
0.0009141412
0.0007652565
0.00080273196
0.00072871055
0.0009822764
0.0008559091
0.001143453
0.0009182334
0.0009321259
0.000827353
0.0011692153
0.00082868116
0.00221317
0.0010883579
0.0009020053
0.00085672416
0.00075581035
0.00081997894
0.00094029226
0.0011260806
0.00095348735
0.00093637325
0.0009903765
0.0027831497
0.00083275535
0.0009459025
0.0007657718
0.0009508588
0.0009986976
0.0010254771
0.0009751183
0.0009567676
0.0008629522
0.0007806955
0.0011768693
0.0008556092
0.00092014874
0.002121516
0.06761565
0.0722405
0.06051986
0.15920442
0.13883273
0.14173679
0.039570075
0.06544371
0.114118725
0.09340365
0.089604616
0.13422903
0.12414581
0.1001242
0.08960316
0.07992388
0.034931418
0.010729251
0.0059359344
0.007346824
0.0774429
0.1209473
0.105978325
0.10350904
0.098203756
0.06607502
0.021266079
0.046879426
0.0798786
0.09972278
0.082170375
0.08687218
0.06841918
0.021556117
0.01855916
0.007108901
0.010992463
0.061962564
0.06866339
0.052437507
0.029502338
0.021365948
0.019049287
0.013678692
0.0031498102
0.0014067912
0.0011660466
0.00077651034
0.0007477112
0.00069015136
0.0006711357
0.00079516217
0.0008397294
0.0011575262
0.0010371811
0.00085502834
0.0007822297
0.0010543729
0.0010499154
0.0010926182
0.0011528677
0.0011436084
0.0012218697
0.0012280843
0.00092716614
0.0009080022
0.00078280456
0.00076948374
0.0006188356
0.0011971601
0.0011157612
0.0012222434
0.0011177417
0.0007571261
0.0006320843
0.00076020876
0.00067409343
0.0008112709
0.0009967026
0.0010534835
0.0008980881
0.000911314
0.00084760576
0.0006308322
0.00055237964
0.0010968049
0.0008200371
0.0010014429
0.0009643747
0.000741314
0.00080669
0.00086296356
0.0008040789
0.0011336565
0.00090341805
0.0010427645
0.0012429943
0.00090262626
0.00085753185
0.0009592727
0.0008440442
0.00096609525
0.00071889325
0.0011635058
0.0013472295
0.0010995601
0.0010859298
0.0009620948
0.0007213633
0.0013687649
0.00077857164
0.00081334787
0.0009785384
0.0010075464
0.0010308721
0.00075587706
0.001072136
0.0007648478
0.00091641553
0.0007430827
0.0009801975
0.00091539865
0.0009021652
0.0009564849
0.000832655
0.0010927774
0.00105781
0.0011880193
0.0012451652
0.0010582504
0.0011650602
0.0011298603
0.0010802727
0.0008784144
0.0006339686
0.0010471635
0.0009522235
0.0007585934
0.0008786443
0.00097004033
0.0008234656
0.0011310437
0.0008508098
0.00091948063
0.00069032307
0.0010355009
0.0010372092
0.0008820668
0.0012207032
0.001648415
0.00082298194
0.0008734279
0.001005964
0.0010504564
0.0011859792
0.0008970812
0.00092115934
0.0007327289
0.00087173533
0.0008796943
0.0012431904
0.0009384624
0.00089647825
0.0007330163
0.001014145
0.00095982524
0.0007038957
0.00085234555
0.0006414836
0.0008979205
0.00094241026
0.00074771856
0.0007823204
0.0008468271
0.00092259404
0.0009213681
0.00093342527
0.0035185788
0.0010487675
0.0009404282
0.06990416
0.06523985
0.054794397
0.046141997
0.13780345
0.12976623
0.15586087
0.07042963
0.107908644
0.12099962
0.09995634
0.07614043
0.14286566
0.14137226
0.112044394
0.12027226
0.10081001
0.021585356
0.012943996
0.102006406
0.1084889
0.13164024
0.11176084
0.08905814
0.110910825
0.14994407
0.07287866
0.070354566
0.06162855
0.034699246
0.06432838
0.10418657
0.114223726
0.11872601
0.08323949
0.03353341
0.010376934
0.0044915127
0.0016416901
0.0093982015
0.002578566
0.001431871
0.0009517743
0.0011146942
0.0013652586
0.0011887811
0.0009569567
0.0012462054
0.00080923276
0.0012798191
0.0011132163
0.0010959981
0.0011921973
0.0011585962
0.0012265054
0.00086325564
0.0011695309
0.0011322721
0.0010250658
0.0010756991
0.0010274518
0.0010900372
0.0014668859
0.0013741102
0.000808086
0.0009200644
0.0017956783
0.00092612667
0.0010396037
0.0011985939
0.00090302667
0.00077352684
0.0010190852
0.00091301993
0.00083793316
0.0008673381
0.0009264713
0.0010122253
0.0010982889
0.0015788006
0.00065453345
0.00089743384
0.00058115204
0.0006854465
0.0011358362
0.0008204033
0.0010144843
0.0009854232
0.0008741897
0.00082942535
0.0008673752
0.0008224213
0.0010743241
0.001050586
0.0010349739
0.0006981477
0.00082274387
0.0007278587
0.0007964639
0.00090929854
0.0008276669
0.0009080046
0.00084342324
0.0006597494
0.000577477
0.0009920001
0.0010564594
0.0010196284
0.00089720555
0.00087500043
0.00089776877
0.0009139815
0.0010732472
0.0009532521
0.0007747494
0.0008475309
0.00075350807
0.0010367197
0.00089155626
0.0008351164
0.00076460297
0.00081974466
0.00086817285
0.0009917114
0.00090243743
0.00067094766
0.0009800827
0.0011435024
0.0008654068
0.0010045744
0.0009071832
0.00084789674
0.000991933
0.00084752677
0.0010819443
0.0008478096
0.0008893575
0.00088341703
0.0009478352
0.0009213022
0.00084431993
0.0007266328
0.0011552923
0.00078507606
0.00095415744
0.0011497164
0.00089144445
0.00083847553
0.00086465216
0.0009575531
0.00083726057
0.0006986144
0.00078438106
0.0011548204
0.00093592645
0.001161743
0.003537224
0.005926884
0.055304196
0.060208928
0.04931921
0.13529196
0.16854988
0.18647195
0.089379504
0.107314065
0.15048982
0.122741014
0.11297504
0.14823344
0.16398199
0.171794
0.112494834
0.0888318
0.12462842
0.104867324
0.057475314
0.09773878
0.104719654
0.03940661
0.010849418
0.025477447
0.017173685
0.1194806
0.13411973
0.1214306
0.09747319
0.09793867
0.0792562
0.03613411
0.028759254
0.026262105
0.08647784
0.13189575
0.11932878
0.070057616
0.042030953
0.019652065
0.035841446
0.035113655
0.027206777
0.008482458
0.00896719
0.002710437
0.0017462906
0.0011169689
0.00087846577
0.00086254044
0.0006963691
0.00081593276
0.0007231711
0.0008320979
0.001042766
0.00082257553
0.00093835325
0.0007240298
0.00069911015
0.0010070255
0.0008399925
0.0010044883
0.0012201414
0.0011380289
0.0010566358
0.0011665362
0.0010028017
0.00075885624
0.00076037087
0.00068698084
0.00085891876
0.0009726645
0.00075525825
0.0008573151
0.00067646254
0.0007191166
0.00086069957
0.00073186826
0.0007287314
0.0009928405
0.0008012343
0.0010071731
0.0010279756
0.0006363024
0.00079782534
0.0008812592
0.0007530818
0.00077090773
0.0005918792
0.0007625825
0.0009688873
0.0009844013
0.0011886582
0.0007200286
0.00086366705
0.0010356642
0.00074328715
0.0009078529
0.0010605729
0.0009035985
0.0011659616
0.0008462721
0.0007406732
0.0009329031
0.0006879096
0.0007614134
0.0010142825
0.0009864855
0.0007745129
0.00078771607
0.00079852605
0.00089814735
0.0007394382
0.001011635
0.0008692262
0.00077653845
0.0008809374
0.0008331138
0.0006224918
0.0007374777
0.0010844736
0.0009602805
0.0009110039
0.0010743522
0.001074171
0.00087411725
0.00083064265
0.0005856364
0.0009229109
0.00097470335
0.0012504627
0.0010287238
0.0008925911
0.0010139085
0.0009997719
0.0008373851
0.00070392917
0.000814919
0.0007640582
0.00076687057
0.0008353849
0.00069761334
0.0007101561
0.0007481909
0.0007488376
0.00067623454
0.0011593585
0.0008359891
0.00063822453
0.00084155175
0.0012216548
0.00069477624
0.0007774842
0.0007329301
0.0008428289
0.0007693885
0.00082175905
0.0007749045
0.0009097456
0.00082729163
0.0007218334
0.0007058653
0.000816406
0.00089293235
0.0010165409
0.0009167515
0.0006781486
0.0006487856
0.0009967547
0.0008927796
0.0008067604
0.0009790908
0.00093253027
0.0010123892
0.000696438
0.0012100519
0.0010039846
0.0010916998
0.00094676134
0.00086795015
0.0006437399
0.0011756822
0.0012691421
0.0008261073
0.0011811936
0.0010143411
0.0008707994
0.0008261118
0.0008730389
0.00082247896
0.0010388121
0.0011616583
0.00092972873
0.0011197133
0.00096090266
0.0010279196
0.000998843
0.0009080789
0.0010475192
0.0008973982
0.0012721766
0.0011197375
0.0008459507
0.0007193919
0.0011298397
0.00084298284
0.0010957607
0.0010833752
0.00096132595
0.0011088104
0.0009552026
0.0008173866
0.0008514915
0.0011200128
0.0009828104
0.001274958
0.0011696002
0.0009197093
0.0012802973
0.0010627185
0.0010885138
0.00082608045
0.0008601043
0.0008990253
0.0011453732
0.0010135706
0.00088764797
0.00076552085
0.000721019
0.000865989
0.00088990416
0.00092720805
0.00092798244
0.0014147594
0.0010228057
0.0012239353
0.0008349645
0.000783078
0.0009907928
0.00076393853
0.0010771625
0.0007523732
0.0011092144
0.00092472794
0.00077267166
0.0009071793
0.00068381574
0.00092766085
0.00083052646
0.0009884048
0.00073592114
0.0012920621
0.00213889
0.0056587504
0.09073597
0.09980782
0.060612574
0.20468585
0.23163426
0.1738498
0.06468191
0.12104679
0.16828837
0.1344935
0.18223503
0.18100025
0.17508481
0.15809624
0.13044924
0.148017
0.0856254
0.080309324
0.10535271
0.123292424
0.117932685
0.1149535
0.096491225
0.09048573
0.09609307
0.0859069
0.020637386
0.005872571
0.01525675
0.018252427
0.039754402
0.05752186
0.07960877
0.03476253
0.013076429
0.06066153
0.06726687
0.06727364
0.026426366
0.029356439
0.025092877
0.0024395154
0.0030219913
0.023086125
0.03403441
0.04597593
0.04335691
0.020594943
0.002823615
0.0013140964
0.003497082
0.0026867883
0.0046322197
0.006511755
0.005021167
0.0040500327
0.0029685593
0.01276926
0.09458116
0.121877976
0.046407826
0.23399627
0.36323264
0.31004483
0.20379387
0.08063264
0.24112622
0.23952079
0.13419132
0.1165116
0.0939486
0.22322795
0.22556403
0.18214923
0.12029296
0.17471117
0.18272555
0.089173816
0.09206036
0.11058741
0.12627986
0.15889934
0.15838744
0.06066808
0.071446314
0.07721987
0.03416278
0.033123516
0.026810583
0.006250418
0.001376578
0.006315584
0.11778688
0.11239863
0.059978742
0.048789345
0.032379147
0.032756045
0.0366651
0.030155122
0.028891152
0.06982704
0.0717742
0.04988568
0.033800807
0.029870829
0.015145205
0.011565551
0.027044937
0.04376984
0.015659425
0.01704138
0.0028116878
0.0013422202
0.0014266194
0.0014348566
0.0012006754
0.0013080325
0.00086577627
0.0013001184
0.001070606
0.0009267519
0.00088300335
0.0010084333
0.0013436705
0.0014105322
0.00087145437
0.0007473493
0.00083273306
0.00079787604
0.00097169034
0.0012296288
0.00084410055
0.00095513987
0.0037120662
0.0007745908
0.011498591
0.002015524
0.061049122
0.0864337
0.05425796
0.16817603
0.19703464
0.22258605
0.20136812
0.12387313
0.13202657
0.1517691
0.120933965
0.11876334
0.18698044
0.16698122
0.13591705
0.07805228
0.11936314
0.10920201
0.068223804
0.07685725
0.116178885
0.124334954
0.1034863
0.11061245
0.040103707
0.042767722
0.11613079
0.103841886
0.05101079
0.048369564
0.014793139
0.006308188
0.010460796
0.01453283
0.010926977
0.0026315036
0.0011159106
0.00091625826
0.0012119182
0.0006341275
0.0006993396
0.0007106224
0.0006691198
0.006640647
0.0012381128
0.0012353176
0.0010358604
0.02315519
0.04220713
0.052409016
0.058064092
0.04865437
0.039914597
0.015669497
0.0021441935
0.0035992626
0.004993305
0.006697673
0.0076470324
0.0058673634
0.0042845123
0.0052473117
0.011519554
0.08004679
0.13539863
0.063975476
0.25266856
0.28434736
0.25591168
0.13898356
0.12022856
0.26364446
0.20366006
0.13765259
0.23778675
0.24661547
0.22411501
0.12322318
0.15336442
0.15495564
0.1530825
0.1450391
0.21245156
0.25022247
0.23935434
0.10835521
0.087989576
0.092703536
0.046319384
0.028832925
0.037738018
0.096728705
0.025183985
0.0062134503
0.029247403
0.1032771
0.10232759
0.05598954
0.040441
0.036912747
0.050553948
0.028537922
0.02182759
0.013472581
0.07371904
0.047992967
0.044987496
0.04324631
0.027381726
0.02011332
0.013987446
0.010152951
0.032236528
0.0291684
0.015053306
0.014280132
0.006066689
0.0012235526
0.005033131
0.0013626885
0.0008234013
0.00094938
0.0009050255
0.0010527887
0.0008109515
0.00089738326
0.0012882618
0.0012203384
0.0013843318
0.0013277687
0.0014531838
0.0010959549
0.0012345379
0.0010026823
0.0008838121
0.0009290766
0.039166924
0.07238163
0.06234494
0.05871061
0.2567289
0.20698087
0.24558784
0.13425827
0.11172864
0.15154283
0.12682384
0.18141413
0.18618827
0.17086168
0.13135186
0.12052026
0.13263483
0.09674767
0.08347824
0.09448794
0.12621057
0.13009672
0.112662405
0.06870167
0.13303025
0.12026496
0.073172055
0.061407246
0.04752828
0.005734498
0.005236207
0.009109744
0.022045165
0.0447939
0.012459417
0.019135462
0.02109614
0.030882083
0.01966741
0.02330063
0.040299255
0.035795655
0.025656935
0.10415727
0.11132217
0.10457474
0.055884767
0.084771566
0.121282555
0.08073594
0.07372726
0.118820526
0.12556225
0.1253363
0.09324489
0.09486693
0.06105769
0.06829241
0.08406313
0.08736599
0.08360568
0.0806872
0.022661773
0.033734243
0.018921308
0.06344054
0.053808272
0.00923908
0.022439279
0.045566797
0.044982273
0.004784479
0.0034258754
0.035612106
0.052948534
0.03973666
0.02342603
0.022896476
0.015871711
0.024905043
0.021470318
0.012697904
0.030742954
0.061385334
0.056201074
0.046878755
0.034563467
0.023004664
0.017600117
0.021550473
0.042811345
0.04652479
0.038817346
0.018203352
0.0036730904
0.0030210775
0.0012925157
0.0024489397
0.004564013
0.0076228543
0.005217601
0.0042594294
0.003409191
0.0022475822
0.0019297234
0.05586257
0.06524041
0.03159783
0.16112936
0.17084509
0.19858961
0.1364053
0.091334075
0.11880868
0.089241385
0.07162648
0.12553363
0.13188846
0.12612973
0.05584488
0.13099074
0.13247254
0.083198465
0.10982909
0.1262377
0.11111547
0.10793977
0.044959042
0.03905732
0.032523118
0.008252332
0.030475667
0.043372367
0.0103188725
0.0032995807
0.0609607
0.075359695
0.037552625
0.020736098
0.023672493
0.030740146
0.03355366
0.027296782
0.04164454
0.050910573
0.048987877
0.02906514
0.013986653
0.025366085
0.03788201
0.042798914
0.022867952
0.011460747
0.031819634
0.035123125
0.023391679
0.03344528
0.022715135
0.009482222
0.007948415
0.009680424
0.051667713
0.06574581
0.035791993
0.017479407
0.067580976
0.03469668
0.030119525
0.0043842467
0.014776493
0.009681316
0.062030558
0.05577871
0.038623527
0.0276814
0.0043148925
0.0032150457
0.031296905
0.04135686
0.013311838
0.007602993
0.0038550212
0.014734307
0.032929126
0.03289158
0.005847796
0.0018803466
0.0011246788
0.0015157729
0.001602889
0.0016221894
0.001909357
0.0017514699
0.0023814188
0.00352581
0.002374155
0.0021627778
0.0013161878
0.0018305965
0.0016654112
0.0015270541
0.0018792243
0.0015501393
0.0016327016
0.000999995
0.001476438
0.0010425962
0.0013640833
0.0013567428
0.0011839174
0.0012689084
0.0012331473
0.0011950227
0.0011624021
0.0010627783
0.0012669701
0.0009538509
0.00072080706
0.0009907946
0.00089228747
0.0009392711
0.007080022
0.0057265656
0.0018920868
0.0036369292
0.008175312
0.0020638348
0.032705322
0.046698276
0.26926687
0.12313654
0.14817132
0.112888485
0.13396975
0.08247697
0.06686841
0.03538054
0.04668547
0.028734561
0.0063820705
0.0032422144
0.0014386977
0.0016910561
0.0017141267
0.0016030204
0.0017756177
0.007834897
0.014180923
0.00928369
0.0044315215
0.004502669
0.0052685626
0.0035719418
0.003311745
0.0028278853
0.002975997
0.0023987424
0.0017869541
0.0067003304
0.0015603281
0.0010945392
0.010082911
0.0039617456
0.0015668848
0.0016826004
0.001120151
0.0014731154
0.0013335318
0.0016002557
0.0014836132
0.0017087007
0.001784479
0.001822366
0.0019403008
0.0020093124
0.0017566354
0.0014220043
0.0012373353
0.0015056535
0.0010108944
0.0009334045
0.0012519931
0.0011118265
0.001235502
0.0008149485
0.002615766
0.0009291072
0.0008968657
0.011197487
0.006559499
0.0061512557
0.021736149
0.02348486
0.021625148
0.038687855
0.041086078
0.034974847
0.021621708
0.026367666
0.013619195
0.018176481
0.008839516
0.0070070443
0.002130636
0.0011137094
0.0014091085
0.00095315673
0.0011945245
0.0008681749
0.0011178707
0.011960715
0.016273305
0.019414825
0.014815934
0.006559849
0.004872229
0.0052588675
0.0040969374
0.003169316
0.0037937486
0.0036979422
0.002936626
0.0029147665
0.0024537032
0.0020284306
0.0020343596
0.002056994
0.0021349508
0.001480192
0.0011339606
0.0015079031
0.0014906207
0.0011734872
0.00093734165
0.0010514419
0.0008631943
0.0007481832
0.0010864411
0.0012159995
0.0008719926
0.0010258659
0.0012519863
0.0013795737
0.0016654064
0.0012140544
0.001198878
0.0013730295
0.0014187212
0.0014036277
0.0012477732
0.0011287486
0.0013555251
0.001332088
0.0012210077
0.00096343743
0.0007510595
0.00078759185
0.0007087937
0.00082851993
0.0008752478
0.0009213183
0.0030423924
0.0009890383
0.0009190646
0.0012013695
0.0011081303
0.0008549438
0.0011212304
0.00085120334
0.0009237216
0.00086990645
0.0013211846
0.0016307111
0.00096519495
0.0009083666
0.0010843265
0.0013754512
0.0048034433
0.012749859
0.0076118847
0.0037892552
0.0016182022
0.0010548907
0.001375677
0.0028179795
0.0017078989
0.0009264934
0.00085200823
0.0009487026
0.00097054034
0.000945795
0.0011454176
0.0012314661
0.0013885179
0.0018009125
0.001114153
0.0008745021
0.0014640066
0.0011557866
0.0009126793
0.00092866184
0.0008301052
0.00093983
0.001041634
0.0010518316
0.00077308575
0.00086332834
0.0009607541
0.0017236168
0.010529158
0.0029826763
0.002910358
0.002802819
0.0024239942
0.0019582824
0.0022490541
0.0022158958
0.001759177
0.0015662154
0.0015190333
0.0015656289
0.0018047834
0.0014624072
0.0012282724
0.001003053
0.0012180092
0.00094613334
0.0010491055
0.00094946707
0.00086588884
0.0007936749
0.0004997337
0.0010027792
0.0014091411
0.00090441585
0.0012475824
0.000948769
0.00095002574
0.00090917415
0.001291822
0.0014378644
0.0010091951
0.045659807
0.115011424
0.11252362
0.045762505
0.19641793
0.20428734
0.26076815
0.2104929
0.08644122
0.16100916
0.18877062
0.10875143
0.17060263
0.18260288
0.19324599
0.088123046
0.15876077
0.14609827
0.0946025
0.107166685
0.12779759
0.1263162
0.13135336
0.07421726
0.062108424
0.07304238
0.031478893
0.03147476
0.025151035
0.0048511554
0.0018372653
0.10736105
0.11882121
0.09815091
0.035438623
0.03493292
0.0582948
0.04331991
0.031527847
0.014563694
0.08576903
0.08972446
0.06403895
0.056579493
0.045894433
0.027776778
0.017284494
0.018355248
0.01880797
0.02921678
0.02434006
0.01622849
0.01098502
0.0062810015
0.0011281047
0.0060056522
0.0020055682
0.0018398591
0.0012123691
0.00084615033
0.0011851112
0.001202305
0.00096365996
0.0038430444
0.0019101985
0.0011311712
0.0010846981
0.00087567983
0.0010622792
0.0011287115
0.0011218896
0.0009751655
0.00080487813
0.00083958503
0.0007980373
0.00076254836
0.00094432896
0.000982938
0.0010691276
0.00096228113
0.0010736908
0.0012820965
0.0008780607
0.00092080847
0.0009075832
0.000946139
0.0010379256
0.0008295156
0.00089151564
0.0013090349
0.0023339787
0.0020858317
0.00089232833
0.0008662458
0.0010816056
0.001050933
0.0011205154
0.0008490726
0.00072967197
0.0011061371
0.00081330445
0.0010950039
0.0014249875
0.00081997545
0.0007006959
0.00095102465
0.0011642674
0.00083557924
0.0013713246
0.0008749503
0.00079603656
0.00086778053
0.0008443385
0.0009966458
0.0055027246
0.0016054274
0.008665213
0.001152603
0.001240211
0.0011383132
0.0011621548
0.00087264925
0.0013128738
0.00085308816
0.000992847
0.00092326925
0.001017521
0.0012855481
0.0015807973
0.0011014768
0.0008733251
0.0026205338
0.001424167
0.07004481
0.078619294
0.03764298
0.018034354
0.17616518
0.21478982
0.19629803
0.12643518
0.099273704
0.15720314
0.10664441
0.10645254
0.14701366
0.14503387
0.12112116
0.082355134
0.14157943
0.1424202
0.08868728
0.093042
0.099917874
0.096597664
0.107603244
0.0785059
0.035913736
0.051286176
0.044197146
0.013713371
0.027555851
0.028777279
0.0150984125
0.003800503
0.057559054
0.07690369
0.055985183
0.026534447
0.029323913
0.04327744
0.033579424
0.032871876
0.008794094
0.07046138
0.075686716
0.06860584
0.050464105
0.025195902
0.018676775
0.014176242
0.005822892
0.025226938
0.02597715
0.015398105
0.011503557
0.0118742855
0.0022761924
0.008132525
0.0046235295
0.001012259
0.0010129069
0.0011403859
0.0012572123
0.0014285754
0.00087237416
0.0011187107
0.00075993314
0.00089257036
0.0009970162
0.0009656786
0.000791725
0.0008243519
0.0011807022
0.0008749633
0.0008419055
0.0007375674
0.0006220676
0.000758557
0.0008199085
0.00084978837
0.0006569243
0.0009721512
0.00087608583
0.0011616857
0.0011742786
0.0009619065
0.00089907565
0.0008745165
0.0009960583
0.0010157194
0.001087388
0.0008672684
0.0009767028
0.0009009872
0.0008056954
0.00089256826
0.0012008558
0.0011545159
0.0012736211
0.0006616773
0.0010830029
0.0013174086
0.0007845984
0.00093044864
0.00094078906
0.0037289958
0.007176541
0.0016109198
0.0010423913
0.0010722299
0.0010106277
0.0010516685
0.0010768638
0.00097062904
0.00089160865
0.0009300848
0.0011956323
0.0020742733
0.0013153289
0.0011060522
0.0009471842
0.0009357336
0.00091428024
0.0007645238
0.0010884799
0.0012201738
0.0008342818
0.0010690154
0.0011450372
0.0010756298
0.0012337057
0.00082631997
0.00076555857
0.0009873523
0.000655541
0.0010863838
0.000861122
0.0007054612
0.022940062
0.08048968
0.05710196
0.052501142
0.16881192
0.1721235
0.1230752
0.07867378
0.15198107
0.15846476
0.122788996
0.1012223
0.15900613
0.14051615
0.09299275
0.13272576
0.13434419
0.023465088
0.010232789
0.0063879127
0.09998819
0.15974902
0.16019945
0.120344125
0.11951018
0.06151405
0.09127376
0.1053897
0.09494449
0.050251774
0.049151946
0.021724075
0.0108330315
0.0026192174
0.018276285
0.038607057
0.03928778
0.03575679
0.025050785
0.017458651
0.01273911
0.006848802
0.003322208
0.0010511199
0.0011065545
0.0010744256
0.0008087089
0.001016863
0.0009815079
0.0007338215
0.00079810736
0.000639992
0.0007734486
0.00090797554
0.0009531864
0.0008161121
0.0007748022
0.00082951214
0.00087512936
0.0008432355
0.000873889
0.0009686612
0.0007507122
0.00071387534
0.0011090935
0.00089314656
0.0007990176
0.0008909531
0.0009244032
0.00085013726
0.0014348011
0.0008789629
0.00070785324
0.00085804163
0.0010052494
0.0029521093
0.0050549335
0.02047277
0.06641686
0.039348103
0.04096916
0.13525756
0.13471992
0.08976513
0.05058302
0.1033088
0.06886152
0.07036392
0.11272076
0.102074645
0.110421605
0.111113064
0.018514229
0.0058329664
0.011557324
0.07514938
0.071888916
0.05960803
0.043246612
0.037498314
0.041393332
0.043470543
0.01676408
0.00486006
0.0016755046
0.0011545619
0.0010883238
0.0013577524
0.0013087672
0.0017554142
0.0015149524
0.0012130647
0.0012077893
0.0012735393
0.0010967827
0.00082026963
0.028705198
0.079434596
0.05583845
0.029847428
0.16286871
0.1472011
0.20306668
0.16954279
0.05353271
0.10267105
0.1705278
0.11097415
0.075358085
0.033235356
0.009013093
0.007617269
0.0065524545
0.004031651
0.0045095254
0.002876102
0.0014120655
0.001045833
0.0008014901
0.002054104
0.0013546868
0.0011208449
0.0021608223
0.0005477692
0.00086362165
0.0011258672
0.0008355974
0.00087174866
0.0010689358
0.0010506901
0.002576234
0.00095353974
0.0010428588
0.0009311823
0.001225121
0.0018074071
0.0028787532
0.029629149
0.086047985
0.062304307
0.03766713
0.1688322
0.16241056
0.18232022
0.07731468
0.097791515
0.1293329
0.102365024
0.09122206
0.13433528
0.11626538
0.09293797
0.10638795
0.09005064
0.03445877
0.00715185
0.004052603
0.008865332
0.13113794
0.12698083
0.13048755
0.12292289
0.031406395
0.047626127
0.08798771
0.10207436
0.11187369
0.09894843
0.055199176
0.015686812
0.01953047
0.004170665
0.013306337
0.036906973
0.04755802
0.040849887
0.02612783
0.018281
0.011449103
0.0094141215
0.0032007343
0.0014838241
0.0013008998
0.0010758856
0.00076507445
0.0011853587
0.0010803286
0.0010747295
0.0009421033
0.0008892669
0.00091630226
0.0017230264
0.0013507346
0.0010791542
0.000863981
0.00087137404
0.0009694625
0.0011225542
0.0008174068
0.0011282088
0.001090187
0.0011895914
0.00097418006
0.0011972424
0.0010279065
0.0009945814
0.0012405878
0.00095986953
0.0008434799
0.0011778551
0.00092758675
0.00064301846
0.001467244
0.0012525397
0.0011838571
0.0009880301
0.0009908866
0.0026448753
0.0009909109
0.00093884516
0.0018583771
0.0013021745
0.0011565865
0.0008008601
0.0006389703
0.0006594737
0.0010013976
0.00065601896
0.0006741994
0.0008587241
0.0007877245
0.00075210154
0.0010282185
0.0010374349
0.001227931
0.00090141984
0.0006832765
0.00069331174
0.00085259497
0.0008238362
0.00081387075
0.00074885896
0.0011241992
0.0007478647
0.0030642378
0.0071537797
0.06548032
0.06708188
0.05216094
0.14157869
0.14424479
0.13445182
0.08581043
0.12373722
0.1437844
0.10903931
0.09564805
0.07952556
0.13416117
0.11426261
0.08286531
0.14070103
0.11043873
0.028349241
0.010415275
0.005504459
0.0074785203
0.12195803
0.122660376
0.14359176
0.12203892
0.11697132
0.029569492
0.05652265
0.08925386
0.11901673
0.13074212
0.099798135
0.05267851
0.030377354
0.01575397
0.018452061
0.017879661
0.029016342
0.02441004
0.021538042
0.016377186
0.011794909
0.010191831
0.009668015
0.0042993254
0.00202447
0.0012502423
0.0011563185
0.0009621778
0.0013633884
0.0015113432
0.0009037519
0.0006520804
0.0008097298
0.0008639121
0.0007855303
0.00093561906
0.0011046743
0.0010498484
0.00086599326
0.001002525
0.0008747692
0.0008797474
0.0010795884
0.0009862636
0.0011343809
0.0009266181
0.0006737211
0.0008532235
0.0006876838
0.00072825485
0.00064627436
0.0010410821
0.0006406443
0.001094999
0.00083607715
0.000773882
0.00097787
0.00087063527
0.000995752
0.00095857395
0.00069312495
0.0010396712
0.0011822508
0.0010859306
0.0009006094
0.0009177358
0.0013223669
0.0008875274
0.0009018914
0.0010720062
0.001081461
0.0009703006
0.0010825436
0.00062777183
0.00090934394
0.00090968865
0.0009302622
0.00083643023
0.0008626731
0.00095782557
0.00095548335
0.0011158237
0.0011200682
0.0009314832
0.00094523246
0.0008182397
0.0009167802
0.0008741246
0.0008417239
0.0010632805
0.0043643974
0.0011660103
0.0016085784
0.001203374
0.001087387
0.0008750579
0.0068144123
0.08421237
0.13073927
0.071714945
0.040261954
0.23593536
0.18768267
0.21499577
0.1495336
0.07373887
0.12742367
0.16118023
0.09134029
0.0654749
0.11198291
0.13132665
0.13393591
0.10193233
0.1000277
0.08779848
0.03311842
0.006461454
0.078239396
0.10273669
0.12653828
0.104534194
0.08764779
0.09639577
0.11369463
0.060927738
0.057382338
0.044905756
0.028603565
0.04927478
0.11076571
0.10161789
0.08851307
0.06820208
0.04714601
0.0120252995
0.004501257
0.00219258
0.008234176
0.0070119575
0.0019053709
0.0011176723
0.00094729767
0.0010192608
0.0005617608
0.0009260091
0.0007783654
0.0010182522
0.0010514747
0.0009092185
0.0008900177
0.00065933296
0.0012822232
0.001224953
0.0008949663
0.0010456711
0.0008980558
0.0015964386
0.00089191593
0.0011074422
0.0011668401
0.001070731
0.0009147125
0.0008442824
0.00076540513
0.000984566
0.0008183769
0.0009019837
0.0006411727
0.0008354661
0.0010060851
0.0009864308
0.0018671002
0.0008827831
0.000929666
0.0007397708
0.0009933892
0.0009561619
0.0009344682
0.0009113935
0.009529767
0.026282085
0.06740162
0.055412468
0.042385656
0.13661915
0.13199905
0.15157339
0.14522375
0.05086255
0.145994
0.14121367
0.08659126
0.0684588
0.13672706
0.1252395
0.11969912
0.12884012
0.13795432
0.044115867
0.01069453
0.0486184
0.09086538
0.11455707
0.11484828
0.070774145
0.07959342
0.11277395
0.093582295
0.050888248
0.060063288
0.03735617
0.029771889
0.03989568
0.06492068
0.07570461
0.08201159
0.072491184
0.06009724
0.021163147
0.0032750932
0.0018072323
0.0015820027
0.0049217297
0.0049287416
0.0012181071
0.0011864457
0.0007801361
0.00093460624
0.00090950984
0.001001901
0.0009811795
0.0007919948
0.000827082
0.0008600463
0.00064639066
0.00097444834
0.00089160143
0.00090704655
0.00095911295
0.001084897
0.0011506442
0.0008191377
0.0009249498
0.0011232471
0.0011368797
0.0011090495
0.0010085736
0.0009947616
0.0009694492
0.0013454629
0.000961887
0.0011145186
0.0012131187
0.00087709684
0.003477792
0.0015987715
0.0063844644
0.0017355619
0.0013581488
0.007249486
0.020949485
0.05715094
0.1154088
0.071589686
0.10194069
0.076014556
0.06369006
0.046171762
0.03593205
0.046783358
0.13836011
0.15622158
0.113241225
0.060812455
0.045404006
0.17043145
0.16146465
0.14240414
0.09895081
0.090001345
0.095221505
0.058463134
0.09133019
0.11496653
0.100461535
0.07162003
0.09131222
0.046713896
0.012182902
0.047535818
0.029439783
0.012145942
0.0020876296
0.0013542348
0.0016922362
0.0009825017
0.00088495435
0.0008404305
0.00068264274
0.0012293438
0.0010970507
0.0009951814
0.0011657064
0.0012769932
0.0010501159
0.0013460045
0.0016245636
0.0021737947
0.0013635189
0.0017527252
0.002025395
0.0009355647
0.0011198801
0.0007438247
0.0010227105
0.0011916652
0.0068499395
0.001880824
0.0043927957
0.0060377386
0.008245158
0.002145879
0.0014018267
0.0010715518
0.0016950007
0.0011014626
0.001720887
0.0011081158
0.0013694392
0.001032606
0.0011831615
0.0016383003
0.0015589608
0.0015151859
0.001339152
0.000985608
0.0011715065
0.0011438723
0.0008671631
0.0012965149
0.00091709284
0.00086877093
0.0017543504
0.0011799065
0.00063079596
0.0007298981
0.0009022387
0.0012174187
0.00069668907
0.0009736758
0.0009010277
0.0007586068
0.00079548627
0.012356768
0.058909528
0.049102116
0.05032512
0.13765475
0.19565772
0.20265865
0.1628703
0.06926434
0.095963605
0.14239657
0.10041379
0.082262255
0.06333347
0.114945695
0.118519194
0.13156083
0.110768445
0.10650435
0.03316019
0.018322187
0.0050059143
0.008471274
0.061680637
0.103028
0.10226451
0.09249217
0.073742405
0.021104593
0.039869055
0.07171277
0.07119131
0.055896353
0.044480335
0.028217718
0.01826628
0.015926847
0.0037626233
0.018478287
0.047910582
0.04807389
0.036088698
0.024493307
0.016967153
0.0103442455
0.008141417
0.0013409993
0.0014951128
0.00093697815
0.0012883237
0.00084140396
0.0008378785
0.0008581545
0.0011106434
0.0009710425
0.00073661254
0.0008367557
0.0009032097
0.0010220812
0.0011190787
0.0010920687
0.0010372348
0.0009429445
0.0009631335
0.002816893
0.0040613115
0.029945128
0.05004818
0.0478771
0.03387242
0.12974396
0.135623
0.14827827
0.091060616
0.07111743
0.16267212
0.1471239
0.10306858
0.07368589
0.14701909
0.14037451
0.1101308
0.12869304
0.11271031
0.02249291
0.007051745
0.05922351
0.13956636
0.14661096
0.13287416
0.087155804
0.10023772
0.09815341
0.046924923
0.059273757
0.050319873
0.032486923
0.045344673
0.09528605
0.086038254
0.08353316
0.06888067
0.036687613
0.016692515
0.0024782326
0.0025647609
0.0013385887
0.008410428
0.002069833
0.0015058098
0.0010358022
0.001105396
0.0008789683
0.00060769997
0.0011074234
0.00093678315
0.0008767083
0.0007466112
0.00088300154
0.00091146154
0.0009233425
0.0011407323
0.0008857585
0.0007350387
0.0010516124
0.0008055257
0.0010205025
0.0009943509
0.0009898437
0.0010984413
0.0010269274
0.001431243
0.0009911046
0.001003314
0.0011610541
0.0010769285
0.0022378373
0.00095200416
0.0011573213
0.001173172
0.000993688
0.0010787512
0.00094055483
0.00094531407
0.0010112766
0.000854593
0.00085737073
0.0011639346
0.0009060955
0.0010414324
0.00090082205
0.00063336
0.00083402236
0.0009954852
0.0010076977
0.0009117969
0.0009917145
0.0008814681
0.0009816099
0.000880586
0.0009409422
0.0009091741
0.0008715328
0.0012251158
0.0009391821
0.0010367052
0.0007213785
0.0013230747
0.0008352436
0.000887891
0.00088799675
0.0008406389
0.00093109993
0.00090827816
0.0010559154
0.0008952856
0.0009868584
0.0010334371
0.0009005267
0.0008904558
0.00085620425
0.0010491525
0.0008029839
0.0007699021
0.00086558
0.0008539876
0.0008960295
0.0007785688
0.0010186351
0.0017505618
0.00079727685
0.003512657
0.0011424571
0.0010532136
0.0010022827
0.0012298934
0.0010707942
0.011726594
0.08168399
0.060672726
0.1427429
0.22132325
0.22016917
0.1481058
0.07714612
0.16078918
0.15815468
0.09485022
0.11377208
0.13253881
0.11758732
0.12367059
0.08037619
0.11667884
0.060434554
0.051567916
0.05927029
0.08505316
0.037107043
0.010530277
0.013983055
0.018277258
0.009672123
0.10494894
0.09892752
0.07768364
0.07684351
0.077774286
0.08533098
0.026443873
0.021652037
0.07330523
0.114864014
0.10518268
0.07114618
0.042545978
0.040285233
0.018577581
0.0349793
0.02908505
0.00920503
0.0024693818
0.008332952
0.001338767
0.0010284735
0.0012248737
0.001066861
0.0010119157
0.0011775848
0.0011509638
0.0009406534
0.0010526536
0.0007128798
0.0016786648
0.00089846225
0.0011946039
0.001088002
0.0014198351
0.0010024281
0.0009083404
0.00089483085
0.00091565395
0.0009178729
0.0012583288
0.0008772624
0.0010653888
0.0012442716
0.00091611495
0.0009320448
0.0010292045
0.00093266374
0.00091553543
0.0010429343
0.0007818067
0.0010970972
0.0010355783
0.0010841283
0.00095991336
0.0008727484
0.0008508195
0.0009700508
0.0012896423
0.0011706533
0.0009124766
0.0011396708
0.0010084241
0.0008535086
0.00096603634
0.0011242839
0.0008352939
0.0014010917
0.0010217322
0.0009099277
0.00083758624
0.0012875169
0.0016157292
0.00097137695
0.0010498563
0.0008035362
0.0007284635
0.001233435
0.000893322
0.0006748084
0.00078251894
0.0008489108
0.0010344472
0.0011245828
0.00088627
0.00094316434
0.00066145207
0.0017485227
0.0021038495
0.0024006001
0.0008274089
0.0014391196
0.0012115735
0.0010517631
0.001158075
0.0010050114
0.0007623685
0.00096391526
0.0010436028
0.0015496854
0.00095235574
0.0010097899
0.0007596364
0.0008833609
0.0011944225
0.000747462
0.0009800039
0.00081271265
0.00084811694
0.00060968794
0.00089124806
0.00074357353
0.0007176797
0.00079065486
0.00094501034
0.000792368
0.0007694014
0.00089661503
0.001142569
0.00077743427
0.0008322251
0.0011113192
0.0012791672
0.0012060481
0.0013486169
0.0009902868
0.0009262813
0.00085087324
0.0006862072
0.0028178014
0.0010602035
0.0010503051
0.10944368
0.10358778
0.04830064
0.13296685
0.21211816
0.17936271
0.18043834
0.06445983
0.083424404
0.13125655
0.09807885
0.08811804
0.13598756
0.13147733
0.12341761
0.089061655
0.12037401
0.13032793
0.0684492
0.055274993
0.06761946
0.12294103
0.112956606
0.11155053
0.08427558
0.05388973
0.06756881
0.04396151
0.010948195
0.025004316
0.021982146
0.017501147
0.0021033238
0.025299726
0.08078083
0.087361775
0.057706904
0.02337686
0.025269339
0.036579993
0.028748577
0.027973657
0.012342655
0.06732044
0.073132165
0.06250183
0.04747181
0.043497033
0.02022282
0.014678793
0.016251579
0.021063222
0.03469355
0.048600886
0.01749932
0.011848421
0.0034163527
0.0047188615
0.0019754104
0.010287767
0.003499697
0.0012167796
0.0008019267
0.0009886981
0.001045757
0.00086642493
0.0008732472
0.0007937457
0.00096614624
0.00086110784
0.00073418743
0.00076023955
0.001040425
0.0008689798
0.00078699423
0.00085038913
0.00088060723
0.0007116522
0.0006878098
0.0010641897
0.0009553722
0.0009250792
0.0011320012
0.0009942282
0.0009171535
0.0009074466
0.0007450136
0.00078227796
0.0007374537
0.0011228512
0.001017061
0.0008622228
0.0010299509
0.0009788551
0.0007756388
0.0008570644
0.001128834
0.0013076027
0.00093510724
0.0010739107
0.0008734456
0.0010334142
0.0011115798
0.0007994256
0.0008963277
0.0011115456
0.0009692491
0.0011342204
0.001130224
0.0010202908
0.0012130793
0.0010272389
0.00092961534
0.00074405345
0.00090133806
0.00075603276
0.0011458944
0.0011022582
0.0010221374
0.0007980656
0.00152197
0.0013787573
0.0014118161
0.0015443454
0.0011073874
0.0010338053
0.0011479167
0.000977569
0.0010176148
0.0010986683
0.004789386
0.0009681018
0.0013078873
0.0010363818
0.00090605614
0.00090315915
0.0010209979
0.00084643386
0.0012061023
0.0010681114
0.0010580186
0.0009809252
0.004656587
0.0013231813
0.0009630757
0.0012755333
0.0009748982
0.0007146013
0.00075778825
0.0011679938
0.0011556083
0.0010605371
0.0010864441
0.0007739448
0.00075829274
0.00097532663
0.0007377228
0.0009263187
0.0008789045
0.0012178082
0.000735981
0.0009805344
0.0024783863
0.0018365288
0.0018745252
0.0033529247
0.001119725
0.001315537
0.0016335908
0.0033950373
0.0015091457
0.0017492726
0.0012678422
0.0011976423
0.0014296853
0.0009692324
0.0010583348
0.00091167056
0.001033686
0.00076509255
0.00083846133
0.000800569
0.00068501773
0.0007358505
0.0008273716
0.0007447071
0.00059567875
0.0006670245
0.0008264107
0.0008539164
0.00095754064
0.0012103517
0.0011197187
0.0010162756
0.0014828545
0.0012112819
0.0010406896
0.001964237
0.007562149
0.002228062
0.0012259958
0.001162506
0.0011963455
0.0009157182
0.0009866377
0.0009932567
0.0011667914
0.0012451161
0.0010101009
0.000898848
0.0011860846
0.007653926
0.0023879483
0.0011046062
0.0011141471
0.00086652406
0.0011764712
0.0008832129
0.0008064057
0.00085708604
0.00072961714
0.0011166389
0.00067979074
0.0027446114
0.0020553223
0.0016261581
0.0012490405
0.0044081863
0.0021688547
0.0013746822
0.008396302
0.0020451653
0.0010955757
0.0013436022
0.0013650928
0.009114846
0.0023837253
0.0015609706
0.0012492277
0.0010055115
0.0012564638
0.0007858636
0.0011581173
0.001257365
0.0010071308
0.0010217727
0.000963578
0.0011896032
0.0009598262
0.0007003083
0.0010862196
0.00083921145
0.0012243333
0.0009601809
0.0008628883
0.0011531193
0.0011030172
0.00083933986
0.000985534
0.0007698438
0.0012872614
0.0008731482
0.0009794085
0.0011151835
0.0012666022
0.0012486472
0.0008196732
0.00086851884
0.0011126569
0.001173183
0.0010144357
0.00092154095
0.0013114675
0.0007600865
0.00074676756
0.000721198
0.0014939969
0.0010571734
0.0027373596
0.0013839058
0.0011971594
0.00081868237
0.0009313478
0.001068761
0.0010874632
0.0032010502
0.0009127275
0.00083454966
0.001580737
0.0015763419
0.000931132
0.0033155412
0.0068519283
0.0029839037
0.0009664051
0.0009794265
0.00094797194
0.00084073504
0.0012874042
0.0014794295
0.0011025548
0.0015381777
0.0008071794
0.0007593842
0.0008028649
0.0010785005
0.00095450657
0.0009692578
0.000628118
0.0012117502
0.0012131172
0.0016014584
0.0013117399
0.0013103159
0.00086902996
0.0029035977
0.00079768203
0.0009103203
0.0011017271
0.001053609
0.0011163685
0.0011411142
0.0010243186
0.0010070989
0.0010017938
0.0009549939
0.0014110717
0.0014087723
0.0010313434
0.0010903706
0.0010189337
0.0009978066
0.00096599717
0.0014192497
0.004787634
0.0011492842
0.0012611077
0.0010794398
0.001187351
0.004704855
0.0011066197
0.0021590423
0.00076910906
0.0010262135
0.0012648173
0.0011674446
0.0009469535
0.0006699704
0.0009934362
0.0010043763
0.001130409
0.0011540091
0.001009383
0.001204262
0.0011919051
0.0012449413
0.00086013874
0.00097039784
0.0010100766
0.0011216068
0.00095422263
0.0012456696
0.0010081085
0.00081670657
0.0010935329
0.0006818595
0.00071969256
0.0011840956
0.00092816516
0.0008988496
0.001141993
0.0013866101
0.00076878455
0.00070081267
0.00079036993
0.00092147174
0.00096548855
0.0008193557
0.0010083778
0.0007089179
0.0007848789
0.0008887117
0.0011378749
0.0011664272
0.0010554945
0.0015912532
0.0010581919
0.002160806
0.0020164824
0.0017463478
0.0016051593
0.0013315752
0.0015818209
0.0021705371
0.0014471632
0.0011859622
0.0014374127
0.0011888122
0.001170072
0.0011572947
0.00087080564
0.00096467783
0.00092223904
0.0010244965
0.00084746524
0.00085505913
0.0012131339
0.0010000688
0.0007930789
0.0016333336
0.0032721192
0.001160041
0.0009969033
0.0008394187
0.0009313566
0.00074701663
0.0031740014
0.0010545496
0.0009476696
0.0011111718
0.0012443723
0.00094305363
0.003044236
0.0015747823
0.000787288
0.0009702038
0.0034321132
0.0008513755
0.001344204
0.0012009908
0.0008975372
0.001076049
0.0007573613
0.000860214
0.0012972162
0.0007334603
0.001188582
0.00087442115
0.0010668386
0.0012150984
0.00073672115
0.0010207724
0.0012173268
0.001056456
0.002076127
0.00080504705
0.00895531
0.00096981804
0.0060765985
0.0105852075
0.0010548617
0.001384587
0.00087292853
0.0008179548
0.00097223435
0.00091287284
0.0012149824
0.0006648432
0.0007248229
0.00062667346
0.00085965404
0.0012064399
0.0011005187
0.0009990693
0.001378953
0.0011813641
0.001155751
0.001303581
0.0010220933
0.0010500725
0.0011190965
0.00078360667
0.0010383081
0.00083780946
0.00075822504
0.0010239299
0.00096929225
0.0010295897
0.00129583
0.0012500009
0.0012109188
0.0011169903
0.0010430272
0.0015926294
0.0011692623
0.0011818368
0.0012745978
0.0015070064
0.0014438994
0.0012425197
0.0010568396
0.0010256298
0.0008805716
0.00082651706
0.0008936768
0.0012532774
0.0034213625
0.0010056228
0.001018769
0.00081774243
0.0009368452
0.00084926863
0.0010540093
0.00095917785
0.0008864944
0.001144686
0.0010793635
0.0010131355
0.0010225304
0.0011189855
0.00076736754
0.0009189093
0.0013417619
0.0011447981
0.0014605775
0.0010379406
0.0012198243
0.00111077
0.0033517245
0.0010266235
0.0038627025
0.0041980357
0.0017072342
0.0014413112
0.003660581
0.0007626039
0.0008470491
0.00091295
0.0012898333
0.0012689817
0.0049329367
0.006767935
0.0015808551
0.0013811999
0.0020246494
0.0010410424
0.00075036316
0.0016625713
0.0020272508
0.0012247518
0.0011362826
0.0007012106
0.0016364167
0.0009940431
0.0010297041
0.001062862
0.00093758584
0.0011406516
0.0010226539
0.00113718
0.0010669571
0.0008597424
0.0006232159
0.00083623664
0.000919403
0.0011649323
0.005276207
0.0013263545
0.0014571818
0.0053764023
0.00092708645
0.00086878275
0.0008797478
0.000949312
0.0012268111
0.001256714
0.0012195946
0.0010788934
0.0013445282
0.0011841907
0.0011147428
0.0014206712
0.00074965507
0.0007770351
0.000965532
0.001202747
0.0008481563
0.0029705486
0.0011066003
0.0014924866
0.001175431
0.00081842055
0.0018438136
0.0009697752
0.00069071405
0.00080829434
0.0008051422
0.0008392372
0.00093797635
0.000849611
0.0009989575
0.0009885951
0.0007418871
0.0009382433
0.001430341
0.0011365628
0.0013111072
0.0013943104
0.0009982989
0.0012382122
0.0008523642
0.00088297226
0.0008491347
0.0038535672
0.0021071348
0.0023828615
0.00086902943
0.0009797672
0.00075634423
0.00081007514
0.00083344197
0.00096109207
0.00088976295
0.00078926585
0.0009422475
0.0012796926
0.001138992
0.0010798846
0.001007495
0.0009934251
0.0010384559
0.0009594574
0.0013339693
0.0008229803
0.00096212974
0.001127528
0.0017176054
0.0012656882
0.0007711421
0.0009164475
0.0013301413
0.0011785083
0.0010023386
0.0009513909
0.0010824291
0.0011830188
0.00089853007
0.0008751443
0.001113232
0.00141854
0.0011533175
0.0010079172
0.0008879047
0.0012305969
0.00073887967
0.00097207015
0.0010087967
0.00093117397
0.0010047071
0.0011618413
0.00076759234
0.0008017197
0.001130798
0.00090595015
0.0009961983
0.0009210389
0.0007489558
0.00086049753
0.00097040203
0.0011283509
0.0009109097
0.0008336622
0.00086111884
0.0010558249
0.00066498324
0.0025345031
0.002598118
0.0018483069
0.0009098675
0.00072371005
0.0019876754
0.0009451964
0.0018509958
0.0012503985
0.00089130393
0.0025264958
0.0019601786
0.0008776931
0.0009782012
0.00095533533
0.0016193374
0.0010981425
0.0008369623
0.00089698186
0.0011227643
0.0009060636
0.0010478101
0.00082277285
0.0011091497
0.001023996
0.0007213185
0.00079339213
0.0008558963
0.0009783742
0.000888367
0.001191391
0.0010355215
0.00096294115
0.0009590139
0.00090623955
0.0008658951
0.0008682915
0.0009711637
0.024385864
0.0021989692
0.008682389
0.0036420785
0.0014385466
0.0008857171
0.0010422103
0.0010508334
0.0019242852
0.0074380036
0.004158616
0.0026119237
0.006812904
0.0019206428
0.0014654197
0.0015543138
0.0010343342
0.0007792672
0.0010572042
0.0010146695
0.00090213935
0.00095357356
0.0009461288
0.0010515859
0.0009262767
0.0008351533
0.0009023478
0.00079347874
0.0009338781
0.0009832674
0.0008809789
0.0009991527
0.00070023537
0.0011272162
0.0008431772
0.002018093
0.0012481393
0.0008515809
0.00087383634
0.00086168456
0.0009141008
0.0017907041
0.00092991075
0.0012459956
0.0009106257
0.0007397337
0.00090450025
0.0021147719
0.0011319784
0.0007382704
0.00093742285
0.00093069
0.0007428475
0.001030243
0.0009377158
0.0011452879
0.0009518348
0.0009187684
0.00062472955
0.0009276481
0.0009175951
0.0013073967
0.0024582143
0.0015230029
0.004642795
0.0009432432
0.0009474146
0.0010448208
0.0009475227
0.01822699
0.03826037
0.102634154
0.11637567
0.09607962
0.070221744
0.1544333
0.20696129
0.18745884
0.10152052
0.19829464
0.19854563
0.08539891
0.11625031
0.16989242
0.17440002
0.13049383
0.11722953
0.057687994
0.008926818
0.044591878
0.044997334
0.09673664
0.11338456
0.08927909
0.08751371
0.074295245
0.029350983
0.038470086
0.041426066
0.032623816
0.03408048
0.059413586
0.095517375
0.10451023
0.10546106
0.072975524
0.059430957
0.019653104
0.0032904835
0.0017912815
0.0017076702
0.002216594
0.0015243633
0.001115519
0.0010712768
0.0011738364
0.00072241336
0.0011931097
0.0012777019
0.02984093
0.0785253
0.024429763
0.051495235
0.03731141
0.049726002
0.026546687
0.2581733
0.2322672
0.19856533
0.103089996
0.18557693
0.2108919
0.19090816
0.1282964
0.012133715
0.028487416
0.086685546
0.080778964
0.078712545
0.07726948
0.06930584
0.012880964
0.046159524
0.06538755
0.0529044
0.026352778
0.029750556
0.058335237
0.074497454
0.06724791
0.050590463
0.021461226
0.011530427
0.027499748
0.0074375877
0.0037764648
0.0012441855
0.0009515192
0.0009906603
0.0009399657
0.001026953
0.00093713694
0.0009220613
0.0012218936
0.0010936465
0.00090759835
0.006328555
0.042959373
0.0051624198
0.0015828166
0.013331909
0.0015308505
0.0011706629
0.0009426046
0.0007578045
0.00090811984
0.0010155947
0.000996002
0.00083715125
0.00085013825
0.0008710971
0.00096930994
0.0010190592
0.0009718105
0.0009809503
0.001082842
0.0009780233
0.0007053641
0.0010053271
0.0007749595
0.0010618886
0.0010987016
0.0013522931
0.000871236
0.0010006161
0.0010560098
0.0011290435
0.0011557097
0.0015681328
0.00075459696
0.00096733746
0.0006278046
0.0009981544
0.0011266386
0.0010180279
0.0012642553
0.0010926177
0.0010710635
0.00090848666
0.00094570615
0.0013780858
0.03325887
0.0061284937
0.0013991075
0.000915148
0.00096885423
0.0010787962
0.0022189107
0.001302183
0.00112613
0.0011870554
0.001010902
0.0008599573
0.00080110756
0.0014651081
0.0008613365
0.0010322615
0.0010722462
0.0008672746
0.0010879074
0.00096851494
0.0008654984
0.0013831711
0.0054849815
0.0014778319
0.0009812684
0.0009579184
0.0065471567
0.0018507465
0.014631574
0.0035553079
0.0013001778
0.0036502115
0.0012546803
0.000983116
0.0011665574
0.0011982227
0.0011771579
0.0011556278
0.0011203354
0.0011612503
0.0008462953
0.0011989144
0.01589594
0.033667933
0.16351147
0.17438973
0.043512836
0.021733208
0.13159008
0.18162864
0.2122293
0.09999464
0.12720317
0.1498985
0.14503996
0.1118416
0.14300233
0.1774865
0.15331753
0.1567031
0.0958912
0.019400608
0.03018564
0.036517993
0.040982988
0.10363214
0.14734076
0.1088066
0.104386255
0.07979539
0.03197303
0.035929233
0.03707623
0.029027238
0.051943935
0.050425857
0.06501323
0.06670053
0.08339137
0.093433864
0.07631193
0.051632088
0.00991402
0.0034974974
0.0016735101
0.0013551299
0.00115741
0.0010912952
0.0011900526
0.000963742
0.0010906104
0.00090985565
0.0010351714
0.0008953045
0.001247525
0.0012112982
0.0015234229
0.0016938207
0.003219108
0.027158068
0.10083772
0.07450135
0.010166272
0.052805066
0.045852702
0.033584863
0.09947566
0.19180867
0.20488085
0.12308442
0.11574367
0.15579444
0.15829365
0.15705585
0.11967178
0.021370359
0.06934354
0.0813436
0.066858836
0.08571258
0.090732306
0.0137697
0.04223285
0.067665204
0.03494645
0.03462659
0.055171404
0.0853904
0.08455658
0.06744335
0.051443968
0.030930322
0.0382366
0.028389456
0.01200691
0.0077767386
0.0022464
0.0015243901
0.0007485354
0.0006516178
0.0009924094
0.000704115
0.0009157065
0.0007295884
0.00079170614
0.0008894732
0.0009693047
0.00077005435
0.00077973685
0.013080205
0.0052085114
0.0012781498
0.0156817
0.00197865
0.0008282936
0.00086094736
0.0009345681
0.001131377
0.000801873
0.0009474616
0.00078711583
0.000952549
0.0009733335
0.0012776577
0.0008574742
0.0011663481
0.00082348456
0.0010335579
0.0011804637
0.00091045804
0.0012568756
0.0011211204
0.00093987776
0.0009890076
0.0008565994
0.0007214477
0.0007306522
0.0010037461
0.0015100406
0.0011620335
0.0009393125
0.0010332108
0.0009307523
0.001096916
0.0008562666
0.0009396584
0.0010060535
0.0009905917
0.0010706978
0.0010122783
0.0011603715
0.000853247
0.0007308963
0.00088103994
0.0008094308
0.0009733654
0.0009547329
0.0010678711
0.0010091914
0.00075003307
0.001061666
0.0007842156
0.0008675681
0.00048153027
0.0011094403
0.0007023833
0.0007786247
0.0008762016
0.00088330463
0.0010840434
0.0008018029
0.0009001787
0.0009038167
0.0009406787
0.00092005887
0.00085527194
0.0009171018
0.0009555273
0.0009182573
0.0009244342
0.000802955
0.0010665825
0.0013131874
0.00083599996
0.00078112935
0.0008526341
0.00070838875
0.0009939432
0.0008028162
0.00094997376
0.0008831713
0.0010530794
0.0010586197
0.00094019214
0.0009330587
0.0011432277
0.001025262
0.0008128557
0.00083439646
0.0006533895
0.0009540169
0.00088020804
0.0009536043
0.000684262
0.0007004649
0.0011074388
0.00062793284
0.0010486875
0.0008509853
0.001534403
0.0011002497
0.0010797359
0.0010644572
0.0013021036
0.0011274577
0.0010958362
0.00088088086
0.0010289691
0.0008707997
0.0013283687
0.00078083866
0.0007694105
0.0061530923
0.0012527471
0.000996159
0.00075584283
0.00092721835
0.0009445059
0.0009160088
0.000981239
0.0010295328
0.00081696303
0.00090415863
0.00092118594
0.0010077062
0.0008897361
0.0007231973
0.00090162375
0.00096049317
0.000977882
0.0013521754
0.0014937466
0.0010855017
0.016990582
0.08379758
0.08055466
0.09443216
0.07994542
0.16887246
0.19535573
0.16584992
0.09850272
0.04126109
0.087367594
0.21019575
0.10040375
0.0768807
0.10996955
0.11093605
0.16035219
0.12341067
0.18812291
0.19496977
0.18323618
0.112309024
0.059036724
0.093459964
0.114456736
0.094247445
0.06623627
0.03427107
0.003942636
0.0021221961
0.0016695595
0.0009783069
0.0010782821
0.0010619303
0.0012656396
0.0008121996
0.0008922769
0.0011607175
0.0009053799
0.0009057887
0.0007283338
0.001086211
0.0009235023
0.030144025
0.053753577
0.097804025
0.10107893
0.07516165
0.03534298
0.04203805
0.103090495
0.12013911
0.048726656
0.096808694
0.14869756
0.06628083
0.040057957
0.06905419
0.012384631
0.0024699366
0.014884288
0.0484741
0.15698174
0.18632564
0.18345922
0.1778496
0.07254579
0.06926255
0.051426746
0.08908478
0.086310975
0.06588463
0.025053693
0.0148281185
0.013561505
0.009370605
0.007538635
0.0037631127
0.0017827274
0.0009974173
0.0064205066
0.0042539085
0.0029879392
0.011094271
0.042133488
0.052700777
0.072408974
0.07797656
0.11418232
0.17573206
0.18871903
0.12533686
0.077173114
0.054705102
0.08990248
0.09965031
0.09246068
0.052772477
0.05957
0.06009588
0.08975795
0.113261044
0.061766308
0.16071425
0.12435066
0.093564995
0.050333846
0.021162817
0.0034955407
0.0015294489
0.0073664007
0.001495903
0.0011195879
0.0020725029
0.0013430164
0.0014025
0.0012023611
0.0010005702
0.000910619
0.0009807291
0.0008809136
0.000881688
0.0018322612
0.0009824963
0.0010091603
0.0042586257
0.0051647252
0.0025639103
0.0010881523
0.0009885782
0.0016704489
0.0007317022
0.0008198583
0.0008489895
0.0012090061
0.0010078278
0.0011338599
0.0010842952
0.0007554017
0.0016385077
0.00090653496
0.0010985653
0.0015725226
0.0007949613
0.0012518435
0.0015153345
0.00087630324
0.0009712301
0.0009772534
0.00068847113
0.00085774227
0.000953834
0.0007584578
0.0010020264
0.0007819229
0.00086035125
0.0011807752
0.0010601276
0.0009512659
0.00097027404
0.00078183284
0.0010354262
0.0008621257
0.0007994089
0.000830794
0.0010627523
0.0036837442
0.0015569133
0.0019989726
0.0012163183
0.0007543443
0.00097117334
0.0007690846
0.0009120158
0.0045755445
0.0032413262
0.05775004
0.08677811
0.08096772
0.09036736
0.11285336
0.14747523
0.15846576
0.09824389
0.053852998
0.021664508
0.13043983
0.1126288
0.061070587
0.050215997
0.049455855
0.03817034
0.100542076
0.13216345
0.09493599
0.13966085
0.11541131
0.09564676
0.066907056
0.03797046
0.0076203286
0.0022772923
0.0012514405
0.0019751748
0.0014256759
0.0010367645
0.00068372895
0.0009496156
0.0009831325
0.001032241
0.0008212659
0.0010707891
0.00082622765
0.020105993
0.052836664
0.06736669
0.0971815
0.09223462
0.085230134
0.15508656
0.16289224
0.17641129
0.15449607
0.1083024
0.045362838
0.14368965
0.16093712
0.019326545
0.007728549
0.03978882
0.14347747
0.21621808
0.20375271
0.11762065
0.065425806
0.06748686
0.10939305
0.10314358
0.047078174
0.04875123
0.070669055
0.1255933
0.12799641
0.08096763
0.15232676
0.15995748
0.05109657
0.03134191
0.028124634
0.10061712
0.0927276
0.05590706
0.05356489
0.044474375
0.021488959
0.021883603
0.04899712
0.038622096
0.021316316
0.013754505
0.06515766
0.1140822
0.10881804
0.10129094
0.07006118
0.031854466
0.0188667
0.022951037
0.0050167996
0.0015276703
0.0054151453
0.013341076
0.013900132
0.009781083
0.0050415983
0.0018706422
0.00094341446
0.0009456678
0.00076353777
0.0009537704
0.00090674736
0.0009994792
0.0007861145
0.0009007118
0.0008371159
0.00090042513
0.0019196015
0.0011865397
0.0010327505
0.0052834707
0.0014310842
0.0010827538
0.00094632356
0.0009871824
0.0011179087
0.0008364448
0.0009622485
0.00076934224
0.00118073
0.00096132327
0.0012388042
0.0013143241
0.0010580914
0.0012177645
0.0010606179
0.0011128399
0.0010383583
0.0012420883
0.0011272071
0.0011331692
0.0010719221
0.0009641055
0.00097392517
0.00073053973
0.00092207146
0.000991738
0.0007469763
0.00089291093
0.00219778
0.0010744302
0.0012244595
0.0009261624
0.0042539104
0.0009962193
0.0011462076
0.0014925333
0.0008522456
0.0010686993
0.0009551101
0.0010193745
0.0007073214
0.001180717
0.0012559353
0.001854267
0.0024246199
0.0012448415
0.0016922078
0.0009145412
0.051368378
0.042775653
0.06144559
0.07484224
0.14397015
0.12851675
0.023047958
0.015952876
0.05845957
0.05674922
0.04189866
0.03130263
0.08595636
0.0857058
0.051221356
0.04883627
0.119945884
0.14955245
0.10781427
0.1080343
0.012963066
0.0036292395
0.017298106
0.020833952
0.008988179
0.0034206295
0.022879744
0.053223412
0.05487016
0.045708075
0.03520746
0.005518703
0.0016177485
0.0031759145
0.0286176
0.04021566
0.040516574
0.04095646
0.103351794
0.11800273
0.11119833
0.058173727
0.022695178
0.07478522
0.024726067
0.0052526076
0.047245227
0.057072103
0.078398496
0.07000786
0.028404506
0.042572733
0.042010274
0.031329423
0.029869927
0.05113399
0.051109165
0.04144991
0.046936423
0.022186494
0.013921377
0.013351617
0.0122826975
0.0147882225
0.026641417
0.024768524
0.012948089
0.020081738
0.031277496
0.04551381
0.020684369
0.015066726
0.011327624
0.0042311163
0.0014688822
0.0010894773
0.0018456574
0.0014076915
0.0010075629
0.0014955327
0.0013355402
0.0009101509
0.001356398
0.0014180496
0.0019837485
0.0016266793
0.0021074214
0.0011182247
0.0013498975
0.0011103093
0.0025303431
0.0012739258
0.0012191103
0.00077308615
0.0047034184
0.0012196971
0.0012007633
0.0016418574
0.05575439
0.11023318
0.0765789
0.11603598
0.10300253
0.15996763
0.2277917
0.20960188
0.10870641
0.029419368
0.12297899
0.140188
0.1267139
0.072401695
0.06557665
0.049916465
0.10092042
0.10688124
0.08815438
0.13993663
0.11763343
0.08593097
0.0599567
0.020763174
0.00636199
0.00272119
0.001789098
0.0012467337
0.001103305
0.0006762478
0.00085067045
0.0011441926
0.0013801997
0.0010853704
0.0012137268
0.0011738944
0.001106781
0.001313737
0.0016297319
0.036197953
0.07646475
0.07692046
0.092463866
0.12400447
0.13410346
0.12591597
0.17959653
0.20505777
0.17621918
0.0676594
0.11272002
0.20514482
0.06808147
0.011148981
0.019930264
0.03479282
0.099982604
0.15998815
0.22897817
0.2261417
0.0604076
0.06940233
0.0630136
0.109826155
0.10163848
0.06240149
0.039782204
0.06711687
0.10290581
0.09962231
0.07779416
0.1539719
0.16519967
0.058572523
0.050232917
0.060635142
0.03346061
0.025405634
0.007086121
0.017795501
0.049352925
0.04790992
0.035366572
0.012724626
0.033119835
0.10354567
0.13036898
0.1065628
0.08378621
0.04097257
0.029154006
0.027349336
0.013184377
0.00505411
0.008025334
0.012647699
0.013026154
0.012015121
0.007683822
0.0045540812
0.001611571
0.0010871717
0.0012242182
0.0010100813
0.001351595
0.001766393
0.0010133664
0.0018815682
0.0012703302
0.0012699522
0.0010398789
0.0011685889
0.0009769025
0.00092928956
0.00123978
0.0014229743
0.0016232836
0.0014008493
0.005368587
0.0014898751
0.0010118068
0.009313089
0.006594182
0.056566134
0.098638006
0.0680573
0.09987224
0.09878147
0.04160355
0.027255137
0.049110457
0.1104329
0.15466681
0.08811147
0.065940745
0.07353886
0.050957374
0.027395695
0.016605895
0.01594448
0.006157192
0.004356215
0.0014895747
0.0011583971
0.00087808986
0.0007715172
0.001024555
0.0011376698
0.001083037
0.0006778381
0.0012756252
0.0009450638
0.0010211688
0.001387813
0.0018690623
0.0015699287
0.001264712
0.0010597288
0.0009472558
0.0011579522
0.0011849211
0.0012900981
0.0009998403
0.000919772
0.00092573167
0.00107037
0.0008005161
0.00096668286
0.00075098977
0.0011308928
0.0010575104
0.0010494502
0.0006965815
0.0011065973
0.0009389637
0.00078248867
0.0010671576
0.0015553486
0.0010057996
0.0011417042
0.0010649441
0.0009977575
0.0010336731
0.001461504
0.0012924894
0.0009976407
0.0011244483
0.0011467045
0.0012428351
0.001130579
0.00084192137
0.0010683351
0.0009754307
0.0010341466
0.0010379171
0.00094289717
0.00086841604
0.001277035
0.00087327405
0.0013038656
0.0013542881
0.0011145963
0.0011555422
0.0011228933
0.0014496268
0.0013888939
0.0007048309
0.0010509382
0.0009134343
0.0013188968
0.00096899096
0.00083591277
0.0008084853
0.0009971408
0.00078663253
0.00072163163
0.00074553094
0.0007889649
0.0010167295
0.001135534
0.0012187419
0.0012648882
0.00096377375
0.0012879578
0.0010414856
0.0012963257
0.0011993828
0.0011656239
0.0010891162
0.0019166977
0.0015158454
0.0013966883
0.0018165996
0.0016763002
0.00083743583
0.0012497214
0.0010020873
0.0011840052
0.0012968427
0.00083909556
0.00084808486
0.00093510933
0.0009859393
0.00078956917
0.0009124903
0.000934879
0.001020795
0.00094075885
0.0009971479
0.0008374101
0.0007765733
0.0011262505
0.0010070336
0.0011135213
0.0010022142
0.0010359724
0.0008586038
0.000907906
0.0009964551
0.0012325624
0.0010083059
0.0012118334
0.00088682957
0.0010549559
0.0008332657
0.0009159327
0.0011158133
0.0009489331
0.00088495767
0.0007982542
0.0013147123
0.0018133107
0.0011417923
0.0010986843
0.00087027205
0.00094789895
0.00080780685
0.001086282
0.0011494345
0.000888977
0.0008852056
0.0009224302
0.0008068303
0.0010152543
0.0008042357
0.0010152198
0.0007432812
0.0008457148
0.00078661344
0.00079462613
0.0012862664
0.00093342696
0.0009593257
0.00069778034
0.0010175621
0.001056649
0.00095113413
0.00083783467
0.00091
0.0007967427
0.0010605664
0.00083429297
0.0008904589
0.0010109495
0.0009738371
0.0009772914
0.0011514906
0.0010678986
0.0008096366
0.00079013116
0.0007499128
0.0010535556
0.00081652467
0.00072601053
0.0007558488
0.00072522287
0.00084736344
0.00090746436
0.00079974864
0.0010397263
0.0008007382
0.0006239283
0.00072389445
0.00078813854
0.00085223775
0.0010258041
0.0008576743
0.0009222544
0.0011392243
0.0009108568
0.0008933966
0.0009878322
0.0010017757
0.0008377919
0.0009828163
0.00095964735
0.0009917199
0.0011034284
0.0011169747
0.0010132615
0.0009511442
0.0010522859
0.0011521989
0.008544562
0.0021955357
0.0041828053
0.0014115794
0.0014060962
0.0015193571
0.0011137305
0.004398725
0.0017868255
0.002029453
0.0011230697
0.00076496834
0.0009807794
0.00090327056
0.0010500853
0.00085200206
0.0009110474
0.0011751693
0.00082008255
0.00071081705
0.0009565352
0.00082918257
0.0012462751
0.00096119044
0.0007894055
0.00086574146
0.0009274324
0.00085618085
0.00087621296
0.00090256095
0.0010768356
0.0009718053
0.0009881651
0.0007424286
0.00093361916
0.0012300655
0.0009783802
0.0011581224
0.0011427284
0.0010936157
0.0013652984
0.001308018
0.0016675056
0.0011755743
0.0018019868
0.0016478504
0.0038046553
0.003584908
0.0020295517
0.0016535926
0.004803577
0.001370915
0.0015508335
0.0030678203
0.0016841026
0.001101377
0.001318122
0.0010587319
0.0011881288
0.0010732344
0.0008973221
0.0010680454
0.0011003283
0.00088237296
0.0007853704
0.0009598901
0.0009012031
0.0011453392
0.0009650388
0.0011584382
0.0012767417
0.0013075997
0.0011922881
0.0009592093
0.0010107128
0.0007726199
0.0013558578
0.0010755166
0.0008990787
0.0008311875
0.00085513416
0.0008978513
0.00072521117
0.0010151222
0.0012494304
0.0007071157
0.0010524417
0.0008399112
0.0009028068
0.0008760261
0.0010680798
0.00088341103
0.001066193
0.0011649376
0.0010752506
0.0033203487
0.0057856576
0.0010646541
0.003604185
0.0012321608
0.00085407123
0.0009924482
0.0010396643
0.0012944607
0.0011643306
0.0012387593
0.0011589549
0.0010726907
0.0012142994
0.0013209946
0.0022566346
0.007611353
0.0051630293
0.002233597
0.001065541
0.0013008857
0.0012511979
0.000856212
0.0009970667
0.0010425695
0.0010354924
0.0010535248
0.0007975473
0.00086850376
0.0010022677
0.0014883259
0.0011908727
0.0012931635
0.0015048503
0.0021903457
0.0013056423
0.0013359427
0.0010238682
0.0011163036
0.0009197247
0.0010065174
0.004899083
0.0020772272
0.016477142
0.005707121
0.0028151646
0.0016693088
0.0011045729
0.0011705607
0.0013963999
0.001156763
0.007465083
0.0023464614
0.0073953974
0.0018658406
0.00084759796
0.0018218384
0.00112246
0.0009321866
0.0009548711
0.00082094065
0.0009214886
0.0008613442
0.0010496906
0.0008848997
0.0008719613
0.00079975877
0.00089948694
0.0006501498
0.00069029385
0.00076806213
0.0007837589
0.0010822574
0.0008109372
0.00089645834
0.0011244272
0.00085970166
0.0009967994
0.0007847268
0.0008392212
0.001070829
0.0008486925
0.0009692781
0.0009116189
0.00092072977
0.0008392224
0.0007709832
0.00083592796
0.00073329685
0.0011563377
0.00082594634
0.00091226946
0.0010792337
0.000959748
0.0011633845
0.0010689592
0.000853503
0.0008878928
0.007597678
0.0015638174
0.001695189
0.0065475167
0.0013631715
0.0011797694
0.00074257655
0.0027254892
0.0007569138
0.000994835
0.0010561695
0.001205301
0.0008534492
0.0010964206
0.00084905204
0.0011321371
0.001347552
0.0011466459
0.001100287
0.0010810865
0.0010486139
0.0010014118
0.00094104826
0.0012629394
0.000968583
0.0009323303
0.000765376
0.0010701028
0.00126751
0.00085944583
0.0009557296
0.0006947857
0.0008348612
0.0011644833
0.001005818
0.0009968248
0.00092850154
0.00089186046
0.0009498647
0.0007643243
0.0010072368
0.0010349625
0.00081004517
0.000881108
0.0069650705
0.0009487809
0.0009055551
0.0009100487
0.0007223641
0.0008204978
0.0009791544
0.0009409299
0.0009080431
0.000783676
0.00090947375
0.0009359037
0.0009872147
0.0007931561
0.0010561107
0.00083960005
0.00092558714
0.0011310271
0.0007971187
0.0007415485
0.00083486905
0.00056713336
0.00067030365
0.0007495564
0.00078066497
0.00079935614
0.0009165462
0.0008989802
0.0009182615
0.0008585998
0.0010608141
0.0008176784
0.0010328195
0.00076733105
0.0012391923
0.00067711226
0.0031513022
0.003129715
0.0009427928
0.0008955556
0.00090935605
0.0010591635
0.001959344
0.0013288143
0.0015057392
0.0015281274
0.0009804681
0.00086827495
0.001057232
0.0013384316
0.0020096265
0.0019863974
0.001160904
0.0007730123
0.00078392454
0.0011164538
0.00080994976
0.0008639459
0.0021358365
0.0011114571
0.0009770356
0.0011728863
0.0009326476
0.0011296546
0.0014353199
0.0010558936
0.0009080702
0.0010823365
0.0009969778
0.0012751156
0.0010482591
0.0009702725
0.0014218279
0.0010139125
0.0011315233
0.0008149971
0.0018260898
0.0011829749
0.0014863178
0.0017552288
0.0012299031
0.0032009059
0.002147068
0.0028799402
0.005870132
0.005128545
0.001773789
0.0013711461
0.00091444055
0.0009154009
0.0010241739
0.0008045407
0.0010074646
0.0013135249
0.00084329065
0.0009073744
0.0010681589
0.0010207022
0.0015101628
0.0013336395
0.00067805406
0.0010179981
0.0031530191
0.003408213
0.0013395178
0.0011665418
0.0010356099
0.0009273879
0.0008597694
0.0010401683
0.0010513712
0.0011061669
0.0010974541
0.00083184947
0.0012026614
0.00074048043
0.0011086831
0.0011171106
0.0009026254
0.0036704524
0.0013379073
0.00088419684
0.0016438194
0.0012869261
0.0026617707
0.001085803
0.0010207793
0.0012844594
0.0026494965
0.001258064
0.0011282683
0.0012688594
0.0011896058
0.0011626601
0.0030474444
0.0013579646
0.0016899445
0.001179768
0.0007667161
0.0007907386
0.0007410118
0.0010726353
0.0006988467
0.0011221148
0.0010527255
0.0009590171
0.0010062925
0.00091767753
0.00081247947
0.00088307454
0.0023603896
0.0015601307
0.0014556764
0.0014607297
0.00094643404
0.00095329154
0.0011451468
0.0008695096
0.0035371128
0.0032995914
0.004415811
0.0013588804
0.001253551
0.0028784748
0.0025150375
0.0044377507
0.0023894818
0.0029032277
0.0012515105
0.0010452179
0.0011167441
0.0015816996
0.0010403352
0.001094911
0.001223947
0.00083020475
0.0009787705
0.0012252765
0.0008280384
0.00076414266
0.0010535569
0.0007078632
0.0007833871
0.0010020596
0.00071724196
0.0010427926
0.0010288503
0.0011141999
0.0016696787
0.001073393
0.001630215
0.00074620784
0.000866154
0.0008509107
0.0014331515
0.0014956315
0.00089041673
0.000990309
0.0010004163
0.0010499865
0.0012429148
0.00078241975
0.0012575916
0.0010357543
0.0020053645
0.0010418071
0.00231155
0.0017634744
0.0020085333
0.0019637514
0.0012570916
0.0014033002
0.0011764145
0.0010002644
0.0009566933
0.0010088835
0.0010431644
0.0010465571
0.0010513488
0.0012902468
0.0010615963
0.00085965166
0.0008671929
0.00088446715
0.00089291064
0.0007703807
0.00073797675
0.0014262141
0.000820386
0.00090395333
0.0007779106
0.0010471058
0.000959467
0.001970466
0.012749921
0.0017967909
0.0006867282
0.00082582585
0.001263591
0.001056176
0.00059407024
0.0007469913
0.000983284
0.002219188
0.0009318972
0.0009692499
0.0017211161
0.0010082446
0.00084406283
0.0010943705
0.0016461142
0.0008495078
0.0006785556
0.0010098312
0.0007996664
0.0010551407
0.00091098645
0.0010658093
0.0007193458
0.0010526454
0.0007953062
0.0008557264
0.008926745
0.00075178355
0.00085854536
0.00074297294
0.00066221505
0.0010177108
0.00084503734
0.00084299187
0.0007916947
0.0012236434
0.00075429556
0.0010277804
0.0010502902
0.00056275935
0.0008816328
0.0009988608
0.00091497164
0.0008370975
0.00096938445
0.000980598
0.0011229101
0.0009923177
0.00090330833
0.0010358926
0.00087566156
0.00079657644
0.0010201192
0.0012229705
0.0007586335
0.001098945
0.0014639315
0.00070126285
0.00094312255
0.0008875194
0.00086016
0.0007331072
0.00075606274
0.0008597207
0.00075989496
0.0007489721
0.0007823929
0.0005051803
0.00081649184
0.0008496555
0.00067191344
0.00077140745
0.0011085016
0.0007082357
0.0012649911
0.0015851614
0.0009445368
0.0015567956
0.0012461036
0.0010112632
0.0011006469
0.00092134037
0.0010825727
0.001407008
0.001050623
0.001011017
0.0013506213
0.00092662603
0.0006015869
0.0009071313
0.0009806277
0.0011194827
0.0009091105
0.0009107104
0.0008426557
0.0007776535
0.00087416015
0.0011264692
0.0007865243
0.00088943634
0.0010778949
0.0009020619
0.0006659608
0.0007427745
0.00075691985
0.0007490269
0.00097497384
0.001067693
0.0008609887
0.00084830285
0.0009987708
0.00083957345
0.0011937214
0.0013662425
0.0008923222
0.00068833836
0.00096267636
0.00079563126
0.00075497053
0.0017600877
0.003121521
0.0009120436
0.0012247971
0.0008454873
0.00095075206
0.0008781335
0.008978881
0.001783183
0.0053668646
0.0023415869
0.00208341
0.005479113
0.002708057
0.0030847515
0.0022523624
0.002221879
0.0024504145
0.0016746195
0.0015589352
0.0011074275
0.0015571439
0.0014828367
0.0011007538
0.0016019173
0.0011905758
0.0009790349
0.0011131865
0.0012127188
0.0011840108
0.0011428165
0.0008286521
0.0011362131
0.0013347
0.0009876128
0.0009818297
0.0009833426
0.001098939
0.0010064382
0.0011177678
0.00089917186
0.0008803269
0.00097310677
0.0010951096
0.0008979335
0.0011263784
0.0011593448
0.00088638125
0.0068645906
0.0017991755
0.0013891932
0.09309862
0.12280668
0.082218334
0.09435365
0.11314844
0.1634616
0.22444548
0.091348104
0.03656903
0.033710893
0.10103599
0.093290746
0.036762167
0.04098229
0.051330175
0.099048845
0.1278349
0.119404234
0.07923854
0.102732666
0.07872015
0.059041467
0.023907192
0.009623004
0.0025218402
0.0020890965
0.0012998371
0.0019272716
0.0010940075
0.0014875893
0.0015431052
0.0023944883
0.0014461619
0.0014290699
0.002842612
0.0013940051
0.0010620209
0.0012170544
0.000868463
0.0009165484
0.0011654109
0.0011297757
0.001142989
0.0031658318
0.0012866906
0.0017646481
0.0041406625
0.0014354689
0.0038423794
0.0012975058
0.0011559628
0.0010293692
0.0009610061
0.0019457701
0.005716061
0.0009834025
0.0009965235
0.045617703
0.15760025
0.13017446
0.081157245
0.085596494
0.115413815
0.13965724
0.13554838
0.091223225
0.010570249
0.033625435
0.10116935
0.10441434
0.055037137
0.057122357
0.045177247
0.09400181
0.11113198
0.110512815
0.111809336
0.13679269
0.15208752
0.13417874
0.0459461
0.00723293
0.0031695028
0.0017022627
0.0012639218
0.0014027911
0.0012019562
0.03335887
0.049568325
0.064641595
0.057963252
0.08192542
0.14247352
0.19009544
0.15043552
0.17628758
0.1759348
0.118933596
0.052410662
0.138209
0.12100712
0.015928593
0.010482961
0.036933534
0.09861453
0.17799202
0.1758864
0.122061715
0.06019678
0.05169511
0.084897295
0.09340519
0.049187303
0.03835499
0.041385394
0.09014391
0.106574364
0.115237616
0.04942081
0.13777056
0.0878402
0.040911812
0.06658505
0.06315246
0.022105945
0.014123142
0.014273271
0.05390399
0.05279389
0.041779034
0.030836226
0.01769801
0.013298163
0.041390307
0.057959396
0.05892749
0.060018912
0.050277952
0.015566847
0.019131783
0.025921935
0.016318697
0.0034058692
0.0028255493
0.013087576
0.014978531
0.008373901
0.00235395
0.0014514875
0.002124762
0.0013800574
0.0015315877
0.0016613664
0.0013851274
0.0314459
0.0023282818
0.0010376227
0.0012446358
0.001303661
0.0013492063
0.0012056406
0.0011461183
0.0010122835
0.0012979112
0.0010998243
0.0009167791
0.0008449868
0.0012092112
0.0011996826
0.0010104872
0.0010932382
0.00072626653
0.0013326488
0.0008007268
0.0061267316
0.0013873803
0.0014733822
0.0014080838
0.001329813
0.0012496344
0.0013533229
0.000663627
0.000946193
0.0011462126
0.0026762257
0.0009102535
0.0011205068
0.0010549366
0.04132663
0.091873705
0.07126811
0.08321221
0.094169535
0.17433432
0.20206372
0.16379482
0.07715767
0.013781436
0.021686656
0.11270317
0.11602456
0.09892806
0.06890805
0.046984904
0.043492753
0.092332445
0.089583196
0.05022327
0.09918466
0.096985035
0.06069238
0.026425436
0.014612452
0.002983865
0.0015433495
0.0011540876
0.0006968801
0.00085093995
0.00082656235
0.0014671228
0.0011158923
0.007130368
0.04610551
0.06645696
0.06909428
0.07501582
0.14892517
0.15485238
0.15628672
0.20132563
0.21376474
0.09120658
0.06331864
0.14521417
0.047048707
0.012589162
0.011283302
0.049225938
0.2231542
0.23298968
0.17623809
0.12587646
0.04766052
0.047510654
0.109318584
0.08244821
0.0649133
0.039399993
0.08805126
0.11215966
0.109473936
0.09411701
0.12043988
0.05922538
0.04582416
0.048812054
0.042789303
0.020813799
0.019524693
0.035126068
0.027571755
0.017080475
0.017794302
0.05498166
0.073115475
0.05536585
0.05806007
0.023275366
0.0065703457
0.018344032
0.019146735
0.005153331
0.0024149853
0.009968443
0.011328665
0.010329235
0.009184129
0.0029316207
0.0018017681
0.0011919796
0.0016490058
0.00082924333
0.00128158
0.0012033494
0.0010838899
0.0012941109
0.0011935529
0.0013831845
0.001070317
0.0017032446
0.0011589697
0.0012839338
0.0010628803
0.0015209859
0.011346655
0.022434972
0.0054012197
0.0058218827
0.0015369137
0.000954254
0.0015479933
0.0012362071
0.0009695446
0.0007873141
0.0015571687
0.0012391189
0.0009117625
0.0019223883
0.0008867397
0.00095328165
0.0011304766
0.0011008992
0.0030117042
0.0024157052
0.0015894092
0.0022436238
0.0013635914
0.0014930783
0.00094681804
0.0010951011
0.0010381319
0.000979196
0.00090498
0.0013995904
0.0010996674
0.0017436574
0.0010970634
0.0011916964
0.0009247074
0.001349611
0.0013390098
0.0011890888
0.0010851799
0.0010242526
0.0008923721
0.0014508534
0.0013047423
0.0009884405
0.0024199649
0.0007977659
0.0008879835
0.0008985818
0.00094758905
0.002764574
0.00086974393
0.0008665522
0.0010591239
0.0010145174
0.00090071524
0.00075022946
0.00079169683
0.000734063
0.0010080102
0.0030941886
0.0052792863
0.0033631644
0.0009731093
0.0011829385
0.0009142678
0.0009852811
0.00091339677
0.00083432463
0.0010564409
0.00096907147
0.0011407355
0.0008418647
0.00095617556
0.0009590487
0.0014524553
0.0009054966
0.0009435634
0.0011058745
0.001039961
0.0006961908
0.0013825753
0.0011940688
0.000836423
0.0011449959
0.0018016389
0.0011240393
0.0009837123
0.00089991785
0.00095590454
0.00085775286
0.00087421923
0.0008044513
0.00096238847
0.0011132851
0.0011948416
0.0018423592
0.0019595828
0.0011360314
0.0011338652
0.0007884916
0.0007973179
0.0010812075
0.0010737407
0.0008731063
0.00085674046
0.06382914
0.08887674
0.06895174
0.07739615
0.097371995
0.17230684
0.18239573
0.107031815
0.04584391
0.035097573
0.09256924
0.096961886
0.06496318
0.033617336
0.03374268
0.06498955
0.10277963
0.09991942
0.07078956
0.12097362
0.10348944
0.0772335
0.05138371
0.01136409
0.0065214494
0.0019371437
0.0014027179
0.0013635724
0.0012011357
0.0077523817
0.01631111
0.022811487
0.03206268
0.047157943
0.082578115
0.08371765
0.06212969
0.124206245
0.17280567
0.14784253
0.13831036
0.12374726
0.04554567
0.03478128
0.14263794
0.038768124
0.007900443
0.009930667
0.047258604
0.17261249
0.21434431
0.18132901
0.05508475
0.0691497
0.096962206
0.11670905
0.04438756
0.041226923
0.07658888
0.110810764
0.13249992
0.047551878
0.13080624
0.12827389
0.038589206
0.05374091
0.049170967
0.025155554
0.023325605
0.0526272
0.06374847
0.04048744
0.014900176
0.048306935
0.108348794
0.11302978
0.06152857
0.057791788
0.03075266
0.010956102
0.017599272
0.013397121
0.001529923
0.0018301447
0.009697377
0.013712271
0.012098925
0.009295644
0.004773208
0.0025461302
0.0011106951
0.0013122448
0.0006980629
0.0010852446
0.0010428804
0.0010928693
0.0008573968
0.0008867648
0.00091278343
0.0011127413
0.00092954276
0.0008303498
0.0011787745
0.0011695626
0.0009672399
0.001075602
0.0010421805
0.0013129797
0.00126994
0.0011059293
0.0009887213
0.0008240632
0.0010667489
0.00422887
0.000983282
0.0013263468
0.0010196608
0.008656036
0.0021987867
0.0014851606
0.001670896
0.0015275815
0.0014207517
0.0014811589
0.0015558224
0.0014531799
0.0012874088
0.0015879971
0.047386132
0.0931443
0.077233024
0.07582106
0.08862058
0.13973348
0.17961292
0.10229542
0.049318172
0.036040556
0.1171395
0.1199743
0.12913033
0.044262845
0.0423142
0.075685866
0.105138205
0.112693
0.07560585
0.1282891
0.12060565
0.116759054
0.054744504
0.017168092
0.008455478
0.002225141
0.0014248686
0.0008674948
0.00651636
0.038619306
0.058782782
0.06157784
0.05461241
0.08534488
0.09925528
0.118859164
0.13482903
0.11734313
0.1222582
0.12816131
0.076948054
0.053814042
0.16636974
0.158088
0.021639146
0.01273332
0.03527701
0.13731004
0.24468733
0.2660333
0.14335568
0.061197493
0.05864868
0.11071055
0.08451956
0.038126584
0.037683867
0.08053213
0.10075666
0.11103799
0.03771298
0.074447274
0.044850536
0.024609594
0.044817723
0.031097062
0.026112674
0.0165096
0.05438901
0.047293983
0.013472063
0.016148454
0.068201214
0.09987166
0.085353605
0.066507645
0.027464462
0.009527243
0.0155251585
0.011593308
0.0018135717
0.0023463387
0.009231897
0.012805899
0.011086328
0.011119012
0.005545771
0.001581836
0.0007608489
0.000900538
0.00065777375
0.0008907749
0.000792841
0.0009962529
0.0019446086
0.0006904495
0.0006678957
0.0006050507
0.00088003016
0.001139979
0.0012362257
0.00077706424
0.0012767793
0.0007000638
0.00094562705
0.0012295434
0.004238614
0.032959938
0.07278671
0.07517573
0.09414622
0.09460821
0.055327643
0.03965041
0.039937887
0.07553667
0.09325567
0.10054192
0.0608005
0.04429186
0.042744353
0.038796417
0.02711217
0.021203853
0.011495053
0.0038229192
0.001602491
0.0015617214
0.0010955641
0.0018956972
0.0027671459
0.0009951565
0.0020065927
0.001228853
0.0013704979
0.001290548
0.0016330113
0.0013225828
0.00097498327
0.0010590446
0.0011973473
0.005002761
0.0019253645
0.0013829938
0.0012280132
0.001007472
0.0011105413
0.0009564676
0.0010348497
0.0013865168
0.0013061271
0.001365615
0.0011372395
0.002191604
0.0011020505
0.001052929
0.0014370373
0.0008811927
0.0012682396
0.0009995
0.0012219768
0.0013414344
0.0010067477
0.0009832608
0.00096233224
0.0011096674
0.0010973035
0.0008719008
0.0009544016
0.0009889159
0.000821188
0.0013574734
0.0007001506
0.0010174077
0.0022755824
0.0020758389
0.0032751062
0.0014146605
0.0012416526
0.0014342583
0.0019927882
0.007725789
0.0028975022
0.002958701
0.001348554
0.0013662806
0.001084325
0.0015132326
0.0011255478
0.0010161737
0.001145952
0.0011271115
0.0010491279
0.00092933926
0.0010890176
0.0011742617
0.00085583783
0.0010266771
0.00086020987
0.00090427336
0.0010331605
0.0011810883
0.0009995766
0.0009772994
0.00073569827
0.0009208187
0.001149474
0.00091964967
0.00076199585
0.0010318506
0.0009844232
0.0011450173
0.002150099
0.0010781947
0.013076792
0.0014903789
0.0013730081
0.0012725254
0.0014445356
0.00117965
0.0015407999
0.0019910329
0.0013879121
0.0010945998
0.0009459474
0.0010878086
0.0012268492
0.0010476199
0.00097264105
0.0008978736
0.0012302148
0.0009252699
0.0007616504
0.00086519506
0.0009564849
0.0010201597
0.0010917134
0.0011448618
0.0009837651
0.0008730926
0.00091181876
0.0007213076
0.00080531056
0.0009196883
0.000865928
0.0010833971
0.0007502202
0.0006946127
0.0010819609
0.0010910012
0.0007127782
0.0007986525
0.00074658805
0.000953257
0.00109413
0.002262049
0.00095408544
0.000914149
0.0007429746
0.00074693246
0.0010798676
0.00091981166
0.0011971069
0.00089136866
0.00095963635
0.00078687747
0.0011585272
0.001085119
0.0010594008
0.0007662999
0.0009134496
0.0012452949
0.00095366675
0.0013204687
0.0011739352
0.0009681921
0.0009793809
0.0009498779
0.0009508093
0.0016351655
0.001736079
0.0006935542
0.00075190025
0.0008618857
0.001064463
0.0012730523
0.00092183147
0.0015780507
0.00086627656
0.0008740359
0.0013060477
0.00080800237
0.0009358337
0.0032991252
0.0012174093
0.013469002
0.086967334
0.12758856
0.13386524
0.16448624
0.16271162
0.088447586
0.054988
0.057886116
0.08904196
0.101357
0.13411078
0.09312922
0.063982666
0.04024384
0.048262287
0.0378642
0.022865538
0.012871992
0.00921039
0.005077664
0.0012493383
0.0011748953
0.0014325017
0.0012067279
0.00085579074
0.00078068266
0.0012706337
0.0015548842
0.0012221843
0.0011709795
0.00076235953
0.0011908276
0.0013713894
0.0013515402
0.0016715712
0.0012458578
0.0016732665
0.0033413179
0.002616904
0.0011017874
0.0012235536
0.0072416407
0.0011982494
0.00086174044
0.0007527212
0.00224958
0.0012020497
0.001000347
0.0007475502
0.0009204348
0.001214673
0.0011133169
0.000903214
0.0008853664
0.00090086786
0.0009694497
0.0009715778
0.0014242703
0.0011565026
0.0009988652
0.00092559296
0.00071416725
0.0009421762
0.0008829913
0.00094544643
0.0008396157
0.0008883952
0.0009040133
0.00089392305
0.0008818736
0.0009217503
0.0009105237
0.00094317755
0.0011170063
0.0011185664
0.0009847163
0.0010088056
0.0010901183
0.0011322056
0.012621893
0.0024590187
0.0012716779
0.0012182241
0.0011809556
0.003523832
0.0012758141
0.0013003492
0.001251725
0.00081550877
0.00096546614
0.0013775175
0.0010813221
0.0011965508
0.001127188
0.0010560107
0.0008655571
0.0009273863
0.0021204967
0.0011902245
0.0011636269
0.0012101443
0.0007984864
0.00075074524
0.0014435108
0.0009484485
0.0020498016
0.0009392389
0.001331207
0.0008075535
0.00092271564
0.0011549513
0.0009196299
0.0012705844
0.0013883976
0.0012662974
0.001149623
0.0012550866
0.0013522863
0.0013414677
0.001314459
0.0010903048
0.0012071977
0.0010352095
0.0010972839
0.009592871
0.002672736
0.05617639
0.093461774
0.10288775
0.12905237
0.13149586
0.08505587
0.046503775
0.056094855
0.11221972
0.1504281
0.1063917
0.060076438
0.054737546
0.042612366
0.048939176
0.035142977
0.016010584
0.010661897
0.009102576
0.0062205037
0.0019279189
0.0011581449
0.001242968
0.0016785496
0.0015007207
0.0013685153
0.0045864517
0.0017818112
0.0016290698
0.0018722509
0.002055243
0.0014144032
0.0016451607
0.0009574575
0.0008764069
0.00093483814
0.0008527026
0.0011070147
0.0010447754
0.0010294778
0.00085562415
0.00093647745
0.0007920531
0.0013140993
0.0011693179
0.0013441108
0.0011080978
0.000846059
0.00076492486
0.000713611
0.0011665478
0.0012085921
0.000952833
0.000861856
0.0227669
0.0024042442
0.0014019442
0.0011531117
0.0009298617
0.0031376756
0.0076642586
0.0013580815
0.0019484428
0.001010975
0.0012395342
0.0009679421
0.0008696086
0.0010351954
0.001119101
0.000997884
0.00093161536
0.00061371416
0.00085330836
0.0011149786
0.0008192799
0.0014451445
0.0011227274
0.00086994417
0.0009881324
0.0009943348
0.00096530054
0.0010767293
0.0011429713
0.0010645766
0.0007948229
0.00094481005
0.001069095
0.0008305757
0.0009336892
0.00093750755
0.00077711046
0.0008213999
0.0009319232
0.000874324
0.00081146817
0.0008420957
0.004361628
0.0011950602
0.00441585
0.0012470292
0.0628794
0.11846789
0.10102253
0.13724522
0.14090954
0.09085385
0.04067036
0.059237562
0.11268797
0.11849934
0.11011767
0.053666044
0.040675256
0.031427454
0.032192633
0.023436924
0.015719606
0.008983125
0.006282823
0.0027944217
0.0014095651
0.0018231916
0.0008868897
0.0009852002
0.00078064814
0.0016109978
0.0018836956
0.0013171649
0.001165864
0.0013698286
0.0009648358
0.001226219
0.00083798816
0.0012428837
0.0013400753
0.00096456014
0.00111224
0.0010666697
0.0011274782
0.0009649079
0.0012019777
0.0010817663
0.0012261396
0.00084666046
0.0008795354
0.00083857035
0.0010310508
0.0006658619
0.00093028555
0.000758679
0.0008024727
0.0010397013
0.0014656169
0.001265103
0.0011715814
0.0011178424
0.0011714387
0.0014313374
0.001592144
0.0010821786
0.0011946249
0.001756801
0.0016339076
0.001332144
0.0029372291
0.0014596322
0.0010000323
0.0012639884
0.0010985226
0.00086071494
0.0012316804
0.000999875
0.0009960769
0.0010386636
0.0009798879
0.00093880005
0.00087888376
0.00095971546
0.001070987
0.001177175
0.0011454838
0.0026279131
0.009840038
0.0011407249
0.0019037097
0.0016473904
0.0013234053
0.0013937515
0.0010307205
0.0009458778
0.0010712566
0.00088520395
0.00080281607
0.0011891673
0.00088863506
0.0013661374
0.0013902677
0.0007879523
0.00089305977
0.016476633
0.0015104036
0.000906554
0.0023552268
0.0010158421
0.0009171756
0.0010575961
0.0010737098
0.00096606393
0.0009993354
0.0010774242
0.0011600431
0.0010697411
0.0009310938
0.0010495523
0.00089974614
0.0008299299
0.0008710766
0.0013415976
0.00090163865
0.0012967015
0.022772968
0.0024271253
0.002240399
0.0012052475
0.0013033227
0.0032295783
0.0011454537
0.00092653057
0.0016058501
0.0013622076
0.001478259
0.0012308093
0.0009325374
0.0009953
0.0010451857
0.0016170419
0.0013633918
0.0015032372
0.0015223882
0.0012334181
0.0011981723
0.0010650246
0.0010362063
0.0011146389
0.0011659785
0.0012557044
0.0011413897
0.00130555
0.0029225403
0.002650097
0.0017406931
0.0008404913
0.000937446
0.0012717509
0.0013057693
0.0011225571
0.0010197017
0.0008395738
0.0013165032
0.0007995134
0.0008722657
0.0052004536
0.0013744618
0.0012887566
0.0009819687
0.0012245089
0.0008844204
0.0011634881
0.0012502372
0.0007421152
0.00072696136
0.0010383244
0.0012633752
0.0010948231
0.0010230325
0.0014099802
0.0012505195
0.0009114206
0.0012500931
0.001284079
0.0025115956
0.0032649734
0.0009064302
0.0010960026
0.0008676022
0.00071041187
0.0010019746
0.003045285
0.0038271549
0.0037061698
0.0010313718
0.0014188638
0.0009398359
0.0011773632
0.0008716471
0.0007553021
0.0010032105
0.0008768782
0.0009734285
0.00074258377
0.00096918433
0.0007602864
0.00083944784
0.0010880601
0.00087917567
0.00095478003
0.0017981495
0.0033852365
0.0011797078
0.0011002147
0.001034763
0.0013543541
0.0012782128
0.0011427451
0.0013780628
0.0010075722
0.0010179974
0.00117761
0.0009661013
0.0022772104
0.0012026213
0.0010238827
0.0076905685
0.0011930831
0.0009905581
0.0009043102
0.00090361835
0.0013001511
0.0017462239
0.002072188
0.002957634
0.0025417877
0.0017075513
0.0015654265
0.0020007761
0.0016846845
0.0012739706
0.0010663597
0.0012723138
0.00094193633
0.001341163
0.001512806
0.0023845725
0.001786722
0.0022108378
0.0018838645
0.0012848746
0.0010556299
0.0012252739
0.0010947518
0.00082943763
0.00086576556
0.0012578099
0.00071925623
0.000954547
0.0010870476
0.0012164043
0.00080127857
0.00073731074
0.0008826712
0.00091463415
0.00078981137
0.0007520783
0.0007953604
0.00075288705
0.0011975626
0.0011554995
0.0061251675
0.0010847256
0.00061754265
0.0008368292
0.00085433765
0.0009854463
0.0009088716
0.000914698
0.0009215005
0.0007576897
0.0008298931
0.0006642094
0.0014170454
0.0010235448
0.0009786154
0.0037212623
0.0009412764
0.0008969001
0.0006793268
0.0008480445
0.0009605232
0.0009931942
0.0008284977
0.0008357012
0.0008173423
0.0010880403
0.00071241433
0.0008472592
0.00082083256
0.0009913595
0.0009588267
0.0010381402
0.0012897238
0.0010231951
0.0010965728
0.0011540537
0.0011503343
0.0008818376
0.00073269586
0.0011167107
0.0010363623
0.0012093555
0.002831008
0.0026748918
0.0011691706
0.0013836751
0.0009782333
0.0012113729
0.0013026871
0.002403847
0.001605392
0.0015907224
0.0015280505
0.0014636565
0.0024002069
0.0011832278
0.0054513915
0.0020945687
0.013069169
0.008300581
0.0018502664
0.0018398148
0.0013073767
0.001192724
0.001244246
0.0017913441
0.008521944
0.0033233427
0.0021988538
0.0018857637
0.001801717
0.0018312306
0.0015282464
0.0014663526
0.0015447359
0.0018721217
0.0017316936
0.0026326927
0.00182963
0.0012476196
0.005921435
0.0074027474
0.0014527346
0.0017106651
0.0016040116
0.0017357533
0.0014259141
0.0013015396
0.0013637998
0.001528127
0.0014124627
0.0010549031
0.001488097
0.0015724662
0.0016624798
0.0015700682
0.002641741
0.0011768717
0.0015874866
0.0013230923
0.001632251
0.0016260032
0.0016989363
0.0012435713
0.0010075695
0.00082196394
0.0011525383
0.001334659
0.001699299
0.001474098
0.0014003097
0.0013209992
0.0020858631
0.0013092916
0.0012005434
0.0013729248
0.0012243689
0.0014421903
0.0018496959
0.0013691725
0.0014916221
0.0011588305
0.0011428103
0.0013263335
0.001561129
0.0015815548
0.0036356384
0.0018223734
0.0016176777
0.0025782106
0.0015484005
0.002577798
0.0016030743
0.0019591597
0.0019049627
0.0021228357
0.0041520908
0.00538895
0.0012186173
0.02905602
0.0031948092
0.007403619
0.0018923392
0.001561481
0.0019528264
0.001921113
0.0017277993
0.0018921357
0.0022934796
0.001881982
0.0020008297
0.0018763832
0.002732753
0.09475244
0.1843778
0.026358882
0.009385298
0.0038460658
0.0025965006
0.0019096622
0.00191884
0.008205647
0.0015146701
0.0016375539
0.0013788879
0.0016975461
0.0014972637
0.0014508122
0.0015672705
0.001534759
0.0012477863
0.001172466
0.0012227318
0.00094317604
0.0017418874
0.0015367467
0.0013710661
0.0016137459
0.0015664947
0.001283469
0.0010240453
0.0010178649
0.0011671013
0.0012727785
0.001462315
0.0038697338
0.0015855309
0.0017206408
0.0013989258
0.0009972604
0.0016623707
0.0034242128
0.0015639011
0.0019451836
0.0015325744
0.0011901235
0.016992887
0.0016679617
0.00084106333
0.0017122094
0.0016945114
0.0017746062
0.0021062596
0.0017408398
0.0015062005
0.0013577356
0.0012437801
0.0011331568
0.002371287
0.0015611448
0.002124977
0.002110796
0.0020219272
0.0016712716
0.0020192515
0.0017978924
0.001667823
0.0016645096
0.0020548773
0.0019568652
0.0015791776
0.001483757
0.001778515
0.4208324
0.07875918
0.023462163
0.010790297
0.003655822
0.0024347717
0.0026824372
0.0024380048
0.0018702017
0.0015227313
0.0018568925
0.0019435069
0.0016139024
0.001480711
0.001694004
0.0017982145
0.0019692865
0.0022789142
0.002849774
0.003302859
0.0031766323
0.003945698
0.003730318
0.002783376
0.0037416057
0.0040958687
0.0016247699
0.0020211495
0.0016948031
0.001990337
0.0024182296
0.00207546
0.0021097846
0.0015503083
0.0016744635
0.0012620055
0.0016926778
0.0019702758
0.0026451075
0.0038568815
0.0020881891
0.004718011
0.0077211186
0.01693722
0.06427826
0.056196745
0.26106688
0.26453245
0.08318709
0.0341053
0.014497328
0.00847066
0.0054787644
0.013245588
0.013894281
0.0132548
0.010680467
0.15155908
0.1655297
0.13494281
0.09853559
0.010065857
0.20948356
0.24540935
0.14567903
0.06045416
0.08246711
0.11374741
0.08310737
0.04920083
0.02628887
0.055661093
0.08067723
0.10736021
0.04154774
0.056518767
0.0661461
0.08661462
0.07467985
0.046299856
0.030415433
0.0056802924
0.0054401434
0.0030216614
0.0016727883
0.0026253345
0.0025993534
0.007525295
0.015123351
0.028953299
0.033411376
0.035099756
0.029410167
0.030670185
0.03546597
0.030296337
0.024917142
0.02420203
0.024309054
0.021953804
0.01746712
0.022060072
0.011334752
0.014314991
0.010181441
0.009208896
0.007308894
0.0041319714
0.0017234007
0.0017304004
0.002736736
0.0020178682
0.0026635951
0.0015764494
0.0015542877
0.0015072386
0.003340289
0.002459753
0.001990624
0.0020737299
0.0026143957
0.002700459
0.0024449546
0.0036797714
0.0030756032
0.0038779005
0.0092653595
0.016074687
0.016114624
0.014974766
0.018689135
0.01655471
0.01627267
0.017957626
0.014701401
0.009225613
0.0071651037
0.004591032
0.0029418764
0.0025738587
0.002150744
0.0026489345
0.0015907363
0.0018358147
0.001131797
0.0008989145
0.000993043
0.0010619698

