
@start
0.0027230573
0.011405399
0.048558254
0.05527081
0.06031536
0.062605366
0.052191954
0.03638344
0.012363348
0.006406621
0.0048621437
0.005813427
0.007357181
0.012976468
0.010853288
0.020224532
0.061234295
0.050698746
0.025391579
0.041507073
0.04785088
0.052664123
0.052428335
0.055510435
0.059529703
0.036566343
0.030779058
0.036772974
0.04206274
0.041950427
0.02580664
0.008063103
0.007734728
0.00721536
0.0067486973
0.009467789
0.0052402844
0.0016850341
0.0018638574
0.002058846
0.0019254229
0.005395689
0.0019078172
0.0009566043
0.0012560517
0.0010041671
0.00088169315
0.0009922727
0.0009917846
0.0022912093
0.0015378109
0.0021555878
0.0014927303
0.0012910888
0.0016996701
0.0015118477
0.00114262
0.0021456846
0.0022111104
0.0023527155
0.0018067749
0.0019690122
0.0014798112
0.012595965
0.003213044
0.0020959263
0.0018697102
0.002746066
0.002104512
0.0031286539
0.0015268591
0.0014873751
0.0010890559
0.001176653
0.0012112703
0.0010470175
0.0012005304
0.00087005075
0.0010458987
0.0012216399
0.0011682435
0.001205781
0.0016999877
0.0017803481
0.0018281627
0.002400505
0.002764105
0.002188082
0.0037604228
0.001804427
0.00090955675
0.005280137
0.0050842203
0.003604981
0.0025911622
0.0018603796
0.0021241836
0.0024082942
0.00266966
0.0013215815
0.0010164453
0.0014541367
0.00079373136
0.0009992024
0.00082395505
0.0006188704
0.0007439291
0.0033405859
0.0009141667
0.0058926707
0.0012455081
0.001542798
0.0015532451
0.0018671973
0.0020106453
0.002102191
0.0028652267
0.0025149807
0.0027071296
0.0023196284
0.0024860173
0.0025589664
0.0025634558
0.002564793
0.0024013876
0.0019658396
0.0017954936
0.0013705124
0.0010709898
0.00073037506
0.0011221938
0.00096056174
0.0010462633
0.00090040447
0.00087425986
0.0009880066
0.0008722706
0.0010886635
0.0016591302
0.0017524351
0.0023792835
0.0020939389
0.0023904897
0.0020957454
0.002310908
0.001642706
0.0016794582
0.0014751256
0.001598227
0.002028456
0.0019390405
0.0024804971
0.0020661927
0.0012183331
0.0009316105
0.001216491
0.0011637048
0.0016525047
0.0012871559
0.001870027
0.0022071446
0.0022147945
0.0017805411
0.0022483484
0.0015377293
0.0009540822
0.0010875376
0.0012746191
0.0010872574
0.0022484686
0.002202631
0.0012452132
0.0012180476
0.0011609537
0.0010175793
0.0010856682
0.00092984474
0.0007108987
0.0006774099
0.0010291189
0.0015147021
0.0014208739
0.0016855235
0.0013066378
0.0011018792
0.0011161491
0.0010751459
0.0007554751
0.0007749887
0.00085954624
0.0007319707
0.0009485741
0.00068550167
0.00093046325
0.0014266345
0.0012170336
0.0010212867
0.0010378788
0.0016971588
0.0012864337
0.0013268115
0.0010124898
0.00086149096
0.0009916105
0.0015240284
0.0008362511
0.0008547461
0.0009958658
0.0007585714
0.0009611353
0.0010080916
0.001012184
0.001600068
0.0019888063
0.002151417
0.0024320055
0.0025394831
0.0032319983
0.0040691006
0.0037664876
0.004539544
0.0037525871
0.003470733
0.0030127992
0.0035992463
0.0027055123
0.0016074544
0.0009085001
0.0011871549
0.0012212723
0.0015051339
0.0012112083
0.0013575222
0.0022494635
0.002426576
0.0019676688
0.0024432673
0.0023617758
0.0015250485
0.0016257266
0.0015480765
0.001739931
0.0016257159
0.0018502016
0.0011894245
0.0015788494
0.0013242812
0.0010288137
0.0007521873
0.000595797
0.0006981703
0.0012827902
0.0012048308
0.0017126306
0.0022310256
0.0018747001
0.0028220667
0.0024291344
0.0027396989
0.001996301
0.0019181807
0.0019029494
0.00225283
0.0020117788
0.0021959296
0.002034112
0.0019361216
0.004737135
0.0020000238
0.0017040627
0.0016747012
0.0019031997
0.00158546
0.0012821923
0.0012254089
0.0011084563
0.0010958124
0.0012567051
0.0008297624
0.0006479212
0.00067976647
0.0007420849
0.001770974
0.0040690564
0.0059128525
0.010195174
0.013798439
0.015564209
0.015525043
0.010836755
0.009298968
0.010852348
0.007837781
0.008755905
0.009313307
0.0030091738
0.0018346054
0.0014345071
0.0010928231
0.0010073822
0.0010119329
0.0019459155
0.0014706905
0.0021343033
0.0020292783
0.0019028607
0.0018917064
0.0012667194
0.0013715045
0.00095661724
0.0014783735
0.0019498758
0.0013872915
0.0018878349
0.002203073
0.0020724824
0.0009794211
0.0013666819
0.0014496063
0.0009757423
0.00074606977
0.0008410598
0.0012071154
0.0012384042
0.0013581855
0.0016284013
0.0017981153
0.0021518953
0.0018108133
0.001449532
0.0019414945
0.0016111095
0.0020326439
0.0018234157
0.0019045228
0.0014591842
0.0016710418
0.0016840781
0.0015892921
0.0014022281
0.0014225486
0.001254146
0.0014075851
0.0012843682
0.0012901572
0.0014098249
0.0010725659
0.001240703
0.001065346
0.00070932135
0.0009430102
0.00086306484
0.0006842692
0.00068156736
0.0005370685
0.0004503711
0.0005979864
0.0005646487
0.000567584
0.00044905517
0.00066780247
0.00062192307
0.00068173534
0.00060700806
0.000552275
0.00052634126
0.0005902512
0.0005109865
0.0004707027
0.000521297
0.0005703405
0.00048708217
0.0006199046
0.00048748346
0.000606678
0.0004930727
0.0006207928
0.00046592348
0.000545486
0.00067258294
0.00054830755
0.00066102797
0.00048524846
0.0005187102
0.001336466
0.00077064947
0.0005632929
0.0005946716
0.0006971083
0.00058876444
0.0006722292
0.00050165807
0.0006211135
0.00046464172
0.00049948646
0.00038444673
0.000523769
0.000527407
0.00049171696
0.0004494305
0.00043725249
0.0005183225
0.00052607607
0.000563199
0.00051376
0.00043126746
0.0004542024
0.00051122985
0.0005182448
0.00054061087
0.00047238046
0.0005955326
0.00055814354
0.00054755475
0.00066601305
0.00066565373
0.0005492576
0.000504303
0.0007008096
0.00059401593
0.00090889283
0.0010784563
0.00061150314
0.0009263039
0.0006945125
0.00063577667
0.0006495857
0.0007317127
0.00060407794
0.0006590205
0.00057916733
0.0007894006
0.0006658869
0.00065826863
0.0006518558
0.00053187215
0.00046241563
0.0004333722
0.00042886974
0.0005191409
0.00048254096
0.0004033177
0.00049108185
0.00047824363
0.000737485
0.0006360321
0.0011198198
0.0006248813
0.00066530315
0.00046503605
0.00056029414
0.00050810375
0.00090849516
0.00072066294
0.00090596505
0.000774716
0.0008163238
0.00069232064
0.0007876453
0.0007706271
0.00078030745
0.0009099444
0.0010314864
0.000861999
0.000708837
0.0012028932
0.0007547624
0.00056870416
0.0007249708
0.00085630536
0.001003897
0.00077131536
0.0007913689
0.0007959062
0.00073097454
0.00055371487
0.0005857645
0.00064040715
0.0006657755
0.0005584344
0.0004942628
0.0007554451
0.0005299575
0.00070413045
0.000553881
0.00059991726
0.0005990619
0.0005180298
0.00055212993
0.0004951905
0.0004130209
0.00046358714
0.00047773556
0.0005156283
0.0006346842
0.0005680864
0.00048541234
0.00065502967
0.0006921218
0.000685903
0.0006076361
0.00054621825
0.0005285427
0.00058657286
0.00058519386
0.00052555685
0.0005609186
0.00058831996
0.0008940248
0.00075316586
0.00081160886
0.00085784943
0.00087504723
0.0008116401
0.0011180763
0.0007770996
0.00085341785
0.00079046027
0.00086253264
0.000770913
0.00078724005
0.0008400885
0.00086303387
0.0009893615
0.00083315815
0.0009854967
0.0009853961
0.0006500881
0.0007025803
0.00070830097
0.0011730494
0.0008208378
0.00074445555
0.0005777877
0.00057465973
0.0005622349
0.0005873704
0.00048584156
0.00061522215
0.00052787276
0.0009991633
0.00071168516
0.000532163
0.00063517294
0.0005984486
0.00052188203
0.0007119958
0.0009826017
0.000659778
0.00079815905
0.0007949671
0.0006055819
0.0006227267
0.00064518774
0.00061129685
0.0013587546
0.00096130697
0.0007499354
0.0009764127
0.00066968997
0.0006587888
0.00060633227
0.0007064501
0.0006203452
0.0006604821
0.0008691278
0.0007478949
0.00077701465
0.00076371006
0.00091652654
0.00090768235
0.0010671562
0.00096655154
0.0007372286
0.0007937257
0.00063551654
0.00090815005
0.00082352204
0.0011035922
0.0010720504
0.0011500824
0.0013038215
0.00095727097
0.0009942411
0.00084185164
0.001111523
0.0009257654
0.0008444384
0.00065982965
0.000893234
0.00061198184
0.0006122129
0.0005334546
0.0005313279
0.0005182081
0.0005290579
0.0005656625
0.0008356632
0.0006437338
0.00056002836
0.00041703501
0.0005325333
0.0005801488
0.0004984185
0.00060065516
0.0006736638
0.0005198752
0.0006196433
0.000658544
0.0006267922
0.0006941186
0.00071350706
0.0007568268
0.0008303181
0.000982543
0.00090220914
0.000901149
0.0009024045
0.0010263954
0.0013413811
0.0011751252
0.00096602214
0.0009931404
0.0010207598
0.0009938743
0.00086594804
0.0010661399
0.0009086222
0.0007654311
0.0009868093
0.0008458575
0.00082350377
0.00074207585
0.00072342716
0.0008930065
0.00092828745
0.0010923247
0.0009869591
0.0008396386
0.0006954407
0.00049628975
0.00061952055
0.00053602527
0.000508373
0.000569635
0.00046168122
0.0005053162
0.000553021
0.0006697877
0.0005884558
0.00049150374
0.0007092575
0.0006860069
0.00081145414
0.0007888246
0.0011581545
0.0007613287
0.00085837324
0.00078176695
0.00069603574
0.00065105775
0.0007454381
0.0007238881
0.0007306327
0.0006676537
0.0006951682
0.00069272966
0.00085932337
0.0007643942
0.00086972275
0.0009786683
0.0010064465
0.00071803
0.0007434162
0.00063659647
0.0006191723
0.00058991456
0.00054452283
0.0005794
0.0006426971
0.00050198357
0.0005151733
0.000607762
0.00056763884
0.0005060134
0.00053605373
0.00064441713
0.0006590525
0.0005226317
0.0006069771
0.0005566587
0.0005739889
0.00056097395
0.0005743787
0.0005026568
0.0005400698
0.0004796075
0.00062943634
0.0006204532
0.00051510864
0.00050441845
0.00042491278
0.0006338627
0.00054060196
0.00046460438
0.00039086293
0.00046552726
0.00047384028
0.0005536223
0.0005332529
0.00049182074
0.00046477534
0.0006548661
0.000687075
0.00053517986
0.0006222295
0.00067438075
0.00073484966
0.00071396615
0.0008510516
0.00064527214
0.0008583033
0.0007363931
0.0007803168
0.0009897922
0.0009632463
0.0009632202
0.00083092734
0.0009491859
0.0011596122
0.0010633388
0.0007498444
0.0008615395
0.00063560816
0.0006955857
0.0014468048
0.0025063553
0.00087280304
0.0005077795
0.0006150758
0.000697307
0.00058781094
0.0005142005
0.00065710105
0.00041198358
0.00046026972
0.0006383313
0.0004652353
0.0004893013
0.00055761036
0.00041275483
0.00055264507
0.0005316989
0.00042985898
0.0007517899
0.0008470915
0.0006639125
0.0004905298
0.0008694452
0.00051706
0.0008282231
0.0005293146
0.00036255384
0.0004358547
0.00056973065
0.00041108453
0.0005891522
0.00057878444
0.0006734143
0.00082109444
0.0008557411
0.000722147
0.00065874093
0.00068985415
0.00048013966
0.00053795666
0.00055166037
0.000530228
0.00052590953
0.00053565146
0.0005669834
0.00058493344
0.00071702176
0.0005825204
0.00059239945
0.0005765021
0.0007512223
0.00044750783
0.0005731679
0.00062684296
0.0008732265
0.0006589727
0.0006540297
0.00066055
0.0006214904
0.0008650089
0.0006474831
0.000791683
0.0008249107
0.00069051224
0.00096515124
0.00078768615
0.0006233089
0.00066177326
0.0006059363
0.00062402844
0.00068876595
0.00059814105
0.0006829459
0.0009058102
0.0005663413
0.0005994694
0.0005935027
0.000574065
0.0007057083
0.0006856233
0.00057845545
0.0005347491
0.0006357362
0.00048627472
0.0005147654
0.0016017576
0.0006757929
0.00052516785
0.00053842174
0.000773514
0.0006425914
0.00093986833
0.00076122757
0.0011466484
0.0007463093
0.000789864
0.00076853036
0.0010202198
0.00090564677
0.0010751701
0.00089102035
0.0011061855
0.00094050966
0.00096908095
0.00083382794
0.0008652009
0.0012429521
0.0015503477
0.0012321146
0.0013304831
0.0010446111
0.0009806495
0.0009879672
0.0007482624
0.0008275019
0.00088118383
0.0008292497
0.0009200016
0.0007800655
0.00072003197
0.0006424178
0.000690815
0.0006426449
0.000711058
0.0005443045
0.00072819064
0.0006304463
0.0008404104
0.00055883906
0.000580758
0.0006191355
0.0004992242
0.00075061
0.00059367507
0.00062470813
0.0005759235
0.0007099376
0.0005670617
0.0006522207
0.0005869763
0.0005956026
0.00056840933
0.00068502274
0.0008400363
0.00089730776
0.00081306725
0.0014422102
0.0012748743
0.00086363807
0.0008567609
0.00086488016
0.0008726881
0.0008036586
0.00094162754
0.00062926026
0.0007175226
0.0009790217
0.00088501314
0.0007683963
0.0006625013
0.00065946503
0.0006930239
0.00078766345
0.00079166587
0.00060411426
0.000575354
0.00068831287
0.0007020082
0.0007508136
0.0007009923
0.0006005634
0.0005709508
0.00079179276
0.0005037505
0.00056666246
0.00065011083
0.001153973
0.0005667968
0.00057254557
0.0006323624
0.0007247722
0.00062548916
0.0006498398
0.0007108207
0.0006664176
0.00072132866
0.0012771836
0.00086221396
0.0006651471
0.00083735114
0.00074103975
0.0007544947
0.0010226505
0.00081679586
0.00073522
0.0007849162
0.0011485826
0.0008195519
0.0011400747
0.0012089771
0.0011751201
0.001299914
0.0013939462
0.0014132689
0.0012728471
0.0014491971
0.001165096
0.0011675102
0.0011527234
0.0014923668
0.0012880209
0.0012665496
0.0013842104
0.0014737173
0.0014829931
0.0014458753
0.0016157024
0.0016744917
0.0016341703
0.0016648747
0.00159052
0.0014216276
0.001109867
0.00094439543
0.0009114575
0.0008322325
0.00088447303
0.00053418154
0.00073593936
0.000835103
0.0007061895
0.00074043084
0.001114335
0.00083313574
0.00085685274
0.0006036235
0.00077049877
0.0006599151
0.00058763986
0.00061138923
0.00054881175
0.00065028516
0.00068530336
0.0012561547
0.0010657588
0.0014702779
0.00252223
0.0018426036
0.0017753021
0.0018027712
0.0025688962
0.0027254154
0.0037236863
0.0038225674
0.0034490305
0.0042435983
0.0036154825
0.003993429
0.0026772616
0.0026244847
0.002114259
0.0015042454
0.0017239823
0.0016783183
0.0015957905
0.0011162945
0.0011782598
0.00094234647
0.0011361956
0.0008886709
0.0011362445
0.0019934855
0.0029263545
0.0020381915
0.001391895
0.0012611749
0.0012582464
0.0007118005
0.0010118049
0.000853027
0.0006359852
0.000498967
0.0006079484
0.000534005
0.0004703385
0.00057597196
0.0004579052
0.0005560089
0.0005586383
0.0007635062
0.00052061764
0.00046908788
0.00042184876
0.0005808085
0.0007757601
0.0012071538
0.0005621242
0.00047175324
0.00054108043
0.0006109721
0.00062218966
0.0005786741
0.00070442905
0.0006122935
0.00054316176
0.00071028294
0.00067748345
0.00058373204
0.0007199031
0.00078583363
0.0009038014
0.0007680815
0.00095103635
0.0007115934
0.00080288976
0.00075008406
0.00078087
0.000900378
0.00077177107
0.0007677565
0.0010595998
0.0011509057
0.0007439955
0.00083504926
0.00079104496
0.0011063253
0.0015145019
0.0037789643
0.0022533555
0.0022818395
0.0025664393
0.0019293436
0.0016131133
0.002972199
0.0016552592
0.0021811333
0.0014923132
0.0015439006
0.0013956153
0.0016464944
0.0017653534
0.0014534415
0.0011233598
0.0013977629
0.0015314239
0.0013942419
0.0012905082
0.0011981999
0.0011402281
0.0009997755
0.00091698754
0.00067801034
0.00082723604
0.0007231557
0.00062592817
0.0005675956
0.0005506911
0.00045947396
0.0005979802
0.0006373535
0.0005732104
0.0009820991
0.0005984927
0.0005780123
0.0005716085
0.00066068384
0.0005004915
0.0005502795
0.00053493434
0.00054718804
0.00052032515
0.00063898764
0.00060346327
0.0007345958
0.00067687035
0.0006567409
0.0004979753
0.0006232789
0.0006955115
0.000799927
0.0006959763
0.00073339615
0.0006569239
0.0006473306
0.0006824505
0.0006586842
0.0005947651
0.00060543726
0.0005707408
0.00064701017
0.0008353229
0.0007566962
0.000528731
0.0005695523
0.0005700232
0.0005790566
0.00085450034
0.0007782357
0.00074608764
0.0008257434
0.0007760137
0.0006981749
0.00073493755
0.0006805175
0.00074028195
0.0011318398
0.0010805657
0.00069213577
0.0007633338
0.0007605191
0.0007964963
0.0007706804
0.0008475769
0.00057371607
0.0006491185
0.0005486821
0.0005908028
0.0009148424
0.0006552023
0.0006148391
0.00060263474
0.0006859659
0.0006477195
0.00068384997
0.00070629246
0.0005675108
0.0005956777
0.00052251876
0.0006387604
0.00071008835
0.0006263215
0.0006687295
0.0006375217
0.00068139855
0.0007207217
0.00077664526
0.0006676703
0.0006301168
0.000712828
0.0006532277
0.0009992769
0.0006103954
0.00061388477
0.00062708213
0.0005728944
0.00067141466
0.00049077393
0.000590434
0.0006516165
0.00061233266
0.0006669275
0.00059493585
0.00062261894
0.00055296964
0.00046294136
0.0006236194
0.0006022483
0.00060419505
0.0007208328
0.0006160071
0.00055140257
0.00085162936
0.0005883058
0.00050677976
0.00062202814
0.000535275
0.00067335257
0.00060789636
0.0006795635
0.0003593578
0.0005644143
0.00046598513
0.0007169513
0.0007634661
0.00065482967
0.0005449752
0.0007019579
0.0007357534
0.00055212487
0.0007066226
0.0009675882
0.00065700157
0.00078801776
0.0006925025
0.00084198127
0.0008350634
0.0008167319
0.0006932285
0.00072474463
0.00069060153
0.0007501812
0.00072298676
0.00066616613
0.00078495365
0.00073006685
0.0006997353
0.00063864194
0.0007372859
0.0007438958
0.00082096213
0.00078584993
0.00068093906
0.0005942751
0.00048319207
0.0004923263
0.00060607604
0.0006783945
0.0005352671
0.00049860985
0.00047613189
0.000497543
0.00042151238
0.00054603413
0.00053817994
0.0005846327
0.00069762056
0.0005171906
0.0005095088
0.00069121784
0.000607859
0.0005154332
0.00066480594
0.00078132673
0.00051361014
0.0005079727
0.0004807881
0.0007322539
0.00046933553
0.00054386345
0.00044246617
0.0005733791
0.00047950947
0.0007354127
0.0005717363
0.0004638211
0.00038825866
0.00044142889
0.0004647185
0.0009155684
0.00059842784
0.00058456004
0.0005880335
0.00073119916
0.014865159
0.0008144329
0.0006834954
0.0005029143
0.0006875902
0.0005505852
0.0006743534
0.0007773536
0.0020144633
0.00048361594
0.00086641946
0.00046574895
0.001991728
0.0005114697
0.0003474668
0.00062694546
0.00072190905
0.0005928507
0.00047663166
0.0006023165
0.00048353162
0.00055489107
0.0004409355
0.00047114238
0.0006165119
0.001257978
0.0007845432
0.0005953896
0.00053175754
0.00054937555
0.0004924479
0.00056681404
0.00040576025
0.00044210628
0.0006769187
0.0004984156
0.00050931354
0.00036549874
0.0003344934
0.00048074426
0.0005042831
0.0003845275
0.0005565101
0.0022479708
0.00163678
0.0005658078
0.00047333806
0.00062079483
0.00059400976
0.0004214929
0.0005262706
0.0004125166
0.0006389397
0.003795149
0.0038713696
0.0023731652
0.0022154092
0.0011399784
0.00091041677
0.0010636394
0.0008659459
0.0007583092
0.00059558667
0.0007437126
0.0007068412
0.0005683444
0.00057988823
0.00052446115
0.00040203822
0.00071753096
0.0005871812
0.0006198735
0.00049049826
0.0005539612
0.00041424573
0.00047845778
0.00046712326
0.00068059214
0.00063785154
0.00052271184
0.00046236644
0.00080156385
0.0004914714
0.0015883527
0.0006064847
0.00067570875
0.0006534711
0.0008925531
0.0007587101
0.00091953203
0.0011919696
0.0012052165
0.0012707436
0.0013755627
0.0014420311
0.0011744087
0.0014378862
0.00128577
0.0014108492
0.0014618869
0.0013007993
0.011398568
0.01804375
0.014414783
0.005789757
0.011237924
0.00590461
0.00184568
0.0015148836
0.001100762
0.0024940744
0.0010524512
0.0008827443
0.0010067914
0.0007056401
0.0006769313
0.0011512839
0.0011524147
0.002205543
0.0021401832
0.0008464031
0.0010068306
0.0012907444
0.001339221
0.0011992204
0.0014807974
0.0011958821
0.001809713
0.0021024577
0.0031645184
0.008364615
0.021356508
0.015023605
0.028212216
0.025903312
0.033601083
0.029522516
0.0225043
0.022181695
0.017364878
0.015190389
0.016426183
0.013008533
0.012423485
0.011565402
0.00819377
0.006415549
0.0072110873
0.0062520793
0.0055787186
0.005730739
0.0051142657
0.005046017
0.004963766
0.0051137507
0.0048420327
0.0050672446
0.005059644
0.0053259293
0.004845013
0.0049921847
0.004905074
0.00532969
0.0052116145
0.0044733877
0.0038107221
0.0033431074
0.0034424907
0.0027263353
0.003108925
0.0035477711
0.0027978737
0.0025134527
0.002348303
0.001803829
0.0022552698
0.0010937051
0.0009574467
0.0012713613
0.0010636946
0.0007429271
0.0048708785
0.0012131291
0.001546509
0.0013700703
0.0015451394
0.001650865
0.0018933227
0.0018080424
0.0018803352
0.0016687064
0.00242761
0.0022954522
0.001973496
0.0020578129
0.0021106806
0.0024396433
0.002644282
0.002502808
0.0038488626
0.0032642782
0.002444508
0.0022716646
0.0017825224
0.0015959372
0.0015235051
0.0012857027
0.0011243225
0.0009287453
0.00084659556
0.0009648491
0.0038377373
0.1141297
0.15946802
0.16459963
0.032619692
0.04142884
0.12380193
0.02988311
0.0036980212
0.0017306899
0.0027711778
0.009416095
0.012081825
0.0128385285
0.012960363
0.013342594
0.011125175
0.010818094
0.009047608
0.00942809
0.005611868
0.0063357227
0.007090792
0.00734741
0.0065947594
0.0050822585
0.0046542757
0.0039787414
0.0037844223
0.004094614
0.0037483368
0.0030199322
0.002288297
0.0026568077
0.0030929588
0.0026610026
0.003217184
0.0034596394
0.0029895573
0.0058172164
0.0047745127
0.0037649728
0.0046163592
0.0041714176
0.004738536
0.0025864597
0.0021586628
0.0012651494
0.0010869988
0.0012515133
0.0015778977
0.0014216745
0.0014580931
0.002040326
0.0031190794
0.0035308858
0.0049300496
0.0070140883
0.009145709
0.017991984
0.018918894
0.018810747
0.01396172
0.009516019
0.005912768
0.00264581
0.0021162727
0.0015213696
0.0015136823
0.0064860787
0.004168299
0.0027687026
0.002867634
0.0018249919
0.0023707715
0.0028692607
0.0018700171
0.0023404474
0.0013587346
0.001800898
0.002858647
0.002061202
0.0016529389
0.0018236816
0.0016699871
0.0023391931
0.0018138691
0.0056553627
0.0035437203
0.002580719
0.0020031193
0.002918143
0.0021702598
0.0025409926
0.0030046757
0.0047003734
0.0846103
0.009708064
0.007962223
0.0031649487
0.0030140525
0.014037355
0.004721682
0.01103613
0.008275643
0.023561176
0.026930159
0.037675608
0.04200597
0.049910296
0.029507084
0.029857477
0.028333481
0.024206046
0.030814748
0.023532389
0.023495052
0.014881194
0.013461258
0.01571146
0.017989663
0.017121784
0.01219506
0.004805732
0.0038644983
0.0034778684
0.003190033
0.00309442
0.0023701717
0.002408988
0.0029788765
0.0028994097
0.0024304844
0.0045794016
0.0035159618
0.0029333816
0.0027465178
0.0022881813
0.0027336513
0.0053628595
0.0070668585
0.00368386
0.0022155389
0.0029799726
0.002849612
0.003071835
0.0017022841
0.001828473
0.002237125
0.0034593998
0.001691756
0.0015244135
0.0013700499
0.0010986427
0.0016124415
0.0008750415
0.0013428001
0.0012676019
0.0012193406
0.0014557805
0.0011880408
0.0011719372
0.0010455749
0.0012155563
0.0017088852
0.00078501
0.0009501615
0.00067504053
0.0006849211
0.0007439953
0.0005315241
0.00070042594
0.0007127481
0.0007208728
0.00065981376
0.0007214898
0.0009146285
0.0009566356
0.0011357878
0.0013059453
0.0011981408
0.0013592824
0.0015628077
0.0014948687
0.0020769937
0.0017316376
0.0018485711
0.0017048372
0.0015562302
0.001798231
0.0014348113
0.0019836335
0.0019092625
0.001441478
0.0019664268
0.0019374465
0.002083585
0.0017820606
0.0022554563
0.0017962991
0.0015206516
0.0015590151
0.001313741
0.0021894837
0.0042595076
0.0043188217
0.0028078696
0.0035032746
0.0023602513
0.0019583476
0.006024855
0.0040219463
0.003258319
0.0018445158
0.0047211577
0.00195507
0.0023689526
0.0021972354
0.0021698626
0.0018391827
0.0025199656
0.0031034849
0.0028691865
0.0028538757
0.0018185781
0.0017196644
0.0017657349
0.0017037499
0.02983205
0.03950273
0.008599649
0.0041732388
0.0020825649
0.0015303609
0.0013566731
0.0021737097
0.0013361092
0.0019879881
0.0017215578
0.0013306296
0.001306711
0.001755458
0.0016222108
0.0016750348
0.0016964924
0.0021123684
0.0048605367
0.01659238
0.012654488
0.009467095
0.007907425
0.0052941437
0.00371009
0.003707645
0.0033268253
0.0036670757
0.002956952
0.002662446
0.0020268601
0.0014931511
0.001964181
0.0012402548
0.0012207457
0.0018741862
0.0025350244
0.002517499
0.0029025415
0.0035095355
0.0038858072
0.0030607563
0.002339268
0.0025237182
0.004958319
0.0038829804
0.0033369202
0.0019699663
0.0019446408
0.0013192991
0.0020650814
0.0021471211
0.0020704132
0.0017788259
0.002124887
0.00543438
0.01120354
0.0037771012
0.0071873534
0.011876179
0.0032034032
0.0017710408
0.0016588913
0.0016206837
0.0027064085
0.0021612453
0.00192493
0.0013781518
0.0015018972
0.001464638
0.0009819187
0.0013710784
0.0010188237
0.001117248
0.0018062772
0.0013619119
0.0011645195
0.0013624689
0.0019900443
0.0015971503
0.0011992777
0.0016086271
0.0016852341
0.0018146054
0.00212059
0.043691117
0.0029957553
0.005977171
0.00133987
0.0016625549
0.001036823
0.0011887171
0.0016519483
0.002074264
0.0014256982
0.001566336
0.00079148624
0.0008722983
0.0009566172
0.0009398813
0.00091291056
0.0014766969
0.0010856198
0.0010248402
0.006176495
0.002369407
0.0011711621
0.0011123598
0.00070789875
0.000982508
0.0009350073
0.0009271826
0.0008403036
0.0008136824
0.00073423027
0.0005739873
0.0007610017
0.00070449087
0.0011082368
0.001071618
0.0007530375
0.00070014526
0.0016946433
0.0008927516
0.0008854601
0.0008323504
0.0008575178
0.00086660194
0.000814267
0.00086895534
0.0007915674
0.0007509902
0.00658996
0.0022308223
0.0040246393
0.0009796964
0.0033937132
0.010091829
0.0010060068
0.0008946431
0.0006438461
0.0007872027
0.00088938634
0.0007559107
0.0007137916
0.0004957384
0.0007561713
0.0008793922
0.00081899675
0.0009822027
0.0009628605
0.0013043139
0.00081175985
0.00092777197
0.0007945933
0.0009284226
0.00097289035
0.000694281
0.00087005773
0.0009203233
0.00050887023
0.0006256137
0.0006536118
0.0006166985
0.00062324887
0.000560917
0.000582031
0.0007237962
0.0006661697
0.0005855304
0.00057124416
0.0008012548
0.0006606361
0.00063727965
0.00070098095
0.0008556953
0.000561962
0.00059784803
0.00060207176
0.0006178799
0.00060049846
0.0008454672
0.0028082312
0.0008136906
0.0006540336
0.0007840726
0.0005433382
0.00084497826
0.00087518303
0.0006540247
0.0006848839
0.0007963177
0.003462578
0.0009158616
0.00069025095
0.000735686
0.0008664819
0.00048424833
0.0024379515
0.00076903997
0.0005448339
0.0007918924
0.00060932926
0.0005995009
0.0004750457
0.0032004153
0.00063097663
0.0005038171
0.0005219974
0.0005217207
0.002270096
0.0004912835
0.00057438033
0.0006833422
0.00095559016
0.001220577
0.0009944382
0.0028491737
0.0028212038
0.00081238156
0.0010387634
0.00090229436
0.0018535287
0.0010423841
0.001114575
0.00073978514
0.0007274696
0.0009099354
0.00073276507
0.0008135761
0.0022949488
0.0007820633
0.00071251084
0.00070364214
0.00081383507
0.0008833169
0.0010164955
0.0006861935
0.0009180337
0.000650762
0.0006591036
0.00069923943
0.0006055678
0.0006791371
0.0005412053
0.00082090124
0.00090957293
0.0012052855
0.0012346961
0.0014310954
0.0012663564
0.0013087014
0.0014459911
0.001615498
0.0014504794
0.0013759767
0.0018210466
0.0012281041
0.0011086871
0.0008984738
0.0011536676
0.0012247947
0.0008642399
0.000821749
0.00073932257
0.00069138437
0.0007911381
0.00066348526
0.00051702844
0.00050458545
0.0007174768
0.00072145346
0.0005431436
0.0005686725
0.00061034755
0.00050397724
0.00053168717
0.00052996364
0.00048529214
0.00057379535
0.0006711516
0.0007500705
0.00045731798
0.00055727665
0.00045749688
0.0005737074
0.0004106505
0.0005391546
0.00059348374
0.00043811434
0.000519581
0.0005192789
0.00056531164
0.00071174133
0.00071185234
0.00060486974
0.0005309054
0.0010036681
0.00069464376
0.0005339868
0.0007940481
0.00069162686
0.000625641
0.001076699
0.00074942067
0.00091830944
0.00069925253
0.00092432316
0.0010785081
0.000900034
0.0008449599
0.0010922442
0.000968992
0.0009620895
0.0009264012
0.0009475585
0.0010497615
0.0011442694
0.0008114165
0.002491013
0.00080216257
0.0010400513
0.000984802
0.00081431563
0.00082685397
0.0008022887
0.0006287001
0.0006226176
0.00064134033
0.000755496
0.0007151391
0.00058605697
0.00093043904
0.0010746374
0.0012963191
0.001898776
0.0020489458
0.0027452495
0.0023349442
0.0025705285
0.0021530825
0.0019941342
0.0015770968
0.001942114
0.0017457225
0.0016138203
0.0012039185
0.0010640093
0.0013356309
0.001282423
0.0014880645
0.0010590226
0.0010911815
0.0010406276
0.0011223729
0.00083335745
0.0007414341
0.00070435775
0.0005923928
0.00071745424
0.0006562751
0.00063737144
0.0006794165
0.0027560648
0.0007869103
0.0006797524
0.00057724636
0.0006033086
0.00047749534
0.00053194957
0.0005392793
0.000585089
0.00052241003
0.0007064033
0.00062048045
0.0006419578
0.00055385765
0.000633138
0.00040328337
0.00069337944
0.0005771035
0.00049358624
0.0006249233
0.0006432367
0.00051962765
0.00066991156
0.000667125
0.00060396985
0.00070114795
0.0005754693
0.0018728323
0.00068333704
0.0008405982
0.0010556554
0.0008745604
0.0008390818
0.00078373903
0.00096652476
0.0012061321
0.0009665604
0.0010159434
0.0010632587
0.0011246993
0.0008150998
0.0011397254
0.00113045
0.00090545294
0.0008041833
0.0009756398
0.0010108438
0.0009366731
0.0008921194
0.001146014
0.00095404114
0.00101721
0.0008556304
0.001092259
0.00089795975
0.0006376683
0.0006122637
0.00064983504
0.000804213
0.0007386334
0.00067809067
0.00065931014
0.000671848
0.0007339767
0.00081680977
0.0010727565
0.0019295005
0.0017113913
0.0027856978
0.0026687572
0.0026950664
0.0027055582
0.0028120524
0.0024560175
0.0022084247
0.001723512
0.0017040863
0.0017220291
0.0012555368
0.0013693922
0.0011301789
0.0011956851
0.0009789945
0.0011590623
0.0038040036
0.0014487645
0.0008852823
0.00080481125
0.0008854553
0.0007424053
0.00082766864
0.0008870126
0.00082765677
0.00069305574
0.00073465024
0.0008284432
0.00085437036
0.0006393827
0.000639691
0.00072637893
0.0006716312
0.00066811533
0.00066030025
0.0007220536
0.0007549715
0.00088371284
0.00076736795
0.00063039124
0.0006345864
0.00080546306
0.00094368553
0.0007257597
0.00078590226
0.001015125
0.0014155408
0.0029449107
0.0014206822
0.0012735547
0.0018341583
0.0013445511
0.0013143349
0.0006922154
0.000816182
0.0010113828
0.0009952146
0.0008096612
0.0008711081
0.0009890561
0.00073501316
0.0008796277
0.00094509835
0.0011240344
0.00087316934
0.00087554404
0.00080456544
0.0010127706
0.0011433616
0.00069771096
0.00083138613
0.0006909694
0.00065661
0.00070061366
0.00064535026
0.00063783245
0.0005147294
0.0006761452
0.0007044958
0.0004268807
0.0005939592
0.000619361
0.0004937349
0.0006752364
0.00077408174
0.0006417293
0.0008314006
0.0010434339
0.0011404548
0.0022023998
0.0028414386
0.0033557138
0.0044103274
0.0048163794
0.0048818314
0.004525817
0.004745543
0.005832605
0.004895812
0.0053510605
0.007025226
0.0064593395
0.0047429893
0.0034319654
0.0029862681
0.0022935737
0.0015849307
0.0011699555
0.0009357431
0.00073696574
0.033241298
0.22675346
0.034867775
0.025801757
0.008039708
0.08050226
0.028272344
0.020929389
0.016579906
0.0065373466
0.0020103212
0.0028721048
0.0022633597
0.0017784619
0.0019013347
0.0019351463
0.0020042537
0.0019862158
0.0016177007
0.0023347007
0.0037286768
0.0026978306
0.00341874
0.002180631
0.0021709627
0.0028611717
0.005350681
0.003313406
0.0016491453
0.0016924791
0.0014238486
0.0025996508
0.0022361118
0.0013663974
0.0011814513
0.00086687686
0.0026709451
0.0011910439
0.001473353
0.0015389405
0.0008831196
0.00083834876
0.001807469
0.0012393844
0.0011730619
0.0016339339
0.0011238257
0.0013244834
0.0014398178
0.0025729872
0.0020485497
0.002263574
0.0028139555
0.0029051027
0.0029647439
0.0017021492
0.0022092357
0.0013162453
0.00075399585
0.0013588797
0.0014508702
0.0062577925
0.0015481462
0.0015831351
0.0015450964
0.0012374781
0.0010732207
0.00096332445
0.013019478
0.004160773
0.0036527126
0.0030676634
0.005469803
0.00803239
0.0058829165
0.0049884347
0.0022078215
0.0035714307
0.0034387244
0.0030242405
0.004862395
0.0053922874
0.0063039153
0.0065008006
0.0053582294
0.0045291767
0.003501757
0.0024016486
0.0023262817
0.0016370453
0.0011007714
0.00091694004
0.0012109715
0.0015436492
0.0018251408
0.0010196647
0.03928706
0.03362064
0.030249182
0.012521473
0.0063921157
0.0055890786
0.0037661719
0.0024115976
0.005510646
0.0034521664
0.0034055004
0.0021011035
0.001600375
0.00090537657
0.0019399486
0.0015815245
0.0049271295
0.005514373
0.002211483
0.003012979
0.007388792
0.0016193145
0.00204782
0.0016603887
0.0017674405
0.0026148455
0.0013218282
0.0022877776
0.0016778094
0.001981848
0.0018002558
0.0021848192
0.0025083618
0.0022552193
0.0018712467
0.0018655489
0.0023229045
0.0020039433
0.0022777587
0.0014757114
0.0016062214
0.0010330502
0.00095791265
0.001195452
0.0016881716
0.0016422152
0.0027328648
0.0036727854
0.0032754056
0.002370393
0.0034816782
0.0029528833
0.0028278343
0.002768325
0.002329765
0.0033878412
0.0037148027
0.0112090865
0.010041867
0.010463573
0.008479816
0.0077227997
0.0055788807
0.005878666
0.004542224
0.004587655
0.0035526443
0.0026166136
0.0024637687
0.0022255294
0.0028908951
0.0015649528
0.0009980302
0.0006950888
0.0011292257
0.0008137558
0.0009913857
0.00063274935
0.0010371025
0.0009783449
0.0012573394
0.0016398532
0.0013537963
0.0015321682
0.0012057552
0.0011889162
0.0014426965
0.0038277218
0.0014190777
0.0015355468
0.0019318613
0.0020629866
0.0018249619
0.0016241341
0.002131436
0.0021436813
0.0028715015
0.0021849247
0.0021370838
0.0026362299
0.0022693854
0.0014059207
0.0014636447
0.000956238
0.00078182825
0.00092282635
0.0014840162
0.0013997045
0.0013843401
0.0012020764
0.0014701213
0.0021433444
0.0035215898
0.0029361492
0.0017807685
0.0012582521
0.001142224
0.0013440822
0.00144604
0.001584362
0.0018851218
0.0021263263
0.0031210275
0.005696856
0.0019465899
0.002134153
0.0017892862
0.0019996979
0.0029494183
0.0016660729
0.0013998155
0.0016400308
0.001039739
0.026004598
0.0030097347
0.0019008599
0.0020302446
0.0021397541
0.0026486416
0.0029848812
0.002131129
0.0038204861
0.007080962
0.0033834788
0.0019762695
0.0022596028
0.0020167646
0.001209656
0.0012565424
0.0021630062
0.0012289331
0.0013051495
0.0012751607
0.0112681
0.0033920554
0.0040743304
0.002975604
0.0019357449
0.0013332489
0.0019924873
0.0017613547
0.0015433286
0.0020632127
0.0025458196
0.0038209152
0.0038668523
0.0038975372
0.0043084226
0.0040563983
0.0023955798
0.0095421085
0.0045345365
0.0026378937
0.0037717929
0.0069434736
0.0051392294
0.024166653
0.021729633
0.006048525
0.004585512
0.002418016
0.0036716314
0.026825218
0.03173267
0.008935048
0.006429922
0.0037204325
0.004494848
0.0041706357
0.0033620333
0.003607337
0.0027592136
0.0019372503
0.0011731093
0.0009945256
0.0007965144
0.0007280138
0.0007620849
0.00067910395
0.0007843545
0.00048455936
0.0011673903
0.00089652266
0.0009824794
0.0011846673
0.0014875763
0.0015168315
0.00091650576
0.0011686275
0.0007090069
0.0009861471
0.00091323274
0.001020974
0.0009060786
0.0010176615
0.0011875598
0.0014712941
0.0013463867
0.0011925044
0.0012544446
0.0012988683
0.0010544523
0.0010625554
0.00090199884
0.0010197492
0.0010691986
0.0011352142
0.0009643353
0.0010818536
0.00065188785
0.0009907088
0.00079311815
0.0010228149
0.0010021721
0.00090915954
0.0007437673
0.0007321335
0.0006674765
0.00072174624
0.0005949501
0.0005875428
0.0006777204
0.000739102
0.0009610748
0.0008734295
0.0008752399
0.0011178819
0.0020451164
0.0010590616
0.0014364319
0.00088741624
0.0009259906
0.0005034633
0.0010971642
0.0010170967
0.0012189213
0.0010388196
0.0007168738
0.0015486291
0.0017819462
0.0008084859
0.0007072167
0.00065756415
0.00085636316
0.00077760156
0.0004367505
0.0006797837
0.0008516232
0.000667703
0.0006415348
0.0005545463
0.0006823043
0.0007168981
0.0006762602
0.0005053364
0.00051747804
0.0019385073
0.00077136967
0.00060641806
0.000636793
0.0004440447
0.00065516797
0.00069382694
0.0009182948
0.00070591166
0.00061674224
0.0006944417
0.0005778439
0.00063449825
0.0006973096
0.00053863274
0.00067344715
0.00061653665
0.00066872494
0.0005166684
0.00058348564
0.0005756375
0.0006714897
0.0005667403
0.00058601436
0.0005459735
0.00067235075
0.00063258904
0.0005476166
0.0006443802
0.0005117689
0.0008432795
0.000772873
0.00068592536
0.00061693275
0.0007655466
0.0007442639
0.0007824107
0.00070327194
0.0006589431
0.00065023
0.0006524366
0.00047287415
0.00055952906
0.00063834887
0.00071618194
0.00068426714
0.00077969895
0.0006599623
0.0005489352
0.0006918157
0.0005602974
0.00066313107
0.0005432308
0.0005831626
0.0005841569
0.00055994967
0.0005179597
0.00045273025
0.00057763734
0.00064177456
0.00071058504
0.0006552862
0.00079984276
0.00053445896
0.000734062
0.00072933943
0.0005300513
0.0006270045
0.00066110573
0.00069048075
0.0007526673
0.00083633483
0.0009233219
0.0020701697
0.0010934958
0.0009616716
0.00078739214
0.0007723176
0.0007873797
0.00075967854
0.0007219086
0.0007527279
0.00076486985
0.00087330164
0.0007371455
0.0007004099
0.0007063194
0.00066571543
0.0006959776
0.00070016447
0.0006200134
0.0012253078
0.00061432127
0.00073164806
0.0006649577
0.0028970907
0.0027877102
0.0007193984
0.0006468007
0.00087356527
0.0007479695
0.0007113868
0.00081450853
0.0024406207
0.0006745273
0.0006702919
0.0013881272
0.0013329064
0.0010714284
0.018375084
0.1300792
0.17787029
0.20837691
0.09451838
0.06949548
0.12395208
0.15143648
0.13998191
0.12481117
0.06862451
0.020264864
0.14000703
0.11527761
0.08536022
0.10327326
0.1418438
0.16196187
0.13927463
0.12678108
0.086175226
0.07749557
0.10402235
0.111966826
0.09369802
0.074429795
0.05951009
0.06632724
0.056300823
0.05650984
0.05171331
0.007332689
0.00301649
0.014538086
0.010850161
0.08574559
0.14067978
0.12589093
0.10653728
0.059524782
0.08196009
0.08615279
0.06677743
0.04772458
0.028910745
0.027768394
0.04003866
0.054913003
0.03323999
0.019509248
0.0055405325
0.003655212
0.01832579
0.031802624
0.016632611
0.008600326
0.0017497814
0.0014372572
0.001192305
0.0012380953
0.001305743
0.00093891216
0.00072013243
0.00080058473
0.0008469958
0.00090712315
0.0012181273
0.0010676819
0.0009212589
0.0010198662
0.0008221171
0.0011982861
0.0013007438
0.0013652827
0.001017829
0.00078142685
0.00061042904
0.0007589564
0.00076173566
0.00066382485
0.00065388536
0.00069265196
0.0005964623
0.0008900496
0.0006323575
0.00052354747
0.00094038015
0.0007526523
0.0006002484
0.0008830751
0.0007343878
0.0007394397
0.0005456398
0.0008770119
0.0006078078
0.00082230533
0.00046887758
0.0006700344
0.0005557231
0.0006207729
0.0005249742
0.0006380473
0.00064889767
0.00065556075
0.0006494861
0.00069707143
0.00048258473
0.0005877701
0.0007292947
0.0016472368
0.00078287453
0.0006275749
0.0006390065
0.0005514075
0.0007415015
0.000693855
0.00082783366
0.0008611241
0.0007208477
0.00084214914
0.00070492446
0.00059569726
0.0007940051
0.00061918073
0.0007771844
0.0008021652
0.0008077069
0.0005169921
0.0007277532
0.0008402777
0.00048440613
0.00055924855
0.00048536074
0.00056739093
0.0015907126
0.0009324013
0.0006719384
0.000794845
0.0006009544
0.00033913553
0.00052989955
0.00048416862
0.0004923129
0.0006785594
0.00059362507
0.00079859997
0.0005435632
0.0022481421
0.0008513294
0.00063873397
0.000620513
0.0005610363
0.00079701
0.0005868443
0.0023299118
0.000649351
0.0006928674
0.00077331334
0.00075349107
0.00077906623
0.00084426673
0.0011469754
0.0007715256
0.0018811484
0.00064504665
0.0006605297
0.00063641515
0.0013935495
0.00066296925
0.00257618
0.0020837772
0.039930083
0.055871684
0.13035671
0.1729326
0.19611844
0.1473627
0.080212116
0.030198958
0.019487338
0.093515284
0.08087961
0.022481525
0.0069085103
0.037830688
0.16035932
0.14422476
0.09634366
0.059026096
0.11295165
0.14075746
0.14703244
0.08098011
0.044713307
0.0040621883
0.01399767
0.045089513
0.031121977
0.041589294
0.10239047
0.120488934
0.102989495
0.07419958
0.061269894
0.03351192
0.024797585
0.02777759
0.031289037
0.02398536
0.02026599
0.005614067
0.0022792942
0.0012888483
0.00071857125
0.00063399825
0.0006766406
0.00073130656
0.0007365653
0.00076150923
0.0008695852
0.0007444683
0.0022889823
0.006076056
0.00076052203
0.00090251723
0.0007576382
0.0904376
0.07347895
0.020393556
0.25901926
0.24690571
0.16445474
0.10220428
0.07129221
0.12409584
0.1254025
0.1284586
0.096029416
0.03189951
0.006709514
0.010369995
0.07633169
0.096178256
0.063102864
0.034295954
0.09928853
0.07709462
0.04846495
0.010524599
0.005424425
0.0013526252
0.0010853306
0.021827767
0.037007824
0.03566939
0.024660135
0.009455285
0.008529526
0.002463535
0.001538489
0.0027654283
0.00061797566
0.003989676
0.0019481617
0.0007055041
0.00086333946
0.00058007217
0.00086376397
0.0006808788
0.00075933506
0.0008219188
0.00066986843
0.001027384
0.0006700173
0.00086433685
0.0012896466
0.022760298
0.029951764
0.031189067
0.028357334
0.02889964
0.02979488
0.020229548
0.038625557
0.045036893
0.045545246
0.010833455
0.010823263
0.06876448
0.025867427
0.0053900406
0.006824873
0.10851129
0.1082354
0.056454483
0.052796155
0.09578042
0.10298421
0.08848007
0.06322593
0.01236505
0.020978507
0.014648773
0.011038543
0.052871987
0.06403326
0.05041377
0.040279035
0.03615659
0.01772435
0.007871913
0.006902301
0.0017160301
0.0063770832
0.0026717135
0.0042276764
0.004567679
0.0039541875
0.004511689
0.0040012416
0.005077812
0.0034972122
0.0023973717
0.0008946944
0.009321885
0.121076986
0.05068105
0.017814461
0.14513424
0.11883659
0.07605923
0.036164828
0.07302301
0.09960108
0.07748045
0.10160447
0.067158476
0.011611693
0.004668549
0.010277631
0.06112361
0.08010514
0.06942384
0.03146975
0.06150588
0.06132603
0.049383145
0.041236855
0.009783343
0.002510685
0.010242213
0.017286494
0.039643597
0.054669555
0.05404792
0.047774617
0.07410765
0.07686678
0.061757695
0.054679766
0.021393742
0.003994583
0.016987206
0.019937376
0.10106701
0.112026304
0.07147942
0.0066050873
0.0126888305
0.012126304
0.06294892
0.05491934
0.061782185
0.07344588
0.08179984
0.10164158
0.06342785
0.052114263
0.046742346
0.03785695
0.014294263
0.008423566
0.03035771
0.12871835
0.033080325
0.13412859
0.15474522
0.12707888
0.102063596
0.022559216
0.012592302
0.0070144027
0.013513967
0.026045484
0.022719009
0.019202203
0.032533396
0.024098298
0.013388886
0.003321048
0.0025186657
0.0017453185
0.00074943906
0.00082256465
0.0011939863
0.0006562954
0.0008717689
0.0005788872
0.0027861386
0.00075303565
0.0008217212
0.0006823898
0.008881284
0.0009153397
0.0008104196
0.00092938327
0.0019396988
0.004552937
0.0013522417
0.0010944358
0.00089908316
0.00082069094
0.0011714626
0.0011820998
0.0007593191
0.00086102815
0.000720722
0.00094896514
0.0008710866
0.0009006633
0.0009974926
0.00089445774
0.00077760406
0.0009481748
0.0009151547
0.0006419032
0.00069172936
0.00077615905
0.0069200387
0.026885033
0.05686851
0.060806546
0.13144507
0.18947154
0.21198319
0.20547341
0.089993976
0.025650237
0.018385729
0.14516841
0.110985115
0.036702998
0.008099531
0.008151908
0.1885815
0.1698465
0.12978843
0.11354946
0.056674007
0.13217711
0.14817034
0.11544346
0.09310902
0.026028154
0.00382225
0.027741665
0.027463805
0.016461335
0.011736893
0.019404378
0.091132276
0.10779433
0.1069933
0.091212794
0.055991996
0.041691642
0.021553813
0.014822436
0.007054232
0.008515471
0.006363997
0.0024043815
0.0010940179
0.0009096147
0.0010459304
0.0017518994
0.00084980775
0.0010448666
0.0011391176
0.0011424323
0.0011709328
0.003518
0.001020913
0.00787339
0.12315319
0.13951924
0.07916369
0.24703977
0.22360018
0.15823977
0.16714126
0.109231204
0.011565689
0.0069639315
0.11537914
0.13811249
0.08657088
0.09411674
0.15156996
0.10967142
0.080672115
0.011839106
0.009328775
0.0024442908
0.017229797
0.018695079
0.033712965
0.029795645
0.013700933
0.0073703574
0.004562862
0.0013148605
0.0013262468
0.0009766285
0.0013605311
0.0010896947
0.0011014766
0.0010375541
0.0006085834
0.0007082496
0.0010092566
0.03421909
0.09064543
0.11316642
0.12217912
0.16103898
0.07529902
0.031063013
0.038448226
0.05450897
0.049520943
0.06682076
0.14879455
0.14232151
0.077274166
0.023372537
0.012062404
0.015134674
0.0575235
0.070101045
0.085315816
0.092721626
0.08875017
0.030825756
0.0061855926
0.0028961564
0.020325324
0.015356612
0.01946464
0.09545178
0.12081506
0.10641705
0.08400295
0.03953022
0.0044628396
0.0019151171
0.0048786146
0.0011523857
0.0014456647
0.001264306
0.0012151684
0.000985671
0.001358238
0.0029740867
0.0031834585
0.09178472
0.093836054
0.10236367
0.10951952
0.07991043
0.17977802
0.19745727
0.11638398
0.13023269
0.021602465
0.014681471
0.037326265
0.038475238
0.041574348
0.045281902
0.04301606
0.1130267
0.09815061
0.10408311
0.11142269
0.031335346
0.026858198
0.023880063
0.023231965
0.017751055
0.017388616
0.073298655
0.0820362
0.09287066
0.08047861
0.05715366
0.014909518
0.0036401262
0.0020902194
0.0017447198
0.001720197
0.001629065
0.027479291
0.042339887
0.041749757
0.04725755
0.02162754
0.004613106
0.001715726
0.012642578
0.0027491334
0.0022831678
0.030286465
0.033095844
0.053490493
0.05397925
0.09228068
0.12883487
0.10910057
0.08778211
0.041192822
0.03684853
0.03325332
0.06774752
0.101568356
0.09573329
0.051600054
0.014430312
0.011116011
0.04493105
0.11427509
0.09344815
0.11367859
0.06861525
0.073522635
0.072871745
0.022381583
0.011640251
0.0086483015
0.034476794
0.054642122
0.018968223
0.021275593
0.049460948
0.043941803
0.023132358
0.0199909
0.018283393
0.012325609
0.0017233433
0.0013626813
0.0010289055
0.0006878338
0.0011910704
0.0030185173
0.0026577993
0.0034870696
0.003768609
0.0032328218
0.0026299937
0.0028085932
0.001525922
0.0010707974
0.0007405751
0.08874934
0.08995665
0.08335976
0.080617
0.045649905
0.07289444
0.09178192
0.07553586
0.02473857
0.0052917236
0.0022445896
0.0018766694
0.0024376241
0.0026321139
0.002442619
0.002870985
0.0023251572
0.0018107143
0.0030049677
0.0014480433
0.00065813225
0.0006309321
0.00071878295
0.00064306526
0.00088806124
0.0010177032
0.00063274615
0.12508842
0.116905585
0.09164588
0.026719717
0.012211307
0.0072486144
0.012156895
0.11236099
0.085819915
0.061330292
0.04448096
0.054304987
0.042491317
0.038577016
0.08482229
0.066850156
0.035001732
0.0056643686
0.0035333578
0.0018466312
0.0009155214
0.0036265403
0.00083358155
0.0009328503
0.0010167366
0.0010874409
0.00080241467
0.0011590122
0.001107606
0.0012388042
0.0042081038
0.0008084814
0.0015368233
0.00080205506
0.00067863055
0.00082086737
0.0006813373
0.0007015933
0.00091725506
0.000913159
0.00074760616
0.00075118383
0.00073583645
0.0008214102
0.00071328226
0.0007547256
0.0029780779
0.0008862719
0.0026759377
0.0017255115
0.00076064636
0.0005510827
0.0006099527
0.0007477135
0.0052628135
0.00091181445
0.005478669
0.0952287
0.08641799
0.078253694
0.03683355
0.034759585
0.0878563
0.11298331
0.099437594
0.06655649
0.09148757
0.100167334
0.10464586
0.10594134
0.102942765
0.10681585
0.1351167
0.13093613
0.12274155
0.110650435
0.08188808
0.0465222
0.016334787
0.073574446
0.08069725
0.05226648
0.017160622
0.019333368
0.022218933
0.07577403
0.09518135
0.09161613
0.06367314
0.04260186
0.063070156
0.063447684
0.05454941
0.027731122
0.02062323
0.041393694
0.071210645
0.07747029
0.047835156
0.03123624
0.02177711
0.007015227
0.015347983
0.039594803
0.03854613
0.03197482
0.023214238
0.017473377
0.017526723
0.0022765954
0.0010088884
0.014604995
0.0297304
0.036538426
0.090512775
0.10188338
0.105283044
0.07791967
0.015331965
0.008694652
0.08585399
0.11216613
0.05977052
0.011494631
0.0036811884
0.105081275
0.09523934
0.08795223
0.07106526
0.058490623
0.089018375
0.08245239
0.03682884
0.05147133
0.008178011
0.004414204
0.007706712
0.016425595
0.016131375
0.0821806
0.071004316
0.08224097
0.05927395
0.055805705
0.03404261
0.018886378
0.016765466
0.00485901
0.00204744
0.0020966576
0.00260708
0.0046994574
0.0015400139
0.0010553912
0.000732295
0.0011371502
0.0006703707
0.0051919087
0.056835227
0.05431726
0.011963164
0.03312728
0.14065611
0.13126986
0.10493131
0.08282983
0.041026704
0.092245705
0.10202727
0.076302044
0.07419152
0.06377509
0.007776187
0.0054506036
0.008710039
0.049366724
0.07162601
0.060984682
0.025998201
0.0852283
0.11433936
0.13423495
0.119475976
0.064653225
0.006363267
0.008675377
0.013304865
0.013806475
0.011994274
0.006768106
0.004568719
0.0033092722
0.0024671617
0.00135337
0.0008631341
0.0145559935
0.010969195
0.022677075
0.037918657
0.08590955
0.08834337
0.066783756
0.06835544
0.05528912
0.034189183
0.012245499
0.012719876
0.0051704524
0.005030321
0.0027792028
0.0026917763
0.0019828372
0.0017819664
0.0011219096
0.0006510755
0.00096294883
0.0006831556
0.00052267686
0.0006278101
0.0006791247
0.000671637
0.0006600218
0.0006881897
0.0006102328
0.00050031446
0.00042349528
0.00068302965
0.0009413066
0.00086811086
0.00097169995
0.00095575367
0.0007674967
0.00092013297
0.00067430065
0.0008715654
0.00087773846
0.0009113183
0.0009446996
0.0009936031
0.0009820457
0.00072691723
0.0013788496
0.0007655644
0.0009000163
0.000820266
0.00072090083
0.0007244567
0.0028508066
0.07668488
0.12696214
0.103892624
0.10061857
0.08797264
0.062698096
0.05426653
0.06591584
0.06748437
0.015842054
0.0031701573
0.0023591847
0.022530112
0.020594511
0.072636425
0.10382978
0.09808851
0.08798534
0.01275923
0.0017717837
0.0117203295
0.028138166
0.017593175
0.016934639
0.019353595
0.01586844
0.010749407
0.003391522
0.0016398428
0.005718626
0.0047568604
0.00082968536
0.00075055484
0.0016271085
0.010407902
0.020000597
0.04375227
0.054580756
0.07637133
0.11275597
0.07893407
0.09446345
0.10993284
0.018128768
0.0079368055
0.037757244
0.05836854
0.0718067
0.08481265
0.07998352
0.060098883
0.013259722
0.011504987
0.0085912375
0.009405608
0.0076340707
0.050151847
0.05093168
0.01886403
0.018029537
0.05532486
0.04680925
0.048878163
0.050197065
0.03729491
0.018997345
0.013328753
0.0016968175
0.0013413979
0.0009108626
0.00082965236
0.00060879847
0.00071626244
0.0007247196
0.0005713353
0.00072644156
0.00061147404
0.0006367631
0.0006702981
0.00085137645
0.0007317747
0.0008692692
0.00075133925
0.00047569413
0.0006565589
0.00067495403
0.00081323803
0.0008859827
0.00071433577
0.00096881494
0.0008550024
0.000871444
0.0009120417
0.0006968924
0.0009908588
0.00085008726
0.0009998946
0.0010830085
0.0012430025
0.0011048545
0.0011242572
0.00104904
0.0011340567
0.0008590719
0.0007984956
0.00094584
0.0011624891
0.0013529299
0.0009598268
0.0008229244
0.0010734416
0.0010510292
0.0008008603
0.00095394056
0.00097522157
0.0011182856
0.00096946495
0.0008852256
0.00081147166
0.00084075576
0.00091464404
0.00085787714
0.00075443706
0.00085775816
0.0009890797
0.001192664
0.0011706223
0.0011082708
0.0010593437
0.0014453622
0.001334528
0.0012552133
0.00073365663
0.0010744629
0.0007819318
0.0007947999
0.00087752024
0.00086222857
0.000797627
0.0007550687
0.00065253413
0.0008004186
0.00057361135
0.0007816758
0.085936606
0.015544551
0.040509958
0.06576807
0.08410297
0.15688519
0.124148265
0.078835376
0.051188678
0.041499965
0.034958962
0.08766775
0.1777302
0.2017781
0.21863176
0.17548199
0.022785965
0.010524377
0.0057900753
0.09438347
0.16702525
0.10355842
0.0753534
0.050418623
0.042921472
0.042487368
0.034694955
0.02743161
0.01280053
0.011180262
0.0055928305
0.047928948
0.043430094
0.018940132
0.016304275
0.02183922
0.02029848
0.014010208
0.011400433
0.009862348
0.0019331714
0.00096381054
0.0007543922
0.0007482073
0.0006787095
0.0007001291
0.000684972
0.004055778
0.0010676746
0.0042770966
0.00058267516
0.0031291477
0.0018104385
0.0040941467
0.0007581262
0.00063637603
0.0037309665
0.0015061256
0.0009132074
0.0008981014
0.0017246079
0.0013141131
0.00118169
0.0013314798
0.0011836871
0.0016697964
0.0013906417
0.0011239717
0.0011740818
0.0011550077
0.0009789574
0.00087811274
0.001050833
0.001318583
0.0022823517
0.0008736407
0.0042617978
0.07417067
0.1898205
0.16852805
0.10626891
0.060826957
0.08465753
0.12880896
0.15309341
0.14428407
0.07799944
0.011049448
0.117183276
0.13450468
0.121391475
0.09751947
0.14513166
0.15422565
0.13002108
0.115310036
0.095422
0.09838727
0.08561931
0.039829552
0.05343938
0.065664455
0.07307303
0.05978982
0.0116911
0.014245964
0.075167894
0.10081709
0.10052681
0.07985498
0.03965387
0.06484273
0.069543615
0.06395151
0.031572342
0.014997689
0.054889917
0.0678682
0.05739319
0.038662285
0.026618848
0.0035819157
0.04825407
0.049030326
0.031904638
0.023534387
0.015246636
0.0016834984
0.0070615895
0.0023219292
0.0017410413
0.0029611064
0.0027104842
0.0021883566
0.0020145522
0.003203339
0.0089748055
0.0016739126
0.0011526752
0.043528322
0.07860318
0.16073738
0.15478157
0.1085011
0.06177594
0.010731534
0.077572
0.07854948
0.02683543
0.014384344
0.0028396167
0.13237622
0.12627415
0.10727136
0.1055565
0.087283224
0.07136847
0.10729356
0.107381366
0.10425838
0.09982938
0.07004536
0.018196393
0.0076748263
0.004898719
0.014626987
0.07031351
0.077577725
0.048766352
0.09111803
0.13226748
0.12631811
0.08499982
0.04716533
0.008154358
0.0038971964
0.0068028904
0.011348526
0.01230945
0.0068809045
0.0024671566
0.000766334
0.0025070573
0.0015151148
0.0017075386
0.0013388654
0.0023171806
0.0008527643
0.00067129784
0.0009273237
0.013524461
0.11512051
0.0381115
0.009874742
0.0038462495
0.16594641
0.17053093
0.14538817
0.111212134
0.06305598
0.07818401
0.087352335
0.07832792
0.04904855
0.06704253
0.037992734
0.0066029783
0.0018899806
0.033638343
0.04945685
0.054191057
0.05632723
0.046587087
0.04060904
0.031616796
0.042196818
0.035577282
0.02097478
0.008160961
0.0016496016
0.0024078253
0.0018169038
0.0019382645
0.0020420307
0.001999857
0.0015516003
0.0013866262
0.0011118016
0.0013064578
0.0016576184
0.00095061684
0.0014084014
0.04238497
0.06803095
0.058095604
0.022186099
0.014751408
0.034270283
0.025675923
0.0045603733
0.11875556
0.11591889
0.12077063
0.10919338
0.09381887
0.06848378
0.051580504
0.016455209
0.007677134
0.013495158
0.01242627
0.04892994
0.053860396
0.010253059
0.0037519601
0.002910159
0.0046725525
0.0052113254
0.0068054744
0.0020351987
0.0033918133
0.0011889428
0.0028029468
0.00073793967
0.0006972409
0.00055802276
0.000999378
0.0006430909
0.0011577182
0.00076508475
0.0007386466
0.00062951265
0.00079206657
0.0006815451
0.0007032219
0.00065619673
0.0058713146
0.0009348074
0.00066953833
0.0010264978
0.0008517515
0.005122236
0.001450264
0.0017850326
0.0010303744
0.001144783
0.0011078905
0.0012378927
0.00085431273
0.0011074243
0.00086060056
0.0013214531
0.007737285
0.12833886
0.15283431
0.10010902
0.0868697
0.14663088
0.13912693
0.1012931
0.069069415
0.06559825
0.12792622
0.11884222
0.110130705
0.124339335
0.124334484
0.11683438
0.09332971
0.103609726
0.12659086
0.12474061
0.089923404
0.049050193
0.07339683
0.088492185
0.07347911
0.045717195
0.07163586
0.07858211
0.07387378
0.057575874
0.010616002
0.013324916
0.07150817
0.12011309
0.10503282
0.09335473
0.062016785
0.05731073
0.054688174
0.04376657
0.014474292
0.019470764
0.055673
0.04416691
0.03214425
0.026981255
0.012810914
0.006589181
0.03589774
0.034329575
0.026961735
0.018993719
0.01840627
0.02287564
0.039710812
0.051080238
0.1254663
0.11055921
0.12662335
0.07095223
0.01075576
0.009902365
0.05799087
0.04142576
0.013180665
0.0023205199
0.10540633
0.1022035
0.077899545
0.061042104
0.086892426
0.08175971
0.068024255
0.030801415
0.004985311
0.016393295
0.023977695
0.037613597
0.02407323
0.07400814
0.06675848
0.06556693
0.07086363
0.034077518
0.020761259
0.019115422
0.005537628
0.0025946868
0.0024394204
0.0010216801
0.008478148
0.055961035
0.05480056
0.09618094
0.12822662
0.11067304
0.08587724
0.070996
0.08610661
0.08997338
0.07918999
0.10196565
0.038716245
0.009971959
0.009598289
0.08507943
0.08783385
0.033659887
0.08542973
0.112043604
0.10290571
0.06604364
0.0034617803
0.013430378
0.026049318
0.019277057
0.0068771453
0.001510384
0.003110194
0.0035910776
0.003980602
0.004960852
0.00421425
0.004722165
0.0041783345
0.0031632015
0.0022537014
0.002359108
0.002148757
0.001487753
0.00062388723
0.0014322515
0.0616773
0.14384279
0.14296156
0.089986525
0.09840184
0.09476519
0.02027289
0.021377223
0.024697633
0.027116777
0.051008612
0.19610347
0.21776755
0.13430713
0.054379918
0.02242083
0.009539938
0.06024177
0.1433432
0.011774363
0.05043483
0.12104117
0.10667792
0.12271533
0.092406034
0.024687555
0.019002452
0.010671578
0.005653125
0.07731151
0.07352705
0.035880845
0.01343247
0.012540609
0.03630223
0.04543253
0.016119637
0.0019136132
0.004737795
0.02106493
0.012107642
0.010394797
0.018077971
0.013891579
0.014792248
0.008674759
0.013805646
0.014036444
0.016891556
0.062694505
0.06962512
0.05511058
0.046634145
0.032085996
0.025518915
0.0034654702
0.0013490268
0.017458426
0.009758143
0.0061018164
0.0050230776
0.003291231
0.001741142
0.0015687094
0.012313368
0.056056276
0.063219205
0.039015356
0.04485624
0.04189149
0.005390971
0.0016378938
0.005766851
0.011651277
0.027536113
0.038148355
0.049980383
0.048073955
0.011299525
0.0043530785
0.0013935544
0.015238626
0.009785587
0.018095491
0.053101566
0.051909715
0.032941878
0.0047256523
0.0022316966
0.008027757
0.021062264
0.028423851
0.0263326
0.027657118
0.026244998
0.026227528
0.026657136
0.008754657
0.0049069845
0.012638972
0.043617606
0.035148997
0.013944778
0.0068591526
0.0076262183
0.05606237
0.0038974185
0.060443036
0.05445268
0.064958826
0.056546144
0.013557146
0.008820997
0.0043883943
0.011374615
0.038868435
0.033709478
0.019136475
0.030628497
0.029921072
0.023885068
0.009575725
0.0013124786
0.0041006305
0.00094840117
0.0012739705
0.001652025
0.0031908334
0.003213426
0.0029756841
0.0035397266
0.0029686522
0.0030038774
0.0029505254
0.0022169293
0.0021088314
0.0012929972
0.0012620621
0.0012380353
0.023022335
0.054579318
0.0964058
0.06285837
0.03264956
0.06516438
0.08577836
0.088913165
0.055591874
0.090924
0.10281445
0.09608454
0.102205195
0.119279996
0.09682992
0.098845676
0.09747257
0.09336422
0.0857472
0.080760345
0.0792198
0.018100206
0.067122735
0.061815206
0.035072178
0.009934095
0.051214527
0.062045492
0.04966308
0.04588184
0.06800783
0.059625033
0.050982866
0.041356437
0.026836094
0.0026510626
0.005249061
0.011565845
0.010103115
0.005926515
0.0060827266
0.0027471199
0.0020461339
0.0016941011
0.019424953
0.023504315
0.030026892
0.033100087
0.03458403
0.034218714
0.027778553
0.011248977
0.04431179
0.0672059
0.062076606
0.04136679
0.059418626
0.067026176
0.081538595
0.045563072
0.020107267
0.06505211
0.068038024
0.055742245
0.051592197
0.059986554
0.08184362
0.07805053
0.06850772
0.052966867
0.04493073
0.037352618
0.030456869
0.035791036
0.044782434
0.04653787
0.05001617
0.046779133
0.021369703
0.022003708
0.036649965
0.03445666
0.033244994
0.019119242
0.010222479
0.0050393753
0.0025392743
0.0020983994
0.0015846646
0.001037148
0.00085968326
0.000780662
0.0006611399
0.0008276525
0.00074903894
0.0007233339
0.0019911446
0.0031501963
0.0007614099
0.00067357864
0.0008475756
0.0006162734
0.0006182314
0.0005876923
0.00072496524
0.00075354206
0.00049143046
0.0007670368
0.003041308
0.0007561429
0.0009135326
0.0008676674
0.00085166236
0.0007451474
0.00072546897
0.00048374827
0.00084306934
0.0006528318
0.00066438096
0.00060381024
0.00067618734
0.0005607004
0.00075310253
0.00049467164
0.00054569653
0.0005286796
0.00037982533
0.00068991224
0.0005537884
0.000478121
0.00062215683
0.00049656926
0.00055899034
0.00051963713
0.00056127063
0.0006878869
0.000769143
0.00043208138
0.0006757071
0.00054479105
0.00072656624
0.002029951
0.005348078
0.04088068
0.06693619
0.07205087
0.02323671
0.04554701
0.01592122
0.012223723
0.00811869
0.0655357
0.02086367
0.00864453
0.006867793
0.033061717
0.029439863
0.008499751
0.0023153923
0.0037671705
0.0021908868
0.0016137508
0.00067823415
0.0014887913
0.0033657844
0.0044031804
0.0049972194
0.0058513484
0.006842166
0.0075984155
0.006177559
0.00532648
0.0045522978
0.0031612322
0.0014005608
0.00091987447
0.0052475245
0.0076993327
0.039341994
0.12177916
0.15256421
0.14394698
0.08857652
0.16164835
0.15300453
0.11782593
0.13160749
0.12280911
0.11687002
0.13423552
0.12370852
0.12305349
0.20126441
0.18794283
0.13952686
0.11000136
0.093518965
0.012811777
0.083659664
0.10777864
0.11981684
0.07804929
0.026507195
0.047032543
0.059526395
0.054573264
0.029484466
0.011404109
0.0082082255
0.07247162
0.09702402
0.083186634
0.076472685
0.038532976
0.039897196
0.044613153
0.037410114
0.010069551
0.009593237
0.03389494
0.044880453
0.037146326
0.017929446
0.010540482
0.009067031
0.015499955
0.022434238
0.01779954
0.008360228
0.0062977355
0.0025487246
0.00070395914
0.0008020242
0.0029802187
0.0014596209
0.00071230467
0.0012255737
0.0016248053
0.001208706
0.0010943823
0.0034274356
0.0016455948
0.022650616
0.047779724
0.13665864
0.21282992
0.19469485
0.16146535
0.04558712
0.0149816545
0.08978182
0.10326048
0.060069315
0.009943326
0.010209032
0.16768655
0.1662152
0.13175184
0.12335065
0.06983937
0.075152166
0.12071305
0.10644265
0.052604817
0.060306787
0.04225651
0.01368278
0.0030985107
0.0021603156
0.012851481
0.0593001
0.07610755
0.06918143
0.028858334
0.052790597
0.07274613
0.05900774
0.033825465
0.021732084
0.0016506215
0.00426462
0.0046095215
0.0053766957
0.04831137
0.044868506
0.038811408
0.04481211
0.060138922
0.058480877
0.049935754
0.06705957
0.06560799
0.0574676
0.02227614
0.0048879194
0.007906057
0.018707063
0.011186358
0.0033193072
0.051200617
0.053746
0.061274633
0.059202086
0.03880282
0.03989142
0.018992344
0.0055607804
0.0069166915
0.007124025
0.020543724
0.047127716
0.04485617
0.042018227
0.022006739
0.013681023
0.007937545
0.00220749
0.038115352
0.060345348
0.048114717
0.044357214
0.059079863
0.047591288
0.047490604
0.030405065
0.008101548
0.010038251
0.010300267
0.04979019
0.038962543
0.027417464
0.042406037
0.053774077
0.055203952
0.052457534
0.013295799
0.0034212782
0.0063805627
0.0028498059
0.028711691
0.039481748
0.03869131
0.033153944
0.03517713
0.039250962
0.022437658
0.0052562794
0.004731406
0.027531482
0.041769885
0.045214057
0.028335823
0.009164033
0.005248989
0.037149135
0.00983625
0.0013536372
0.021833844
0.06950919
0.05915746
0.05125518
0.024952501
0.009097879
0.004705503
0.0017881552
0.0010838375
0.0013301165
0.0033586966
0.023749672
0.024182985
0.019461023
0.03114806
0.031725626
0.03410558
0.019962544
0.020693969
0.01607594
0.01963352
0.024663765
0.03195735
0.030087227
0.0034781538
0.011565162
0.0037861685
0.0016190193
0.015569424
0.034704387
0.042942062
0.041890077
0.048015844
0.046379294
0.044039033
0.048536316
0.019504348
0.0023902575
0.0050935633
0.006587403
0.058766086
0.058465842
0.033331472
0.0046592657
0.004376317
0.03558278
0.056174297
0.042578522
0.04649368
0.026293784
0.03732407
0.029881207
0.03394145
0.034840986
0.018941099
0.00606573
0.002901934
0.052064657
0.062144946
0.05136883
0.03734442
0.0114422375
0.00908644
0.0024750787
0.013952735
0.022172755
0.023896717
0.02466212
0.018697586
0.0034012152
0.0030284268
0.00088685594
0.0028623103
0.0013344879
0.0012948603
0.0013855069
0.0021928514
0.001635217
0.0020432314
0.002092502
0.0026692895
0.0028061173
0.0027410649
0.0036363676
0.0027483937
0.0024611417
0.0020758898
0.0022021055
0.0016571042
0.0014272635
0.00085972366
0.00076170545
0.000789837
0.0044198763
0.013024379
0.03994031
0.050102796
0.045567084
0.054308105
0.05667792
0.04933911
0.025008481
0.020869518
0.027318066
0.060130067
0.02954607
0.010042608
0.005588514
0.07107722
0.0603181
0.054227803
0.04557554
0.0516901
0.05371588
0.05592563
0.053277466
0.021112554
0.004092868
0.0064713066
0.06767458
0.062199485
0.029990345
0.07503925
0.08819384
0.100054055
0.031246163
0.006044018
0.0072042407
0.005414087
0.03815891
0.053462647
0.051206592
0.032663975
0.046215326
0.041347273
0.014189319
0.01877025
0.032340795
0.053511538
0.037593577
0.01745848
0.008462226
0.003287222
0.0066794436
0.0112878615
0.0245016
0.01880155
0.022804433
0.023468573
0.026664643
0.024780596
0.02669445
0.024976889
0.025009492
0.022731459
0.018224766
0.019496102
0.023181304
0.013792538
0.0022316154
0.001417176
0.008120536
0.006539401
0.036339104
0.057059526
0.053845342
0.020801332
0.0031432516
0.03773646
0.0453802
0.046863373
0.04238347
0.045178413
0.03732595
0.031400796
0.020221453
0.030972058
0.04715622
0.03839211
0.017592534
0.007696144
0.008145645
0.034554448
0.04155249
0.036041833
0.03154143
0.027436646
0.020475483
0.00966649
0.005639976
0.008188737
0.030844983
0.03497783
0.029709697
0.024800038
0.016824914
0.02896686
0.028670616
0.008076167
0.003953026
0.0061886357
0.0030183247
0.0019316329
0.0011273035
0.0012377929
0.0014371641
0.0017534081
0.0021390202
0.0023608205
0.0025059914
0.0021507824
0.001791854
0.0016824969
0.0012740183
0.0014277302
0.00091174024
0.0010475084
0.00070692465
0.0006504816
0.00066483766
0.0006031389
0.0006732044
0.0006559679
0.0005233565
0.00065292115
0.0008974146
0.015832199
0.034547456
0.031374227
0.006064351
0.0098729925
0.00949067
0.0089830505
0.011287122
0.0032629715
0.0014447257
0.0021105097
0.0019187178
0.0020472768
0.0019214008
0.0027742996
0.0026992846
0.0030411303
0.0030440663
0.0026905716
0.0022537694
0.002296477
0.0021800536
0.0019330505
0.0017966017
0.0016324001
0.0020463937
0.0018490512
0.0020221584
0.0014917799
0.0020203448
0.0018947647
0.0010071046
0.0013103628
0.0015431144
0.0012311246
0.0011382962
0.0010763522
0.00095300673
0.00078773935
0.0010461827
0.0012812908
0.0019525038
0.00095491426
0.0006045448
0.00050835294
0.0006047025
0.00053431105
0.00047829584
0.0005957057
0.004795433
0.0013989658
0.00061176607
0.0009144692
0.0020384246
0.0027136523
0.00057388144
0.0005391149
0.0006286928
0.0007774284
0.0008174123
0.00048706238
0.0034425887
0.0012252457
0.0008912462
0.00051015615
0.0058339844
0.0021301063
0.0052634208
0.00084335235
0.14692506
0.120112285
0.12747133
0.07749142
0.05562649
0.13477051
0.16335937
0.13990946
0.12645143
0.13013789
0.0942972
0.1541791
0.15108667
0.109485514
0.12790404
0.2284258
0.22686718
0.20535582
0.13641718
0.103187725
0.09040358
0.0874562
0.06311434
0.014888151
0.041932426
0.0734651
0.06392035
0.03147738
0.014377029
0.026782753
0.08717568
0.10106708
0.08078159
0.052926484
0.039947797
0.056396812
0.055928364
0.03654168
0.019280128
0.032867976
0.056506053
0.028694283
0.016465599
0.0104772085
0.009510803
0.031582862
0.025366329
0.012504028
0.001096655
0.0009998324
0.00095246173
0.000746465
0.00045642458
0.00085923716
0.00062842853
0.0008089669
0.0008232995
0.0008947502
0.00070803374
0.0007500223
0.0008975386
0.0011458191
0.0012450528
0.0009512613
0.00074895355
0.00067908736
0.0027279363
0.0013838281
0.0016698828
0.038121425
0.054197486
0.173071
0.2215122
0.19100425
0.109879114
0.0350482
0.0076285503
0.06188182
0.10993719
0.06474137
0.029856976
0.0038881036
0.1659421
0.15553367
0.13291249
0.10462277
0.109699465
0.099371724
0.06839447
0.08487349
0.017471114
0.014215561
0.030038863
0.025910465
0.023053765
0.065757304
0.0629831
0.061421964
0.050613865
0.046557304
0.022512814
0.014291599
0.00963379
0.008648716
0.0046344893
0.0029680477
0.0011075626
0.00069163484
0.00061105826
0.0007631375
0.00074255414
0.00075365027
0.0008360832
0.0006521545
0.000615888
0.0009186992
0.0009791036
0.08590115
0.16264424
0.0939773
0.077717386
0.19247733
0.13146009
0.13218361
0.12704115
0.025837235
0.011356028
0.027941253
0.13728784
0.12564841
0.03955011
0.14421798
0.111498944
0.016315803
0.006655411
0.0022767268
0.0010500156
0.0011849047
0.014856239
0.012021075
0.012842843
0.008305228
0.003112882
0.00084244605
0.0008959087
0.0006350261
0.00072699314
0.0009468802
0.00094276346
0.00089165237
0.001256501
0.0013809344
0.0006622592
0.00087695604
0.00060612033
0.0006252485
0.0005801013
0.0006774029
0.0008503563
0.000827424
0.10745861
0.13355443
0.105047375
0.08201607
0.06487804
0.028342796
0.043621927
0.03387934
0.05976929
0.109476805
0.081083916
0.022074392
0.015771216
0.08456761
0.14504522
0.00918446
0.085809365
0.08288501
0.0961957
0.08519283
0.017724665
0.017894316
0.003808142
0.004673171
0.07605009
0.082189634
0.05129587
0.04500277
0.02831799
0.037856113
0.06898877
0.07231156
0.053438123
0.032116987
0.026205441
0.018404812
0.0020188587
0.00092313864
0.0006324042
0.0029339392
0.0024598541
0.0007611594
0.00069551135
0.0005816972
0.00069924997
0.0008675799
0.0007385073
0.0006735461
0.0006107608
0.00065987697
0.00065823057
0.00046477854
0.0004911348
0.0004886553
0.00058031495
0.0005883679
0.0005227512
0.0005247325
0.00059302006
0.00065653585
0.00047989876
0.00069332815
0.0006001772
0.0006109444
0.00060444506
0.00075172307
0.0005558081
0.00048425669
0.00049543096
0.0006631347
0.0007212788
0.0006634109
0.00057905173
0.00058569555
0.0007104967
0.00065752066
0.0006633193
0.00049924525
0.00066326495
0.00056099496
0.00063412165
0.0006058244
0.012059205
0.012252644
0.025552968
0.027681015
0.019712497
0.02501243
0.0045889863
0.0064776298
0.005021634
0.0026652357
0.0025807905
0.007146575
0.0040683188
0.0016886762
0.0015809952
0.0014079171
0.0013842161
0.0015740276
0.0017902321
0.0015549369
0.001111789
0.0010481656
0.00092689565
0.0020006981
0.0012003753
0.0007208692
0.0011873085
0.00071080466
0.00080235954
0.0006946706
0.0007024763
0.00048396684
0.0042938325
0.0019446139
0.0006765923
0.00083707436
0.0064916257
0.0012018813
0.0009495887
0.004978118
0.00096595165
0.0012608878
0.0015257146
0.00093047135
0.000670613
0.089626834
0.14618498
0.16056211
0.07597625
0.12869428
0.13539894
0.1255785
0.1141572
0.14540769
0.12174654
0.12406748
0.09374231
0.10018023
0.14442855
0.15277988
0.10757859
0.104749806
0.100580364
0.09280031
0.026544208
0.05865066
0.08264434
0.058574162
0.02409276
0.012148234
0.013082157
0.0865063
0.093452506
0.08058818
0.044075992
0.042691596
0.03895378
0.014337552
0.012562869
0.010939628
0.025849361
0.027126087
0.015818417
0.009283681
0.0016491796
0.022391591
0.03244945
0.02874473
0.0018051214
0.0014547477
0.0005394568
0.0007874912
0.00061206013
0.0005070518
0.00049564603
0.0005809716
0.0008810129
0.0007335388
0.0017516693
0.0010650525
0.00089596893
0.00094708847
0.0009470509
0.00079655304
0.00086703355
0.00062779605
0.00078803214
0.0029831438
0.045299422
0.05723067
0.18064074
0.159196
0.14013498
0.035477255
0.011050375
0.056546196
0.047739368
0.014700371
0.00910141
0.19425264
0.17344657
0.1896426
0.10883121
0.1285349
0.13910434
0.12665085
0.11884934
0.022346979
0.010788849
0.029718772
0.025079954
0.041419115
0.07907279
0.07168871
0.07768941
0.054394405
0.051907007
0.021328786
0.017933602
0.017308785
0.012135954
0.004708788
0.0015254074
0.00090884924
0.00055023347
0.00053497555
0.0006066072
0.0008865096
0.00091128045
0.00085151586
0.001147266
0.0011882291
0.00089542393
0.0015616467
0.00070553285
0.0006153558
0.0007843783
0.11481402
0.12805575
0.11480269
0.05572875
0.19057131
0.18813273
0.13282947
0.1530696
0.10120893
0.01634785
0.0059229387
0.007946714
0.08721336
0.16428846
0.17261416
0.07421724
0.0465326
0.095048666
0.12600984
0.08452489
0.04627617
0.0048599844
0.0026204353
0.0011927405
0.0071803574
0.026855415
0.02246676
0.014335646
0.0119590815
0.0033743326
0.00097467884
0.0007513517
0.0006230676
0.00075213064
0.0006753641
0.00073151884
0.0006432839
0.00078163133
0.0008536124
0.0007615776
0.001120915
0.0008596793
0.00073976174
0.0005597352
0.0057367883
0.08666649
0.12542738
0.13592753
0.12870306
0.04096816
0.005531297
0.0040588197
0.09133465
0.063412964
0.06400564
0.16396141
0.102686144
0.024572635
0.040315118
0.031172926
0.022440024
0.09297531
0.052612122
0.031298395
0.05934345
0.11130823
0.07711054
0.08042849
0.06284209
0.031121349
0.0158026
0.017739184
0.011568508
0.0032364884
0.0008001024
0.001115612
0.0006429867
0.0038602562
0.00080934004
0.0008529428
0.0008732852
0.0009290572
0.0010899255
0.0006837562
0.0008911694
0.014898349
0.050320283
0.057949614
0.059079956
0.12507945
0.13709061
0.06981444
0.10078964
0.072333924
0.08083734
0.08811303
0.08585544
0.01801065
0.0045357565
0.0028967247
0.01732634
0.008507006
0.038868096
0.032446615
0.02699175
0.0035248094
0.0017707635
0.009014021
0.011324136
0.0128653515
0.015875205
0.008491328
0.00430255
0.0017482758
0.0010690341
0.0008259479
0.0007364584
0.0006972554
0.0021572798
0.0013307938
0.0010506985
0.00089317904
0.00070105103
0.00074565
0.00067616603
0.0007302009
0.0005867009
0.0006197628
0.0009460779
0.00086060114
0.0006638027
0.0007433023
0.0008954866
0.00052460295
0.0007794432
0.0005955422
0.0007698836
0.0014214948
0.001192807
0.0015311477
0.001823872
0.0022417807
0.003817946
0.00242049
0.0016311744
0.0010889994
0.0026522828
0.00087094144
0.00086766726
0.0012709551
0.0011007969
0.008889886
0.0056717177
0.001536118
0.0011058119
0.0009913461
0.00079128786
0.00081954245
0.0007037271
0.0010454848
0.00090802973
0.0005592624
0.00075369154
0.0006125195
0.0008542515
0.0008748549
0.00083759014
0.00046252293
0.0007097365
0.00061207364
0.00073099404
0.000777738
0.0008697066
0.0007876079
0.0008157971
0.00244933
0.0012587975
0.0007162161
0.00053769717
0.0006740939
0.0006135578
0.0007496584
0.00066704804
0.00056789635
0.00049176504
0.0005256748
0.0007734571
0.00067859725
0.00062872685
0.00052205106
0.0007747273
0.0028645485
0.03932145
0.032505758
0.04869
0.05431445
0.029569326
0.038196184
0.0442087
0.054725524
0.058535106
0.054105192
0.009518214
0.0032619052
0.011578512
0.055529542
0.09537409
0.08845
0.05706932
0.007776818
0.010165941
0.0064976597
0.058978733
0.055500854
0.037460323
0.04573316
0.06396052
0.04715395
0.04963708
0.025896484
0.033417888
0.050476015
0.04590734
0.02214458
0.015057165
0.002960059
0.013106832
0.01577975
0.020267231
0.018813232
0.012987211
0.003874075
0.0016342589
0.0009755886
0.020369278
0.015456212
0.00775442
0.0020322183
0.0011092545
0.0012597196
0.0015051799
0.0012236701
0.0016701915
0.0013265101
0.0010196223
0.0011213146
0.00087018264
0.0008595927
0.00075105944
0.00086082396
0.0008469415
0.0005986319
0.00064460794
0.00047974093
0.0007107919
0.0005979657
0.000576195
0.00068085425
0.0015645634
0.0005408493
0.0012267239
0.00055955426
0.0007881359
0.00050531677
0.0006102625
0.004124496
0.006996514
0.0021898088
0.0014227534
0.00074357865
0.0037813815
0.0034270517
0.0007273371
0.077914715
0.10943951
0.12864073
0.107183844
0.057237424
0.12895262
0.15545344
0.1353865
0.12609202
0.09909252
0.04293334
0.01608364
0.11043539
0.13073742
0.11960843
0.0878691
0.119748026
0.100588426
0.09630941
0.11734939
0.10908092
0.05808372
0.0733923
0.07650765
0.08337588
0.05743656
0.028315393
0.07296287
0.07426176
0.06776037
0.029414216
0.013296271
0.017478159
0.013498384
0.049499128
0.084975906
0.10913471
0.09072084
0.051560275
0.05171776
0.049572702
0.03373898
0.019195285
0.018319825
0.040666763
0.055470206
0.033205107
0.012342725
0.0060132463
0.0026004273
0.012806393
0.022289895
0.014635144
0.0060965945
0.00337017
0.0013790764
0.00071213726
0.0005972477
0.000509382
0.00045847674
0.00047342747
0.00062185933
0.0006704488
0.0007466144
0.0012789317
0.0013869904
0.001992058
0.0018754461
0.0024424435
0.0025958093
0.0026372112
0.0021886695
0.0024106866
0.0023719806
0.0016210196
0.044380907
0.054666735
0.13867365
0.18391858
0.22302301
0.18186225
0.070059925
0.014726348
0.011905756
0.11242053
0.09825745
0.033149358
0.00854617
0.0042685024
0.14851402
0.13695244
0.12112093
0.10010617
0.08911788
0.08928637
0.10702913
0.12343375
0.14143948
0.039813437
0.008126656
0.0295026
0.026010066
0.018754441
0.057209775
0.08291306
0.0813568
0.05826938
0.052132666
0.027970131
0.016713126
0.018997148
0.013874445
0.008371159
0.0042378074
0.0018531936
0.00074142904
0.0010613101
0.00066628243
0.00086914666
0.00094787416
0.0011880548
0.0011223647
0.0009092302
0.0007986988
0.0008035642
0.0011659856
0.0006374659
0.0007373112
0.00044555726
0.00056201604
0.018420855
0.18720973
0.055875774
0.008491526
0.19908078
0.2020163
0.1349562
0.10046465
0.06442382
0.13285038
0.12259724
0.13738096
0.13500834
0.076581344
0.056698248
0.05216248
0.10049945
0.10191162
0.04142449
0.0037161654
0.003837862
0.020073099
0.067186214
0.06564656
0.043294813
0.005596367
0.001988604
0.00559822
0.017948916
0.011762324
0.013296027
0.007317844
0.005556152
0.0029596903
0.0016228436
0.00090401206
0.0007707751
0.0007505671
0.00085158495
0.00065112644
0.0021177386
0.0070466646
0.026367122
0.04439338
0.049000107
0.047898073
0.018176297
0.0068009417
0.009651247
0.05690458
0.067031056
0.05117263
0.02899376
0.07918476
0.0791626
0.07966122
0.039670754
0.0045749494
0.0066907634
0.0052071167
0.005934136
0.054568645
0.06372113
0.038210943
0.0070623527
0.0022444937
0.012982935
0.02469192
0.045888342
0.03978887
0.034376275
0.0113159185
0.0022819971
0.0020375804
0.005038575
0.003256861
0.0026624359
0.008869141
0.049958553
0.03576805
0.037682883
0.03122457
0.031418998
0.050519023
0.055036385
0.056982685
0.05045523
0.030486373
0.018955754
0.010055205
0.004915844
0.009551696
0.13221432
0.06249259
0.04109589
0.018727247
0.0061452705
0.014557379
0.016223943
0.045571726
0.07048992
0.0542773
0.03054754
0.0097008
0.00705538
0.036082175
0.037988823
0.01212344
0.027602106
0.045035645
0.024889033
0.011675349
0.008078098
0.0069463872
0.0057871565
0.0053691426
0.0008168708
0.010226938
0.035188816
0.0078084893
0.019414717
0.0024021761
0.00090693275
0.0007044583
0.00076137355
0.00091907044
0.0009550018
0.0006260042
0.0007409026
0.0009705335
0.000840724
0.000842112
0.0009276683
0.0008192654
0.0021050035
0.0008600126
0.00067550235
0.0007997055
0.00070976175
0.0010154303
0.0007955228
0.0030997389
0.0010719888
0.0009824107
0.0006439208
0.0007397005
0.00088223105
0.011652708
0.0038412074
0.00083375414
0.0010079014
0.001141134
0.0012585132
0.001044925
0.0012467052
0.0010122765
0.0013256773
0.0010167607
0.0010802449
0.0008075493
0.00094754546
0.000854839
0.0015697745
0.00080230524
0.05466193
0.1161654
0.14314091
0.08034197
0.061594605
0.0976733
0.11176248
0.11829158
0.11575905
0.036379203
0.124386415
0.13148992
0.11893686
0.08988266
0.09659384
0.10226247
0.105049044
0.10577384
0.088652834
0.08523599
0.019985393
0.012560834
0.05608652
0.060459904
0.028476449
0.003838086
0.023493335
0.07025967
0.12617962
0.12042507
0.08835181
0.0408658
0.04183256
0.035270307
0.021891324
0.014082054
0.02900847
0.039241135
0.03324658
0.018045584
0.012584665
0.0018770949
0.013708277
0.025703272
0.012841664
0.013351887
0.005992478
0.0039558467
0.0020509812
0.0011719525
0.0008739443
0.0007122959
0.0007705285
0.00076161494
0.0007157224
0.00077297015
0.0006377101
0.0022198104
0.001200546
0.0009680263
0.0013455969
0.0011689448
0.0019910797
0.0018501636
0.0020589647
0.0016875312
0.0015475486
0.0049775797
0.0011383491
0.0051069977
0.05424676
0.058898523
0.055114843
0.1197131
0.1669795
0.13757232
0.06227596
0.008114862
0.08985516
0.090856045
0.03843423
0.005261792
0.013199783
0.1637267
0.18706256
0.16870116
0.11011806
0.09044121
0.16735609
0.15507616
0.14615963
0.05776257
0.008539654
0.028625095
0.027081583
0.023041414
0.029493984
0.083080925
0.106658466
0.097918235
0.08650073
0.063355714
0.02953597
0.012813681
0.012840952
0.012763563
0.010097263
0.005170611
0.0053761974
0.0010813856
0.00055172935
0.0006545351
0.00079039
0.0007000646
0.00097153184
0.0007513672
0.00093085197
0.000958685
0.0007610251
0.00075671467
0.00079431897
0.0019212854
0.0007055169
0.00075095636
0.011230924
0.14595453
0.13849217
0.037127916
0.004921313
0.23762052
0.21360837
0.15440872
0.122169405
0.10365997
0.16536245
0.18259722
0.14953166
0.15817502
0.0389253
0.008773673
0.008350232
0.06830457
0.10500766
0.09749871
0.050858688
0.061422512
0.12780426
0.09103789
0.024017451
0.009519747
0.004298025
0.0016613047
0.0048681377
0.017785957
0.02142889
0.020765228
0.010557838
0.0074517354
0.0025382875
0.00091279024
0.00059604266
0.00059971656
0.00067364564
0.0007314468
0.0008115883
0.0007205904
0.00067556207
0.00059875334
0.00063397427
0.0006313444
0.0005328938
0.00065480225
0.00048047048
0.0004948051
0.0006867353
0.0006516372
0.0007223372
0.0005347457
0.0006092848
0.0005957514
0.00063652743
0.00062419666
0.00070886296
0.0004644515
0.00057370734
0.00059794553
0.0006409035
0.0006877067
0.0004906967
0.000556686
0.005457703
0.0007188246
0.00073330826
0.00064900145
0.00082364405
0.0009215536
0.00071679143
0.0015326818
0.00058260374
0.0007387629
0.0006103309
0.000606421
0.0007297044
0.00064379507
0.0008619875
0.0007859592
0.00059868034
0.00070415897
0.0017964068
0.00060027104
0.00060118455
0.00068805227
0.00076757337
0.00064594514
0.0007239175
0.00069714355
0.0010357199
0.00084091467
0.00083017536
0.0007921086
0.00085674645
0.00072871795
0.0007963569
0.0007009503
0.00072092476
0.0009925598
0.0006483565
0.00099234
0.00060786126
0.0007126031
0.0005576291
0.0007005673
0.000561342
0.0006500717
0.0005846069
0.0007818889
0.0005429007
0.000718082
0.0005492746
0.0006049501
0.00067964947
0.0006461923
0.00074883946
0.000581638
0.00080896646
0.0006349246
0.00066321413
0.00073532417
0.00080608437
0.0006283687
0.0006679242
0.0005632378
0.00058193627
0.00057464465
0.0005629734
0.0005447533
0.00070121104
0.0007585368
0.00061985344
0.00059049943
0.0006979097
0.0005980887
0.0008334005
0.0005929666
0.00075628236
0.00063946575
0.00059501774
0.00062649476
0.0007061444
0.00065241824
0.0007709928
0.00058899354
0.0008742954
0.0007368382
0.0006053089
0.0007952659
0.0005934904
0.00071508077
0.0006237886
0.0007224016
0.00058197725
0.0005819718
0.00062385574
0.0005986946
0.00065727584
0.00064040726
0.00060917245
0.00068913517
0.00049966044
0.0007132232
0.0007089967
0.00070521265
0.00054943707
0.0006322604
0.00053055224
0.00092764915
0.000843525
0.0007178889
0.00073545147
0.00068683777
0.000743034
0.0007240885
0.0008181935
0.00060464785
0.00062203384
0.0004753401
0.0005377721
0.0006613451
0.0005836857
0.0005807763
0.0006139008
0.0005701626
0.0006857295
0.0006858122
0.0005954329
0.0008111763
0.00058917317
0.000704825
0.0007177263
0.00057827745
0.00059027114
0.0006355411
0.00069180096
0.00077327574
0.0005708439
0.0006334295
0.0005900322
0.0005432424
0.0007287115
0.00068101275
0.0007607554
0.00077966903
0.0007619457
0.00077664905
0.00057710253
0.00066912547
0.0006127365
0.0005325944
0.0007229853
0.00057085673
0.000516699
0.0005589039
0.00059555465
0.0005596483
0.0007758962
0.00059620116
0.0007271543
0.0006762576
0.0006656204
0.00067056966
0.0006156167
0.00072485156
0.00044877504
0.00057348673
0.00055521994
0.00063560787
0.0006668676
0.0006358145
0.0005712385
0.00050929264
0.00062901544
0.0006822184
0.00067172723
0.00070011156
0.00055088126
0.00062423985
0.0005178265
0.0006418816
0.00076816446
0.00057890266
0.0005860242
0.000507261
0.00048227946
0.0005466997
0.0007036938
0.0005888151
0.0007819048
0.00059221574
0.0006017517
0.0006176073
0.0007098655
0.0005401659
0.0006453296
0.0008767139
0.00062063243
0.00076041813
0.0005810072
0.00067679933
0.0006356016
0.0007206367
0.0006854688
0.00083506916
0.00065466634
0.00075810385
0.0007337827
0.0005635852
0.0007008292
0.0005825483
0.0006594499
0.00083986943
0.0007535827
0.0006511523
0.00052380277
0.0008007838
0.0006703127
0.0006470371
0.00055375247
0.00058836024
0.00044770484
0.0005803495
0.00053597474
0.00060988753
0.00057338394
0.0005498493
0.00057112024
0.000538191
0.0006423798
0.00054658897
0.0007137798
0.00081643317
0.0006938406
0.0007762726
0.00046677713
0.0004702055
0.00066162494
0.0008147852
0.0007965938
0.0008374256
0.0007959219
0.0007912192
0.00062544027
0.0007954829
0.0005588612
0.0006260006
0.0008170612
0.0006503669
0.00061443413
0.00068298465
0.0006936457
0.00073245465
0.0007439191
0.0005667329
0.0007502003
0.000684408
0.0006960345
0.000785252
0.0006216741
0.00065083156
0.0005928489
0.0006125857
0.034597233
0.041181598
0.049097814
0.046802323
0.04006479
0.04080412
0.0064465557
0.01486546
0.07972644
0.085690446
0.026537992
0.020253763
0.1048937
0.103975244
0.088776134
0.008560516
0.0050118947
0.010234188
0.023606112
0.025935851
0.020285003
0.01924654
0.019824384
0.0076979334
0.004247629
0.0018064118
0.0026906666
0.00535696
0.0058333194
0.005363496
0.0024976514
0.0014532637
0.0012582748
0.0023634823
0.0031557141
0.0029089304
0.0033356338
0.0031306415
0.002665856
0.001611746
0.00066244195
0.00067666057
0.050422832
0.08143774
0.04500032
0.05394197
0.047868434
0.047734514
0.080212444
0.07888614
0.056402672
0.059516396
0.06070612
0.09024588
0.094807334
0.045913346
0.004043283
0.0027469331
0.018876519
0.02197043
0.01572784
0.017906208
0.02647111
0.028700834
0.09849098
0.09715185
0.09244738
0.09287026
0.052151594
0.08680231
0.056500126
0.09011199
0.073234454
0.06479124
0.064794354
0.061731398
0.060761053
0.0584629
0.055844136
0.021227634
0.0039053827
0.0016484939
0.007368845
0.017679553
0.019537779
0.021693435
0.01357801
0.089255676
0.076658115
0.037334703
0.010766274
0.047745284
0.037602164
0.028530043
0.0032807442
0.0017856387
0.00069984666
0.0009760857
0.00095482526
0.00062206766
0.0009208962
0.0011317937
0.0010534694
0.001149695
0.0018962377
0.00081878074
0.002981928
0.000912822
0.0006571637
0.005510569
0.0013524416
0.00080195453
0.0012632301
0.0006969987
0.0007346445
0.00089774554
0.0007620623
0.0005860969
0.013392482
0.002063932
0.0017199365
0.0011440287
0.0011339103
0.0012603357
0.0014168114
0.001534867
0.0013860542
0.0010896843
0.0007751455
0.0006890108
0.0007257541
0.0009682649
0.0007707746
0.009760608
0.11181496
0.12862653
0.08900815
0.05446287
0.09671884
0.11497128
0.11697988
0.10550844
0.08590889
0.022328453
0.11128735
0.11985037
0.11310344
0.10307824
0.11288757
0.10619476
0.11244626
0.14721242
0.11205965
0.106487714
0.11497683
0.12738506
0.109550394
0.04470091
0.07927912
0.088493
0.07048366
0.039662417
0.012979463
0.011575789
0.08913631
0.12502857
0.107381605
0.08980713
0.059569057
0.050217126
0.05636892
0.04769871
0.013913773
0.008860335
0.008315417
0.026556851
0.025481405
0.014590772
0.012045292
0.0042088833
0.0111965975
0.017560035
0.017590847
0.015482423
0.0095250765
0.0029250944
0.0025745265
0.0009087732
0.0010923208
0.0005758525
0.00085026585
0.0006982538
0.00095973676
0.0010566848
0.0010964427
0.0014818908
0.0013384362
0.0009515389
0.00084452576
0.0007638887
0.0014434181
0.00079872384
0.0011842336
0.071586415
0.10448986
0.2783324
0.19617003
0.13053562
0.085408404
0.015585933
0.092252165
0.08821977
0.025157835
0.0058025504
0.15130535
0.152454
0.14430301
0.11428049
0.07147659
0.14015174
0.14184125
0.13112363
0.046030186
0.007098124
0.028027426
0.0386872
0.033916105
0.018723665
0.082894474
0.06910066
0.06990974
0.055279963
0.03822891
0.0131637845
0.019833885
0.013546441
0.012601538
0.009177369
0.0035627258
0.0022626785
0.0015277495
0.00073890574
0.000880194
0.0012011025
0.0010938082
0.0010073753
0.0012809967
0.002502038
0.0015559685
0.00075822196
0.0007506097
0.0007677858
0.0009751525
0.001949795
0.002178736
0.0010055291
0.001049312
0.00115073
0.0016513907
0.000708735
0.0006056912
0.0008711695
0.002482136
0.011132213
0.10115648
0.14267057
0.11556242
0.044781715
0.094912134
0.12010331
0.10863281
0.1074268
0.10588994
0.034823924
0.100850165
0.09167172
0.074932754
0.07634374
0.111706644
0.13006581
0.104686804
0.10127665
0.089639224
0.047880184
0.030713074
0.088398494
0.088140145
0.07751614
0.030544976
0.051175084
0.056607544
0.056927048
0.053113718
0.022544555
0.01673936
0.009981077
0.048850674
0.12349747
0.124913104
0.1256879
0.098981746
0.06979515
0.08596299
0.06247778
0.040135078
0.014570896
0.013990198
0.03660836
0.033171177
0.027459646
0.010891197
0.0069777532
0.011596075
0.019405361
0.017184954
0.011752029
0.007076275
0.0027042704
0.0011914416
0.00065982284
0.0006507849
0.000766004
0.0010633644
0.00097545044
0.001486113
0.0018630365
0.001884389
0.004273121
0.0014032149
0.0010898259
0.0038792081
0.0015903655
0.0060060406
0.033530742
0.1173389
0.16088696
0.21568546
0.16508718
0.07319569
0.010839295
0.064716175
0.0940312
0.04954327
0.009780121
0.0065004746
0.157666
0.14397222
0.12578815
0.08522883
0.11598659
0.12539934
0.11343378
0.09819711
0.019985428
0.0032306127
0.025095878
0.033431996
0.020283706
0.07454018
0.07672958
0.06900557
0.054125246
0.038125418
0.017508246
0.013560045
0.010425692
0.0045626094
0.002428614
0.0008762408
0.00071568874
0.0006199888
0.00088002
0.0014920083
0.00096505083
0.0011468272
0.0011331176
0.0006862667
0.00065601483
0.0011977033
0.0005601745
0.00060618384
0.0586366
0.120149255
0.11413725
0.0882956
0.18506074
0.20214319
0.13884005
0.13056149
0.1339414
0.020161312
0.013645061
0.077519305
0.13469735
0.1284418
0.080121264
0.060677916
0.11095309
0.075096175
0.04251215
0.0054464065
0.0020323577
0.00096247514
0.017074598
0.022284565
0.0201142
0.018658394
0.015639087
0.0052389717
0.0014926017
0.00065450976
0.00057216216
0.00064826704
0.0006815105
0.00070014026
0.000622086
0.00082970836
0.0013516209
0.0007168393
0.0010467743
0.0030881579
0.02579155
0.05460606
0.08670553
0.09706391
0.092162944
0.0860315
0.057874322
0.05963334
0.093320735
0.08242373
0.024297884
0.0049914317
0.0036896481
0.019392377
0.064380534
0.08651372
0.08461371
0.041511357
0.0049822475
0.0076750997
0.018092982
0.022750758
0.022014424
0.014923189
0.006251307
0.0015919915
0.0014281779
0.00084687554
0.0008921198
0.00082549406
0.0010646934
0.0008611788
0.0012311909
0.0012336143
0.0008636924
0.0010756726
0.000902672
0.0669622
0.08242805
0.08253199
0.08149526
0.06500242
0.13508756
0.18224981
0.15882468
0.16661716
0.17237589
0.037580356
0.007251762
0.0042729625
0.054750685
0.06657556
0.044347525
0.02964286
0.053187367
0.06212083
0.07909425
0.06885005
0.018134331
0.019939944
0.020128304
0.07409722
0.0520074
0.01668313
0.013326956
0.01570263
0.012909081
0.08719337
0.09121391
0.09403333
0.09055019
0.07563694
0.07276657
0.07003404
0.012760938
0.0045352113
0.052238066
0.059014477
0.05133824
0.028545024
0.023594772
0.072390005
0.06075979
0.0557105
0.038614385
0.025835684
0.01115663
0.008997827
0.0048589613
0.0023015803
0.002860488
0.0015457087
0.00072098797
0.00072283694
0.00081420864
0.0007151356
0.0009968681
0.0006296152
0.00088433205
0.00064324075
0.00205619
0.00094726874
0.0030292699
0.0023159464
0.0017277402
0.0009152884
0.0006212092
0.0006037707
0.001550353
0.00052939716
0.0006425338
0.0005445424
0.00066191633
0.00070462906
0.0008980989
0.0008407216
0.0006727896
0.0013562763
0.0006356603
0.0007202787
0.0006633739
0.0017091478
0.0013247438
0.00061329175
0.00071232615
0.0014726263
0.0009123516
0.00064512034
0.007063988
0.0040252116
0.0075613153
0.004585829
0.009905997
0.0011590668
0.0010890802
0.0013244145
0.0015974981
0.0017308105
0.0015883764
0.0011136441
0.0010599795
0.0010015956
0.0009104153
0.0011496852
0.0011284911
0.0008409632
0.001466034
0.10240914
0.18453906
0.18211637
0.13497135
0.055972133
0.13566537
0.1544186
0.1456401
0.13951316
0.10994319
0.08977008
0.1343603
0.1276681
0.092634134
0.11528625
0.20103538
0.20508699
0.16085613
0.11593876
0.05083203
0.049030457
0.06423635
0.07083928
0.07973776
0.022227408
0.05589602
0.06072943
0.053254344
0.017777616
0.01544231
0.028396633
0.0997931
0.08478492
0.080326766
0.03608238
0.029374672
0.035677116
0.030059181
0.015452526
0.01540158
0.00976839
0.023484094
0.017013581
0.008941621
0.0016358863
0.012456234
0.022442551
0.016483588
0.009377964
0.001521314
0.0012216284
0.0008681153
0.00058208854
0.0007080739
0.0011621229
0.00074445654
0.00059702626
0.0009715396
0.00068582204
0.00083969545
0.000831817
0.00085242075
0.001039993
0.0014492044
0.0013080548
0.0020369058
0.0023351603
0.0027678437
0.002099866
0.0017408836
0.001520032
0.0009362013
0.0036454157
0.0036680386
0.0012217159
0.0009195131
0.02847882
0.16189077
0.18664636
0.17836519
0.06349867
0.009612246
0.07227952
0.095062196
0.031770837
0.012133985
0.00245653
0.21359605
0.1457821
0.18256538
0.13369519
0.13156582
0.18755744
0.103801325
0.15256557
0.053107273
0.010297968
0.025920562
0.028485607
0.020111548
0.08509894
0.08432176
0.10569176
0.09727537
0.071126826
0.0278687
0.021801444
0.019090105
0.012055524
0.009897586
0.0052466677
0.001480286
0.0009687626
0.00062206615
0.0006515746
0.0007317549
0.0006872145
0.0006031614
0.00062702305
0.0006296161
0.0005757223
0.0005943308
0.00063163403
0.00093817385
0.00073972315
0.00054036785
0.000788925
0.0005230283
0.07155393
0.11299527
0.095562465
0.075305864
0.19608182
0.14820176
0.13595608
0.12635745
0.033528365
0.007257975
0.01232857
0.07989749
0.10066205
0.07926635
0.046686452
0.062997654
0.105228126
0.11279133
0.124009885
0.026008133
0.008940402
0.0026854621
0.0017970906
0.025880847
0.0264608
0.028899625
0.016763195
0.008130393
0.0021781388
0.0011230328
0.0008665326
0.00075751345
0.0010297694
0.0007565913
0.00067958643
0.0007551414
0.00082014775
0.00075772766
0.02415155
0.053588975
0.12153949
0.13081564
0.09647068
0.09932343
0.046136532
0.0512457
0.07707768
0.09566099
0.05807494
0.014406466
0.005206692
0.018710535
0.05281772
0.104967125
0.11172281
0.09749951
0.02291885
0.0034265027
0.013882977
0.030716391
0.024787148
0.015957735
0.013952434
0.0058621382
0.0020866033
0.00083240354
0.0006900427
0.0008580964
0.001113487
0.0008823432
0.00085882284
0.0015480252
0.0008807274
0.0008482713
0.009568359
0.042349238
0.05751903
0.062302753
0.079369575
0.1343058
0.10828099
0.12083525
0.11140797
0.026887283
0.03917881
0.04384667
0.06663996
0.059711024
0.22893214
0.25400433
0.19583811
0.060966212
0.020032698
0.022176316
0.094162494
0.10127549
0.02657914
0.02064898
0.01671643
0.010863397
0.09731189
0.097663045
0.07801677
0.08290429
0.09500537
0.014409799
0.04010876
0.06919635
0.05010586
0.02551014
0.07297953
0.09105453
0.07898408
0.058969483
0.029859697
0.016116502
0.015399433
0.009885858
0.0046047964
0.0010053345
0.0011663912
0.0008905908
0.001057648
0.00070015196
0.00077485456
0.0011906367
0.0014394567
0.00080448686
0.00077917264
0.00070972514
0.00074058736
0.00064468995
0.000538206
0.0009229113
0.002901728
0.0019153276
0.0024647252
0.002390729
0.0006787375
0.00067472545
0.0007271241
0.0007160078
0.00065996754
0.00083226373
0.005179166
0.00097632076
0.00087267446
0.00055851566
0.00073081243
0.01664009
0.0049005067
0.001341818
0.00094250945
0.0010208663
0.0011070374
0.00095017377
0.00083209446
0.0010208349
0.0010568806
0.00068991847
0.0008613841
0.001051239
0.00075520587
0.06606382
0.16836402
0.21971503
0.106906526
0.09451608
0.13183926
0.14082378
0.118655175
0.15168247
0.061934836
0.14539729
0.16455157
0.10715929
0.09971193
0.110130444
0.11164816
0.13533168
0.12027569
0.13340026
0.14709438
0.06766134
0.06820139
0.10076589
0.102553785
0.08770309
0.033321805
0.052102212
0.073055625
0.064393096
0.029271442
0.014630699
0.014121181
0.010264954
0.08351047
0.12026032
0.13465004
0.08427136
0.048070364
0.049845815
0.048054315
0.032333553
0.016209675
0.013510947
0.011017689
0.031312995
0.028060025
0.019703519
0.013515301
0.0016895412
0.009331027
0.027027372
0.024537342
0.017384792
0.007634651
0.0014816315
0.0011189061
0.0008453362
0.0007416666
0.0031187602
0.00071381056
0.00078164105
0.0005642255
0.0006842412
0.0008244947
0.00078393985
0.00095143996
0.00115536
0.0013336681
0.0012536118
0.0017579474
0.0015057004
0.0017340184
0.0012598361
0.0013081612
0.0010572425
0.0013208338
0.002640401
0.000795558
0.030755462
0.04554614
0.06701288
0.18882772
0.19086818
0.16811568
0.06741546
0.010388952
0.016354594
0.07091509
0.03674907
0.009512907
0.0054105213
0.18174122
0.1616718
0.14134209
0.09312218
0.118428886
0.12824799
0.08253934
0.110862255
0.04780141
0.008616369
0.026851835
0.037584424
0.029865988
0.027861921
0.080196224
0.07314127
0.070291825
0.045268584
0.032163575
0.018782038
0.015474493
0.01205075
0.009175421
0.0029242793
0.0014575416
0.0008184381
0.0010180436
0.00079943036
0.0006452443
0.00082327647
0.00092079194
0.0007534798
0.00091732276
0.0009372593
0.000949932
0.0009412075
0.0036779668
0.0009911169
0.00095035246
0.10169431
0.10964092
0.097105294
0.14763744
0.16014339
0.15127236
0.14991891
0.13314652
0.09034336
0.095062084
0.120097
0.10046866
0.007624625
0.0063468837
0.022279259
0.09643089
0.11367596
0.09258276
0.050425597
0.021884417
0.0035188494
0.004110338
0.012525611
0.010092144
0.009429156
0.00653184
0.0026074818
0.0008217912
0.00093287556
0.00093153655
0.00058415707
0.0007289344
0.0006836082
0.00060737564
0.0008135837
0.0005625572
0.0030343125
0.062183846
0.091938
0.08094536
0.072894685
0.039482914
0.009161728
0.013054067
0.08182606
0.105463505
0.09409937
0.036074623
0.093488425
0.17030507
0.119615875
0.10175596
0.023479844
0.0043646004
0.0026151226
0.0016266594
0.01729763
0.01870305
0.019150587
0.01751362
0.009606562
0.0018675042
0.0012415444
0.0011755745
0.0009887906
0.0011665615
0.0012161867
0.00063754903
0.0011170973
0.00073502166
0.0011673645
0.034378584
0.049889352
0.055634774
0.05566502
0.04785872
0.111733265
0.113691255
0.06843004
0.07290961
0.0119163925
0.004769379
0.024104495
0.035833985
0.035898346
0.037178323
0.02951713
0.035798255
0.0777761
0.0823957
0.07454572
0.043242022
0.02005555
0.0070472998
0.019645197
0.06762539
0.06584835
0.023128547
0.017979875
0.018413356
0.014551697
0.012633504
0.09774569
0.10491676
0.08898935
0.07424488
0.071510606
0.058662605
0.0074014585
0.0024357555
0.03947134
0.06405335
0.02847839
0.017259032
0.057903174
0.06708319
0.04801055
0.033859316
0.019722767
0.009733693
0.005586799
0.0034936562
0.0017133431
0.00086443825
0.0004552568
0.0008883479
0.0006625426
0.000688583
0.00079993077
0.0006859326
0.00070485554
0.00067255495
0.0012171615
0.00397717
0.0035246464
0.00083234103
0.00063207606
0.000591687
0.0006301254
0.00074450526
0.0006138549
0.00071526814
0.000716864
0.0007106217
0.0005453957
0.00045070174
0.0006571505
0.00053907535
0.0006827696
0.000690768
0.00093119935
0.0006341572
0.0007436704
0.0006655828
0.0006510022
0.0006653481
0.00065935974
0.005100185
0.0007398905
0.00080212875
0.0005795754
0.00077735004
0.0008553272
0.00078442233
0.000934126
0.0007992929
0.00089902896
0.0007359477
0.0015278886
0.0008780422
0.0008995603
0.0007134812
0.0010566558
0.000750874
0.00093749113
0.0005105955
0.00092071603
0.00076022034
0.00074528577
0.0006462873
0.0005581785
0.0006246434
0.0006572952
0.00054541
0.00074337877
0.0007322325
0.00087549863
0.0005750499
0.0017644159
0.00068734225
0.01340708
0.001630186
0.009433379
0.0011419883
0.00097267714
0.0013424974
0.0013834418
0.0011250245
0.00087929145
0.0006385
0.00071861944
0.0006420801
0.0009826319
0.0008237605
0.00079022936
0.0005778435
0.0005829231
0.0006945689
0.0005502696
0.0006255493
0.00069646456
0.00057354296
0.0006496779
0.11871978
0.13482465
0.09063977
0.058322687
0.09077536
0.12006551
0.13764651
0.15048274
0.17800732
0.024384113
0.11439318
0.16523214
0.16356924
0.15091635
0.21616472
0.20788966
0.17537352
0.13358614
0.14127934
0.02062439
0.05334174
0.092107244
0.10610907
0.10027854
0.029496653
0.031428512
0.05825121
0.0545797
0.052222457
0.0047038486
0.0051444857
0.006591567
0.006420569
0.0018549467
0.0019281821
0.0021377804
0.0017269569
0.0015119367
0.0012469917
0.0013884292
0.0012048624
0.0012157586
0.0010741551
0.0018493234
0.0009494005
0.0009646293
0.0008302691
0.0006217842
0.0017691987
0.0024494666
0.0050293943
0.008056903
0.0014328873
0.04588488
0.08513903
0.12069259
0.06344803
0.047034226
0.1308163
0.1269684
0.13219704
0.108654164
0.018918099
0.16626619
0.17164095
0.14483356
0.11705255
0.124976575
0.1384509
0.13035294
0.11807563
0.0992297
0.01771959
0.07386115
0.07739958
0.08036041
0.07825052
0.024481757
0.04415606
0.050336707
0.036956444
0.0039118766
0.016539918
0.0156064425
0.082280256
0.12566145
0.11360968
0.06273192
0.06563783
0.06937744
0.053429734
0.021312788
0.016468879
0.03102648
0.032311838
0.018517267
0.017327767
0.0147318775
0.0023060986
0.0068164384
0.012623459
0.017052637
0.007195191
0.0037359886
0.0014830498
0.00089709763
0.0007792102
0.0006010048
0.0006220579
0.00081068784
0.00081132207
0.0010584436
0.0008802985
0.0010271469
0.0010344125
0.0011224156
0.0010559247
0.00086264376
0.00076257513
0.0008877092
0.001902017
0.0011110533
0.0017651721
0.026816603
0.1111201
0.1655459
0.18057974
0.11789191
0.022717483
0.017002214
0.10140655
0.10089531
0.030630643
0.011590201
0.16373828
0.20170796
0.19029132
0.13299222
0.0932712
0.14480102
0.14706734
0.14461271
0.1440011
0.016713751
0.0067637544
0.033433426
0.04037859
0.025381958
0.077656224
0.089391336
0.083397724
0.052993897
0.03171294
0.015965702
0.019183284
0.013929159
0.005866032
0.0028973813
0.0021880977
0.0007172687
0.00075293425
0.00074178335
0.00069531874
0.0008460079
0.00096423243
0.0011557855
0.0011520374
0.001302463
0.0008999877
0.0012490773
0.001019646
0.0009572432
0.000860929
0.002008849
0.0011492543
0.003663662
0.08131775
0.10643655
0.14414643
0.21446599
0.15398346
0.1748617
0.14393872
0.014388367
0.007818533
0.12126029
0.14391315
0.14014651
0.08226307
0.13501468
0.15930659
0.106207125
0.085700735
0.013154475
0.014435036
0.00504991
0.0016981785
0.010865451
0.021718236
0.013665064
0.009946994
0.0061009466
0.003762059
0.0014735535
0.00069772225
0.0008479306
0.00046472176
0.0005723132
0.0006432775
0.00062134134
0.0005084441
0.0004747661
0.0005825466
0.00055676367
0.010084054
0.03470299
0.08485539
0.14034578
0.12200842
0.11989563
0.105831295
0.07004956
0.08525183
0.113447994
0.07592997
0.01607201
0.00289688
0.020682385
0.021116616
0.09526636
0.089591816
0.07876138
0.032480996
0.0038462852
0.00279085
0.0043562544
0.016453028
0.024346685
0.020163847
0.012001521
0.002998195
0.0011357074
0.0024017391
0.0008275324
0.001010885
0.0011439166
0.00082548143
0.0008416562
0.0006888326
0.0007583355
0.00068662554
0.00063492765
0.00075454573
0.0041004685
0.068769686
0.09420183
0.074643895
0.077922575
0.059793867
0.0712644
0.18203732
0.1939223
0.1300664
0.12624633
0.11459095
0.03399892
0.03385052
0.030450713
0.03213602
0.033653412
0.14851853
0.1613063
0.13138096
0.09482687
0.018239217
0.012170898
0.018009115
0.06559832
0.04464203
0.01605508
0.01647891
0.011715402
0.011724192
0.05786151
0.099192694
0.096131384
0.09536742
0.08958923
0.07405624
0.06551986
0.009041107
0.004281786
0.022359395
0.06363615
0.054644212
0.02464301
0.043665532
0.06354136
0.06319999
0.044551663
0.016470006
0.011377176
0.0076302364
0.0012020268
0.0008694641
0.00072711596
0.00088309
0.0005595511
0.00056158856
0.00080421026
0.00086217717
0.00061265694
0.00075157604
0.0005698692
0.0007345046
0.0007183879
0.0018113451
0.00074961473
0.00081850635
0.00070379506
0.0009726578
0.0005534566
0.00067604246
0.0004654644
0.00069554965
0.0006259341
0.0006694964
0.00078027195
0.0015791343
0.0007384997
0.0009370064
0.0010147216
0.00060343277
0.0006585479
0.0008080204
0.0009388948
0.00071821455
0.00097066944
0.00067132927
0.0008586173
0.0007592617
0.00068236893
0.0006463454
0.00092316
0.00077553047
0.00070655806
0.00068865437
0.00085840304
0.00064714067
0.0006799513
0.0006043187
0.0007882081
0.00095874706
0.0008678888
0.0009542953
0.0008784127
0.00082887226
0.00092625385
0.0007689286
0.00059500255
0.000598136
0.0005014977
0.000657664
0.00064122723
0.0005393418
0.0006047539
0.0005421617
0.00070204923
0.0008075497
0.0005871459
0.0005991431
0.00066638313
0.0007511249
0.0007167848
0.0006163648
0.0007230321
0.000624023
0.00057861605
0.00046287774
0.0005829106
0.0006000737
0.0006209522
0.00061388075
0.0007315634
0.00054211315
0.00084121234
0.00061947975
0.00057506916
0.000615921
0.0007285582
0.0005886022
0.0006569066
0.00077005813
0.00081242534
0.0006227999
0.0008370851
0.0005230491
0.0005019986
0.00073346356
0.0005242542
0.000802058
0.00069069234
0.0007884916
0.0006063901
0.0007849647
0.00081584003
0.0006008661
0.00075281
0.00056073285
0.0008919014
0.0006040826
0.00078028196
0.0007985999
0.00068314455
0.00057835196
0.0006422474
0.00074849697
0.00080130016
0.00072537124
0.0006351508
0.0009718958
0.0008506885
0.0006425789
0.00094785885
0.0006576149
0.0005981036
0.0014273325
0.0013182363
0.00053618493
0.00063476333
0.0006767405
0.0005778299
0.00044530636
0.00050395366
0.0006473903
0.00047812966
0.003149669
0.0044082743
0.0006172688
0.01948545
0.0013642552
0.0011039586
0.00071205106
0.021389361
0.03972425
0.05714903
0.06895397
0.0760954
0.026612096
0.02055394
0.02263423
0.045974486
0.06968214
0.07006368
0.02697141
0.017984435
0.008994295
0.011511793
0.06938514
0.009197236
0.0027262317
0.02509009
0.0626178
0.024808312
0.03569015
0.016387708
0.012949785
0.009471533
0.013691439
0.011166275
0.0076644095
0.008485964
0.027519815
0.007526887
0.015493774
0.02051473
0.014156858
0.0066966773
0.012517349
0.0012778109
0.0007345566
0.00053599087
0.0006408879
0.0006248495
0.0014128521
0.0015031616
0.0021100054
0.0006871012
0.00049156183
0.00058349787
0.00054621935
0.00057002006
0.0012779476
0.00043463305
0.00049194007
0.000586437
0.00054627174
0.0037950203
0.0032810878
0.0022948845
0.001382313
0.0032858816
0.0010856809
0.0059821997
0.0010809646
0.0005808018
0.00048912707
0.0027931195
0.0013246882
0.00096789654
0.00080210756
0.0007994839
0.0006321495
0.0006363814
0.0005777263
0.0005635676
0.0012199833
0.0009810602
0.0006074041
0.0006394829
0.0007750364
0.00068600907
0.0006196459
0.0006210976
0.0006617463
0.0007598177
0.0007189721
0.00075586885
0.0005913506
0.00068457774
0.00071013934
0.00064980885
0.0007679219
0.00053483347
0.0006271604
0.0006285216
0.00080173713
0.00078813644
0.000611
0.0007679545
0.00078726676
0.0010205184
0.001640406
0.0008520156
0.000815291
0.0007087852
0.0006279896
0.00063085655
0.00081636384
0.0005921531
0.0007668756
0.0007953653
0.0006749465
0.00069079193
0.0009378042
0.0006661891
0.0006380944
0.0015844636
0.0007168786
0.0007957106
0.0005100371
0.00046754847
0.001460167
0.0015003823
0.00054516963
0.00671287
0.013799111
0.0035098912
0.0035771094
0.0013439603
0.00067274185
0.0046407543
0.003028279
0.0011479289
0.0017417569
0.0024592597
0.0032519817
0.0027305665
0.002353545
0.0019297936
0.0016995136
0.001553462
0.001682931
0.0010727847
0.0009271211
0.00079102744
0.00076398504
0.00076140516
0.00076589896
0.000923003
0.0005819509
0.00077832484
0.00080188917
0.016564578
0.19240773
0.23103338
0.17943387
0.08428338
0.13922958
0.20169471
0.19013393
0.15237911
0.18945333
0.1591176
0.1468295
0.103234924
0.11535235
0.20982775
0.20549014
0.17852816
0.13022637
0.12243202
0.10588816
0.07132767
0.038760222
0.022897584
0.050229922
0.042979807
0.028587734
0.012317916
0.040248096
0.115511306
0.11397176
0.108164996
0.052419793
0.052792095
0.050403066
0.034162596
0.018406153
0.034570493
0.041355547
0.018941002
0.015825916
0.010244307
0.01322496
0.02072714
0.019554095
0.011960649
0.0045267455
0.001054875
0.0014874263
0.0007078861
0.00079807464
0.00080940005
0.0008666526
0.0007938654
0.0007967777
0.001130991
0.00080054346
0.0034280303
0.0010734824
0.001195237
0.00095708936
0.0011641792
0.0009309002
0.00091263984
0.0008876065
0.0014492725
0.0008290028
0.0100643085
0.029953288
0.072082125
0.16037178
0.18741584
0.12758592
0.038062196
0.013326365
0.0919135
0.096877255
0.023830952
0.010132309
0.11934149
0.18935111
0.16478582
0.14473248
0.06092984
0.10743646
0.13579299
0.10401512
0.105948985
0.025425773
0.0068841986
0.014658526
0.02281886
0.016160741
0.07545416
0.07817939
0.06897959
0.04737891
0.031163696
0.02373483
0.018879853
0.010110483
0.007215551
0.0017855706
0.00069861556
0.0006522986
0.0006712641
0.0007588502
0.00081576756
0.0009792221
0.00093279994
0.0009847245
0.0011487422
0.0009958494
0.0007792118
0.0010455643
0.0010167868
0.0010099878
0.00089992525
0.05242033
0.10246805
0.10683536
0.12860535
0.23764099
0.17491207
0.1686776
0.1490837
0.02012691
0.016078107
0.11462925
0.1596342
0.15826787
0.046918213
0.15653451
0.13580742
0.1098623
0.017618267
0.0043014507
0.00199865
0.0013882447
0.01226101
0.019803679
0.01875752
0.008926887
0.004014468
0.0017227291
0.0008289826
0.00066225213
0.00061402144
0.00064903055
0.00066023663
0.0006353332
0.00057687436
0.00059053395
0.0134176705
0.038703185
0.08222804
0.1160433
0.11111138
0.087521896
0.08587708
0.044565607
0.082858905
0.084029846
0.06726134
0.022587335
0.0028073073
0.024077717
0.069546945
0.08927065
0.08357313
0.027364034
0.0028835563
0.00849365
0.025241906
0.02595879
0.0115454355
0.007999596
0.0026299986
0.00083015166
0.0008367013
0.00076763716
0.00070204504
0.00062629604
0.0005116075
0.0005935279
0.0006085436
0.0032443628
0.0029649206
0.004552333
0.038473308
0.040663756
0.04342496
0.04238376
0.11063719
0.10770768
0.10461104
0.074088216
0.047564037
0.034231436
0.044663873
0.052367833
0.03866405
0.04574545
0.12170726
0.12774181
0.019750372
0.009018132
0.003427824
0.0029794362
0.002936766
0.003002494
0.0034654657
0.00323112
0.0025989846
0.0025334237
0.0020823036
0.011193045
0.028410187
0.036074158
0.07761003
0.10396346
0.106229246
0.09792109
0.052413046
0.068519324
0.11152023
0.11763387
0.031963192
0.0042343275
0.015205833
0.056581452
0.10539154
0.09710823
0.027611949
0.018552992
0.015693728
0.0044652987
0.10195033
0.11989313
0.018610587
0.09617902
0.07956111
0.076913595
0.10253943
0.09587597
0.07269824
0.06889498
0.06542818
0.039663605
0.020954859
0.009517096
0.028048614
0.042506866
0.052086737
0.03863136
0.035639267
0.018685753
0.017743096
0.028851643
0.040662173
0.030378077
0.030322982
0.029483384
0.026043806
0.025464201
0.010406024
0.006078299
0.0019117108
0.0009570607
0.0018168978
0.002554173
0.0015564825
0.0007678153
0.0017064399
0.0020083422
0.00088291924
0.00085328653
0.001057679
0.0009599562
0.0008248827
0.00077826483
0.0020879856
0.00090357393
0.0007151964
0.000704348
0.0037473154
0.0012000204
0.0013345279
0.0006927622
0.0008488779
0.000939428
0.011059048
0.0039494606
0.0008592652
0.0009276671
0.00087418634
0.0009190806
0.0007627414
0.0007912182
0.0007425549
0.0006899175
0.00055159157
0.0006346571
0.005770006
0.01676928
0.14250372
0.17861368
0.19152643
0.12720653
0.12184448
0.17249009
0.16533604
0.12978497
0.13770024
0.057312973
0.15866637
0.14712189
0.1212357
0.14410329
0.15243988
0.13841595
0.12828761
0.1147979
0.10705038
0.1141196
0.0894237
0.04017791
0.029081238
0.060672846
0.06144636
0.04352875
0.011045789
0.057653256
0.11864498
0.10487532
0.09091322
0.05751713
0.05639509
0.048320916
0.026247239
0.017818054
0.03594227
0.035360646
0.029954279
0.012542208
0.007720962
0.011537152
0.026148943
0.016605115
0.011937133
0.008720294
0.0012310784
0.0008385682
0.0036950994
0.000809371
0.0006808707
0.0006805933
0.00055882137
0.00060195505
0.0006176222
0.0007209217
0.0010263529
0.0008392592
0.00089090166
0.0010054449
0.0012569075
0.0008641931
0.0010096022
0.0008847585
0.00072765676
0.0006613286
0.0005931652
0.00046798761
0.0009678052
0.028033309
0.06080918
0.20126419
0.22570018
0.21070936
0.028541556
0.009793197
0.08044013
0.09273682
0.029670855
0.009242264
0.14770837
0.18819109
0.18568425
0.14918815
0.08282241
0.16235666
0.16937687
0.13996382
0.10130818
0.011344342
0.03436045
0.032256242
0.029195214
0.074781515
0.078776225
0.079436645
0.0675823
0.05769617
0.025454326
0.015200171
0.011282518
0.009485129
0.005933194
0.0023331733
0.0019809417
0.00069116126
0.0006138706
0.00059622515
0.00075291534
0.0007894397
0.00087720726
0.0009227987
0.0008027005
0.0008998235
0.0007672191
0.0012992948
0.00090256555
0.0006928767
0.05583284
0.07954984
0.071269475
0.07536058
0.17463952
0.17646484
0.13508675
0.13430682
0.061488308
0.012720003
0.006303082
0.012989601
0.10147216
0.099377416
0.057473887
0.028473824
0.073703796
0.15164822
0.13355598
0.14926164
0.017467478
0.0030668073
0.0022317795
0.0011520924
0.0073248534
0.012615668
0.0057208813
0.0055876123
0.0076256483
0.0033193866
0.0035634516
0.024075868
0.028476305
0.057554334
0.058193646
0.052139364
0.04239825
0.0243309
0.0058362377
0.05416861
0.07156033
0.07181182
0.060928326
0.040520713
0.0106221195
0.009552961
0.0025733334
0.01652347
0.043428577
0.048892606
0.024893941
0.0294658
0.040921137
0.03203808
0.013929657
0.0058353203
0.005597477
0.0067189974
0.0012759222
0.0011980622
0.0012813262
0.0012558091
0.0016330176
0.0016629836
0.0018871791
0.0020644933
0.001468354
0.0018724126
0.0023137266
0.0021971043
0.00163226
0.001729328
0.001678216
0.0011528116
0.0011127333
0.0011016799
0.0012292832
0.0015647737
0.0013738605
0.0015338509
0.0012895672
0.0015116245
0.001916471
0.0018328616
0.001535164
0.0017781588
0.0026455703
0.0021289834
0.0023944795
0.0016816262
0.0019027414
0.0014941761
0.0018455917
0.0017850996
0.001200536
0.001313592
0.00095311616
0.001167795
0.0009896548
0.00093787746
0.0008381451
0.00081139983
0.0013092645
0.006240771
0.027164351
0.040850125
0.067196906
0.06372554
0.06880344
0.07270571
0.048512712
0.040826343
0.032116693
0.02759383
0.018070977
0.01396538
0.013456179
0.008200593
0.006976701
0.006722987
0.006543229
0.005196098
0.0032576916
0.00268746
0.002579991
0.00230368
0.0019513096
0.0026046666
0.0017930971
0.0026448406
0.0016907146
0.0014634748
0.0011526449
0.0015205252
0.00103447
0.0010557942
0.0009839663
0.0009157067
0.0013430809
0.00097404834
0.0007094374
0.0008848296
0.0010376696
0.0012327434
0.00084550324
0.0007528818
0.000804866
0.000848585
0.00085083384
0.0007962473
0.0007492537
0.0007192612
0.0005765013
0.0007060218
0.00069689465
0.00062829425
0.00060850213
0.0004946206
0.0005917653
0.0006211462
0.000711783
0.00057890185
0.001230748
0.004819762
0.0011462555
0.0026133426
0.0011283207
0.0073892996
0.11552584
0.18667811
0.15878671
0.05771739
0.07242867
0.15697928
0.15752992
0.14733289
0.1602054
0.054785937
0.12856263
0.13277045
0.091683574
0.08906897
0.17958367
0.17551653
0.1157994
0.09991969
0.093967125
0.08548225
0.0896347
0.029227719
0.039338894
0.054874826
0.050757147
0.032420166
0.020282889
0.045126803
0.09872
0.09757502
0.06417344
0.03713116
0.047158208
0.044949878
0.034439825
0.012051505
0.008522957
0.026662383
0.033752337
0.018288337
0.012089466
0.005980312
0.015017068
0.021255484
0.008660882
0.0031760717
0.001372716
0.0011977673
0.0008443889
0.0006981175
0.00066155975
0.00074533385
0.00069843343
0.0009128372
0.00084393023
0.0009949317
0.0010563897
0.0013131916
0.0012705547
0.0012573926
0.0022411796
0.0014384505
0.00085186015
0.0006808601
0.001166405
0.004157088
0.0007946637
0.0023665135
0.000999711
0.005036645
0.11088374
0.24013725
0.2174158
0.20284824
0.045222037
0.0114555415
0.07637328
0.043694478
0.009516863
0.036537085
0.17407537
0.17792602
0.10598845
0.09534541
0.08587934
0.06835873
0.040262036
0.051716108
0.040056597
0.04644255
0.05008024
0.051646646
0.04734279
0.045773458
0.043143902
0.040500935
0.04277081
0.05152241
0.05872405
0.051059484
0.052624207
0.05628065
0.052983176
0.045859143
0.04746863
0.065649815
0.06673694
0.062586516
0.06730385
0.06963853
0.049750965
0.057353206
0.062395014
0.009238105
0.0025800592
0.0014040432
0.0009498431
0.001226073
0.0011276222
0.0006000822
0.00064139295
0.0040824367
0.000822749
0.0010153827
0.00053095224
0.0030460646
0.005823716
0.0007842327
0.00066717056
0.0017340677
0.00069137494
0.00075705705
0.0010262113
0.00084329717
0.0006822685
0.0005507453
0.0023636387
0.0024921913
0.0005129794
0.0005485503
0.00060593354
0.000606437
0.0004764339
0.0007392595
0.0006489064
0.0005280689
0.000484509
0.00069163117
0.0015185524
0.00054054154
0.0018020727
0.0007855592
0.00063498964
0.000589351
0.0014957446
0.000596478
0.0005820355
0.00056897756
0.001304585
0.0005273377
0.004787157
0.00063363806
0.00071084977
0.0006194126
0.0008192808
0.0056133824
0.0008558191
0.00076614594
0.0006888291
0.0010114507
0.00083558244
0.0007060014
0.0008764555
0.0010089445
0.0009256755
0.00061104127
0.00082365057
0.0005682734
0.00048316183
0.0005435425
0.0005872486
0.000584037
0.0032050516
0.0008982187
0.062755376
0.15872821
0.16652144
0.12619738
0.08083809
0.14970231
0.1556247
0.1511883
0.17423493
0.17407335
0.13796854
0.12116166
0.08210142
0.114321165
0.1328243
0.16848794
0.13793848
0.16194211
0.15003973
0.12484932
0.13485144
0.12591259
0.048942786
0.045520995
0.0759416
0.077728465
0.057389792
0.017696587
0.01646109
0.06022455
0.11384245
0.10786691
0.10742437
0.08190132
0.048903953
0.047561634
0.054424275
0.050497677
0.017460873
0.023040865
0.032486513
0.025527641
0.017275127
0.010560035
0.0022428243
0.0013268107
0.0061584823
0.0016678337
0.00064701546
0.0009619155
0.00088836835
0.0006162688
0.00062284037
0.0016121748
0.00074057374
0.0007236029
0.0014708607
0.0006227053
0.000648106
0.0005762865
0.0006990853
0.0005778363
0.00072840304
0.0007774541
0.000668538
0.0022603453
0.0034881453
0.001980696
0.037123434
0.17547868
0.15423596
0.098749295
0.055042226
0.11482863
0.15295443
0.13207234
0.121767014
0.14942916
0.10984586
0.12733173
0.120071925
0.128743
0.13518716
0.23570928
0.20738177
0.121880256
0.100098975
0.08678115
0.092809044
0.109244235
0.06802579
0.04674556
0.057450537
0.06231372
0.062310588
0.030121611
0.02224236
0.039500467
0.0879466
0.10461169
0.079079136
0.033032168
0.040905505
0.045000795
0.036511652
0.019577285
0.013131865
0.05078824
0.054256335
0.023433754
0.012670778
0.0039884406
0.010941962
0.021895215
0.02364088
0.008451907
0.00419039
0.0028559358
0.0015736272
0.0007657375
0.0007810905
0.00066513673
0.0006779413
0.0005774522
0.0007199183
0.00079743634
0.0006359883
0.0009025281
0.00083798886
0.0031474612
0.0024192254
0.0011109933
0.0021496562
0.002313719
0.03127844
0.14738943
0.21051432
0.18709828
0.06755362
0.024041148
0.018340915
0.09273909
0.041919917
0.015266482
0.0062377444
0.14958544
0.15568554
0.13036089
0.085055366
0.10836263
0.13628493
0.09878883
0.1299101
0.055157095
0.006014146
0.022074442
0.025672633
0.024680628
0.08618476
0.09573786
0.07960274
0.065804966
0.04700719
0.01633437
0.014367751
0.01070208
0.01004032
0.00764447
0.0031706723
0.002169898
0.0010608184
0.0008140429
0.0011804125
0.001550742
0.0017604212
0.0023173264
0.0019295113
0.0013849878
0.0013948777
0.001710076
0.0011736398
0.0006655485
0.0029803691
0.1251067
0.14290857
0.10216306
0.19050585
0.20319748
0.17412345
0.18097888
0.15041727
0.14674291
0.029972147
0.0072917794
0.0069347634
0.0863761
0.1327628
0.082519084
0.04560445
0.1472199
0.14037262
0.08526752
0.012104184
0.004678606
0.0020996358
0.001090396
0.017532151
0.029844433
0.02324031
0.015079623
0.007963847
0.0034825504
0.00082256505
0.00062955683
0.0008527043
0.0006703208
0.0011078612
0.00072819524
0.00051941205
0.0006375179
0.00084530405
0.0015507635
0.0015749758
0.0008334493
0.0006846878
0.00060815347
0.00076386594
0.00075685274
0.00068827556
0.019192496
0.040391494
0.06562248
0.06297056
0.050061997
0.025860317
0.009409704
0.018042572
0.06310611
0.05189016
0.054922424
0.0474564
0.050542623
0.054364022
0.053990845
0.056713175
0.069682255
0.07879464
0.07323971
0.07682138
0.084263384
0.08611782
0.07414908
0.012443601
0.0076663503
0.009917799
0.035949714
0.02425912
0.0046255807
0.045208983
0.055627473
0.054575533
0.06530154
0.072097465
0.0866189
0.088634536
0.08853078
0.07532998
0.07103814
0.06416373
0.07219708
0.073267184
0.070952535
0.06247506
0.06359238
0.05926556
0.06237857
0.069847144
0.074998274
0.07556306
0.067503124
0.047924116
0.0131511595
0.0017658491
0.0032945622
0.08922243
0.08542933
0.07442383
0.04170166
0.005345845
0.008782243
0.037694227
0.03981585
0.033807453
0.028951842
0.025810763
0.023907725
0.028550997
0.02443136
0.006910716
0.0048874742
0.00093462755
0.0010831082
0.00072220026
0.0008100063
0.0006777677
0.0008073814
0.00071356917
0.00071337057
0.0005833655
0.0006926766
0.0014803989
0.00072374934
0.0004878334
0.00072971376
0.0033896419
0.000707957
0.0005657822
0.0004938777
0.0007350759
0.00085759757
0.015043249
0.004620493
0.0015462558
0.0011334949
0.0017477258
0.0015624254
0.001122397
0.0009858505
0.00084279676
0.0009123669
0.00073147425
0.0006693737
0.00059181807
0.0006880924
0.00057754206
0.0017100375
0.0010822379
0.0006020248
0.055818997
0.12935401
0.14863926
0.10137398
0.079051204
0.10857661
0.122294106
0.13482341
0.112095416
0.10810574
0.12619974
0.119164534
0.10304778
0.10247893
0.12462499
0.11344254
0.09819005
0.07337758
0.071214214
0.02199264
0.04360852
0.053703934
0.046188314
0.014561095
0.013902633
0.07969034
0.09279023
0.0919423
0.08297732
0.032814957
0.03960761
0.0422424
0.024809716
0.009350319
0.00870477
0.037717838
0.037148822
0.024915991
0.012371318
0.0073998244
0.0050451634
0.030149294
0.032133255
0.020586813
0.0035068146
0.0013050262
0.0012348439
0.0011315509
0.00066844677
0.0028489958
0.00052665087
0.0005503971
0.00067619816
0.00060946704
0.00053477916
0.0005246558
0.00057529984
0.0006426037
0.0007794355
0.00084643724
0.0008935845
0.0007253238
0.00083310093
0.0022264938
0.0011614923
0.0007114076
0.0034461676
0.000869975
0.0009348803
0.036531776
0.049455572
0.19862452
0.17734171
0.13116008
0.046093922
0.008588928
0.07268647
0.08992989
0.04175859
0.0060094288
0.175352
0.18648763
0.17003322
0.1403734
0.10918605
0.123938166
0.095994286
0.0907965
0.036120605
0.016012626
0.028019717
0.012811113
0.08032475
0.072368495
0.053065546
0.050302822
0.020445587
0.010781656
0.008165104
0.030261733
0.02766071
0.0058757695
0.002386303
0.016793951
0.009385197
0.007594578
0.0015065633
0.0012419793
0.0016544351
0.0032926495
0.00141013
0.0013902104
0.0016969426
0.001724521
0.0016334646
0.0013899886
0.0013367209
0.0014354397
0.0011418242
0.0009316569
0.00087248086
0.0007916497
0.001011897
0.00058935414
0.0007096238
0.0005925767
0.0005084993
0.0006115923
0.00044954554
0.00054427737
0.00042334525
0.0010049256
0.00046468107
0.00062356016
0.00069796544
0.0006282483
0.001168704
0.0006640885
0.00080770336
0.0009317778
0.0011504152
0.00068371143
0.00053157384
0.002168536
0.0008438383
0.00092246634
0.0007764059
0.0012504697
0.0014578929
0.0019725587
0.0018845202
0.0042992407
0.0025795035
0.0014477613
0.0010051108
0.00087568426
0.0006847198
0.0007260714
0.0005038175
0.00049475895
0.0005514533
0.000700516
0.013263199
0.003634721
0.0024317834
0.0022109172
0.0010276224
0.0008644795
0.00096718787
0.0018989078
0.00083991565
0.0009829134
0.0015567251
0.0011663735
0.0028756217
0.0015702402
0.021506866
0.012114746
0.013201686
0.029539302
0.015473548
0.007323659
0.002235807
0.00092771696
0.0014744479
0.001681748
0.0021248201
0.0020244902
0.0014323072
0.0031277228
0.030374266
0.0025233938
0.0019304758
0.03357835
0.033626143
0.046278168
0.050855294
0.054950025
0.05861177
0.055019185
0.054252446
0.037437145
0.030941049
0.033692934
0.02731172
0.024505544
0.011675312
0.009060156
0.010624019
0.0101860445
0.0061534178
0.0053995433
0.00534312
0.0051500136
0.003510975
0.0021196636
0.0012698139
0.0010101176
0.00089624047
0.00066132116
0.00071229035
0.00061363436
0.0004912724
0.0005266528
0.0007131651
0.00052502065
0.0018633835
0.00085878733
0.0011283825
0.000973971
0.0007873767
0.0006516158
0.00065203867
0.0006532722
0.0006851578
0.00046243967
0.000498313
0.0006445468
0.0006482082
0.0007030497
0.00051731785
0.00060800853
0.00044467516
0.0007752955
0.00068642467
0.00089322164
0.0008954146
0.0005533853
0.0006771483
0.0006964232
0.0006859921
0.0007697683
0.000691641
0.00090429455
0.0007076956
0.00069839053
0.0008327072
0.0009082784
0.0007154812
0.00075678143
0.0008531432
0.00090379
0.0010109838
0.0009902682
0.0011622136
0.0011159074
0.0011303667
0.0013680549
0.0007499385
0.0007455671
0.0010999575
0.0005935254
0.0023806388
0.020304823
0.031153299
0.03049214
0.0064517423
0.043780997
0.0069481605
0.0337224
0.015416376
0.054910824
0.024942158
0.0067167203
0.08636427
0.08041549
0.04326546
0.03220508
0.111820646
0.045814637
0.0070526213
0.006456092
0.010856742
0.0864589
0.08847911
0.071982086
0.03345192
0.01189819
0.011290716
0.055443708
0.057649434
0.04967113
0.05135953
0.05832285
0.05464235
0.052576553
0.041816033
0.02623407
0.014400414
0.04510424
0.011244753
0.008712351
0.0029084273
0.029188424
0.036935978
0.03725762
0.03702182
0.039654106
0.06378009
0.0631124
0.051036317
0.038817413
0.056324854
0.08622926
0.08065806
0.039583653
0.030425431
0.08082154
0.055806484
0.06312637
0.06656276
0.07051135
0.047149774
0.045964148
0.046769693
0.04708806
0.03680723
0.04313235
0.043088514
0.03742725
0.03122727
0.037035372
0.052040473
0.048728663
0.032089535
0.024461208
0.007972665
0.001467094
0.006674936
0.005640662
0.0021720391
0.0016595555
0.0018383338
0.0014121188
0.00126459
0.0013935806
0.0016467372
0.0012945002
0.0014436068
0.0011503638
0.0011969334
0.0009552487
0.0012484151
0.0011403329
0.0010458768
0.0007042487
0.00067378563
0.0007974047
0.0006580798
0.00056809245
0.0005810918
0.0006314514
0.00071199384
0.0006770016
0.00063995115
0.0013485149
0.00063929125
0.0006832585
0.00078533083
0.000779847
0.0008684656
0.0009911386
0.0007516255
0.00060335477
0.00077035086
0.0007501662
0.000701929
0.044041157
0.04325212
0.0074095377
0.009036592
0.005112882
0.011683575
0.007554208
0.011178513
0.0052499687
0.0025134624
0.0010920429
0.0010524353
0.001147474
0.0007584892
0.00082514604
0.000795615
0.0012321178
0.001857014
0.003885694
0.002485404
0.0007348427
0.00064397854
0.0006580825
0.00066787127
0.0016128229
0.00080336566
0.00069091946
0.0006459156
0.0006236658
0.00067088206
0.001162595
0.002450974
0.0022553976
0.0015153103
0.002009035
0.0013918277
0.0017228206
0.0010973254
0.0012793511
0.0015112569
0.001281482
0.0010755942
0.0010572703
0.0009127033
0.0009197606
0.000989474
0.00063559116
0.00055067416
0.0007449653
0.0006551392
0.0007752526
0.0006180959
0.0007271473
0.00063428556
0.0018209006
0.0006705632
0.00415149
0.0019407889
0.00086055323
0.0047266628
0.0013842492
0.0026944275
0.0010778438
0.0006116408
0.00058808224
0.0006596168
0.039731394
0.1692057
0.2038511
0.12724379
0.05836663
0.12358981
0.14656703
0.124949
0.1048629
0.039746784
0.10943528
0.094658
0.07783704
0.11407172
0.10888718
0.10625614
0.11095204
0.104122825
0.1201932
0.109054655
0.035064783
0.0811385
0.09020652
0.073404886
0.035852987
0.021311993
0.056022532
0.054955512
0.0445499
0.018447975
0.0024709948
0.012787197
0.023820587
0.11811119
0.13034353
0.104231484
0.07060532
0.044549093
0.058567066
0.052124582
0.020897388
0.015091677
0.031704716
0.04346733
0.041665457
0.019743977
0.013423837
0.0023942678
0.011584075
0.026589798
0.020574288
0.010148218
0.0015338331
0.0008305782
0.0009175058
0.00060337497
0.00093444093
0.0009836243
0.00075991766
0.0007144704
0.0008672103
0.00067156897
0.0009597251
0.00079428003
0.0011408469
0.00079686794
0.0016827252
0.0008423214
0.0040468196
0.00079865224
0.02355746
0.068334535
0.1328383
0.122432955
0.08579115
0.022733161
0.014395045
0.093009315
0.08527593
0.028237948
0.0106232995
0.10831965
0.20531857
0.17122419
0.1534441
0.07780644
0.113647215
0.13060534
0.10025458
0.11749279
0.046125628
0.0032711346
0.028495418
0.03414192
0.029537443
0.052987557
0.09826234
0.09874641
0.081946395
0.06612786
0.04037036
0.023317268
0.015539889
0.011104885
0.011611049
0.0035212731
0.001180063
0.0006088268
0.00071679003
0.00072192424
0.0006331192
0.000704356
0.0008895838
0.00093371037
0.002054329
0.0015792263
0.0014979574
0.003987008
0.001980128
0.003124737
0.09827762
0.10695916
0.08776618
0.16057302
0.18600355
0.08829009
0.09511086
0.05871557
0.008519688
0.0047160154
0.007366723
0.08085829
0.10887884
0.0856322
0.040761806
0.12727572
0.11748829
0.048754804
0.009328761
0.0027837418
0.0013225985
0.00075013377
0.00747376
0.012391316
0.019636968
0.019539366
0.013692255
0.006283363
0.0018769909
0.0009832862
0.0006548496
0.00064582005
0.0008687521
0.00062511745
0.00054520986
0.0007907697
0.0007021956
0.015163531
0.053187456
0.08642128
0.06689375
0.045403495
0.061622955
0.079690404
0.08053467
0.051965293
0.009083833
0.0033428653
0.022146346
0.0720022
0.097929545
0.09254267
0.033373848
0.0040268744
0.0050175292
0.01670307
0.015927417
0.014625265
0.009972411
0.0056228144
0.0016566761
0.00071542046
0.0010982219
0.00090654154
0.000852194
0.00095161016
0.0009824235
0.0007493546
0.00089504506
0.0007627194
0.00057744567
0.059751626
0.05913242
0.05797553
0.12648174
0.13939406
0.0934018
0.1040709
0.039907653
0.032282274
0.04410366
0.04484843
0.07087241
0.045134075
0.09357752
0.15220368
0.11850058
0.082518145
0.026333919
0.021932539
0.017767912
0.014238537
0.14008465
0.11163742
0.009445734
0.00568192
0.0019912673
0.20921712
0.22969615
0.17256816
0.09793798
0.05144173
0.019779963
0.019956192
0.0069112587
0.0017376129
0.021135077
0.001897658
0.027689379
0.05262336
0.027207168
0.015547056
0.024241671
0.032349817
0.029361112
0.023586223
0.014888811
0.011080114
0.0070796055
0.0019542414
0.0035599887
0.0033993695
0.00070041174
0.00058163534
0.00051414553
0.000603099
0.00043159124
0.00046614005
0.0005664427
0.0012093432
0.00068005145
0.0005691623
0.0006309686
0.0005484974
0.0005915866
0.0005570275
0.00050024514
0.00066361553
0.00074412674
0.00046742422
0.00054963015
0.0009444278
0.0005859797
0.0005483076
0.0005362893
0.0019072641
0.00062599755
0.00053190714
0.0006036315
0.0006192801
0.0005306072
0.0004971112
0.0018232168
0.000696606
0.00058326207
0.0011269217
0.014020017
0.06869933
0.07853742
0.08010762
0.064539984
0.026716715
0.024548316
0.03330443
0.03373233
0.004670854
0.007711254
0.014230224
0.030314917
0.03386193
0.01696854
0.004134479
0.0012815001
0.008101324
0.0034216251
0.001795881
0.001151242
0.0010432928
0.00071415125
0.43807682
0.012544652
0.0047014025
0.0019012721
0.0012365049
0.0010713353
0.0008351037
0.00081743044
0.0008968001
0.0006072127
0.003572964
0.00080772996
0.0014381935
0.0008892902
0.0009544398
0.00069592637
0.000786596
0.0008767776
0.0007847821
0.0007183239
0.0006844742
0.0007042409
0.00069073605
0.00077449926
0.0008810592
0.000874243
0.005122212
0.0014552192
0.0009824488
0.0010758406
0.0023080343
0.0012180177
0.0010360009
0.0007928704
0.0009840579
0.00078544224
0.0007491685
0.00059255376
0.0007650238
0.00075363956
0.0005274822
0.0007446625
0.00060982234
0.00063141
0.00048003517
0.00060241274
0.00063076604
0.001002023
0.00083722564
0.00076597196
0.0009320215
0.0008058174
0.0022592857
0.0010585623
0.00093678484
0.0008253716
0.0008624014
0.00088709674
0.0022787082
0.0008609132
0.0009242243
0.0011153623
0.00082041504
0.00075924146
0.0008988726
0.00082456303
0.0007489438
0.0009806214
0.00085501187
0.0008269763
0.0008978416
0.00070189976
0.0008038216
0.00069714524
0.0008303178
0.00075084064
0.0008524514
0.00061644043
0.00064341497
0.00063654647
0.0005526634
0.0007509344
0.0006316907
0.0007973111
0.00071602594
0.00080277934
0.00047560205
0.0006440485
0.0005846275
0.00054521504
0.00058998616
0.0006155323
0.00072255876
0.00064649957
0.0005456362
0.0005667534
0.00067379157
0.00047583025
0.0005513812
0.0005620237
0.0007658447
0.0006579532
0.0007506153
0.000674577
0.00075641926
0.0008173802
0.0006799867
0.00081151765
0.0006659458
0.0006504572
0.0005263531
0.0006771562
0.00071955746
0.00057840924
0.0005464183
0.00057119265
0.00083310105
0.00069942174
0.00064506935
0.0007770036
0.00063218473
0.000747182
0.0006481201
0.0007651846
0.0006962164
0.00069730415
0.00079648563
0.00060457323
0.0009529901
0.0008751478
0.00086132676
0.0006475055
0.0006358763
0.0008088976
0.00065419177
0.000667528
0.00056028186
0.0006351707
0.0008083861
0.00069517514
0.0005152533
0.0007313203
0.0008611516
0.00061674404
0.0006351323
0.0008289071
0.00058613665
0.0005469422
0.0007568155
0.0006303445
0.0005552413
0.00050270703
0.0005531261
0.00057837483
0.00064638443
0.00067377073
0.0005537136
0.0005296912
0.00056378514
0.00073353696
0.001188547
0.0006741638
0.0025170206
0.00094250275
0.0020645976
0.00073680904
0.0007176861
0.0006026023
0.0007294076
0.00084913644
0.00044763915
0.000756121
0.015283086
0.0011913469
0.00080793776
0.0025652004
0.002180568
0.00065580505
0.0006720912
0.0006214501
0.00085121486
0.14797844
0.1235966
0.10751965
0.10034354
0.09481902
0.21129836
0.209043
0.1800331
0.18234386
0.17781526
0.22013898
0.12851985
0.09841023
0.15751906
0.1665733
0.121805735
0.16591683
0.1225958
0.11623423
0.17030692
0.17301965
0.14342901
0.11895566
0.06955408
0.04098777
0.053489503
0.054741494
0.07844871
0.10256064
0.081402294
0.06296091
0.045319997
0.021506565
0.013966372
0.008483988
0.0064288047
0.0039840764
0.0016028302
0.0010301188
0.00063585653
0.00080962165
0.0006580638
0.0005524425
0.0022027155
0.0022237322
0.00091118907
0.00063187315
0.0006229206
0.0009081542
0.0014627698
0.0039100335
0.0008650003
0.0008119869
0.0007531838
0.001345003
0.0006736686
0.0008237455
0.0005445242
0.0023021277
0.0009992109
0.0022442918
0.00083342474
0.0009629822
0.00097502023
0.001089328
0.0010963577
0.000908164
0.0012225432
0.0011008335
0.0016647874
0.0014348924
0.0014901281
0.0012525797
0.0012576402
0.0010272906
0.0011356358
0.0008591863
0.0009086861
0.0009526259
0.00082161214
0.0007292111
0.00063584757
0.000561592
0.0006245802
0.0005655029
0.0006469993
0.0007062754
0.00081896037
0.0005592433
0.0007881614
0.00047651347
0.00057492947
0.0006982212
0.00075052225
0.00082880235
0.00052942557
0.00048380755
0.00051975006
0.00073863
0.0011781482
0.0005589855
0.0005626327
0.0012808588
0.0005592815
0.00051196397
0.0007689727
0.0006584962
0.00067648257
0.0005649447
0.0007648008
0.00059926667
0.0006324225
0.0007342712
0.00081723643
0.0006157797
0.0005774581
0.00058247754
0.00081797695
0.0006683572
0.00066781184
0.0007324374
0.00071037584
0.0007706049
0.00078246667
0.0007578817
0.0009170507
0.00065918226
0.00079640915
0.0008333497
0.0006416599
0.0007950325
0.0006576908
0.0007023361
0.0007761053
0.0006644421
0.00067152426
0.0007016545
0.0006895909
0.0007305348
0.0005535537
0.0005294
0.00060345576
0.00066149974
0.00064981944
0.00075307966
0.0006821552
0.0007643229
0.00062193
0.00041479245
0.0005714829
0.0006428615
0.0005362552
0.00054670766
0.00045691073
0.00063362246
0.0006869088
0.0006705597
0.0013355566
0.0015011214
0.0014636829
0.0010545704
0.024143977
0.048925556
0.05871312
0.05301003
0.05800136
0.07548584
0.073026806
0.07130885
0.045643505
0.047278583
0.08991526
0.08157341
0.09793374
0.07162823
0.08346974
0.08104931
0.086594574
0.061846893
0.019040488
0.029551087
0.10611044
0.024367495
0.0042716223
0.085312776
0.072092645
0.09656496
0.051021047
0.05636942
0.07845502
0.07074836
0.028656239
0.014986781
0.012336978
0.017611764
0.08295827
0.080529846
0.07845336
0.06970605
0.05771384
0.058132295
0.059791356
0.036067594
0.049346674
0.072414756
0.07777925
0.060892936
0.022596437
0.012266961
0.019075612
0.011587442
0.005541364
0.016441964
0.008977618
0.055464618
0.05238955
0.04846749
0.036481813
0.024755234
0.028688041
0.02975703
0.026802318
0.014284492
0.0070689805
0.005025584
0.030252853
0.03568312
0.034098573
0.039973304
0.052859887
0.08547643
0.12129178
0.03200432
0.024219373
0.0147667425
0.007961017
0.0018973172
0.0011631266
0.0009152426
0.0011469244
0.0009482237
0.0006462048
0.00066898944
0.0006059217
0.00072879135
0.00050051423
0.000641146
0.000657425
0.00047262583
0.0008182562
0.000529668
0.0004984055
0.00059527165
0.0005873987
0.0005799303
0.0004169594
0.0004818051
0.00059179997
0.00061573525
0.0014173767
0.0010007917
0.0005094267
0.0007049485
0.00080717297
0.0007974134
0.0008755283
0.0008912539
0.027571408
0.00970091
0.0023598718
0.0012138627
0.0011190554
0.0010132989
0.0008835327
0.0009811874
0.00096170435
0.0007818067
0.0008190535
0.0008018027
0.0006572588
0.0007958824
0.0007117059
0.0005827022
0.0006530388
0.0005281955
0.00053488876
0.00060269964
0.0005081792
0.00058356434
0.00067633676
0.00047770198
0.0006170921
0.00062722893
0.00038100863
0.0004428292
0.00046657285
0.0006830189
0.000524896
0.000687385
0.0005836953
0.0006648221
0.0006390428
0.00041677634
0.0006706326
0.0006557711
0.00059779856
0.0005349374
0.00069006265
0.0007436595
0.0005546657
0.00077420386
0.00077206694
0.00060288067
0.00073715224
0.0007352372
0.0007591259
0.0008046952
0.0009113182
0.0010699682
0.0014882194
0.0010362254
0.0013293384
0.0008810316
0.00084451854
0.00088339945
0.0007340887
0.00083748373
0.0007353965
0.00063690863
0.0018198454
0.00071419927
0.0007162358
0.00087128975
0.0006741964
0.0007848697
0.0007291436
0.0007443573
0.00064982625
0.00061885384
0.0010646473
0.00059396063
0.00089243625
0.0007185305
0.0006987092
0.00076544826
0.00063138106
0.00073858316
0.000739667
0.0005293502
0.000582596
0.000672558
0.00064250844
0.0007298066
0.0006490446
0.0006293512
0.0005328111
0.0004553669
0.0004978785
0.00056986505
0.000641305
0.00059326045
0.0007316629
0.0005969535
0.0005562192
0.00073202234
0.00061066437
0.000975322
0.0008943638
0.006707004
0.0020018748
0.0011067855
0.00086210604
0.0012062524
0.00124074
0.0008562516
0.00095629814
0.0007685171
0.00081528106
0.001035739
0.0011131031
0.0005679685
0.08828196
0.124532856
0.09945971
0.16521668
0.16869071
0.1712002
0.15582453
0.10845653
0.1246671
0.11969785
0.13408005
0.1845224
0.13293424
0.13662511
0.13188379
0.11319006
0.094453156
0.06588943
0.027947998
0.024544321
0.1082133
0.11045442
0.058734857
0.008847756
0.0038949875
0.014931406
0.09057041
0.105043225
0.10038274
0.095299855
0.13961013
0.1347983
0.081172906
0.009187034
0.02282651
0.01810843
0.047495335
0.10245256
0.12606175
0.13394247
0.12581123
0.05634015
0.08552345
0.12382967
0.11595526
0.09703316
0.07860221
0.0837496
0.12898114
0.1449878
0.08604311
0.020041458
0.010705486
0.012439564
0.017537745
0.0031291454
0.001369458
0.023710957
0.015527344
0.07530241
0.09030029
0.09394587
0.09599191
0.06556734
0.05499654
0.03982623
0.04372768
0.06283978
0.059688326
0.037051853
0.013116923
0.009910855
0.0034934455
0.10320812
0.090059884
0.07040788
0.092229836
0.13107593
0.19428888
0.18138708
0.1472469
0.06284909
0.041067973
0.03195762
0.038503297
0.036318924
0.0026025833
0.0015476738
0.004099263
0.0008093063
0.0009341915
0.0010462519
0.0011932842
0.00082921545
0.0010305173
0.0011833209
0.0010431263
0.0008993681
0.000865909
0.00082774647
0.0007168216
0.0008564583
0.0007257783
0.00074416667
0.000799157
0.00090296584
0.0007476832
0.000791928
0.00082375616
0.0009214507
0.00088861113
0.000925199
0.0010351153
0.001043646
0.0009784104
0.00084888126
0.0010813919
0.0010411973
0.001032243
0.0015326049
0.0011918846
0.0010493741
0.0013711212
0.0012712447
0.0012757506
0.0013866356
0.0014425513
0.0015124361
0.0013935716
0.0014272457
0.0015786678
0.0015671656
0.0015514563
0.001662719
0.0016720225
0.0019231953
0.0019644955
0.001715401
0.0018133776
0.0019173226
0.0016958256
0.0016963731
0.0018824019
0.0019042708
0.0018869225
0.0017444859
0.0018926545
0.0017479279
0.0020305046
0.0018099345
0.0015260429
0.0017810717
0.00177045
0.0017780464
0.001787281
0.0014349346
0.0018489511
0.0014752587
0.0014167256
0.0015844618
0.0012789724
0.0017312608
0.0016075878
0.0014351333
0.0016697125
0.0013809727
0.0014508314
0.0016349204
0.0014701772
0.0014772993
0.00262057
0.0014763474
0.0017735899
0.005607138
0.0026912827
0.20123391
0.16054784
0.16195907
0.20409562
0.192577
0.10475298
0.17192002
0.17206155
0.062156346
0.057680856
0.08270546
0.08062833
0.11318447
0.121697225
0.13775712
0.1132185
0.12840143
0.11452111
0.034682907
0.033449847
0.072678804
0.09025351
0.09227197
0.08716566
0.08092224
0.07016939
0.024212368
0.02596334
0.022357112
0.05680956
0.0708543
0.057222113
0.05564795
0.03989898
0.032898948
0.020915424
0.006149674
0.022101238
0.042892825
0.04521139
0.028062055
0.011581787
0.009691699
0.006468988
0.0038494514
0.0019996976
0.001589675
0.0015508102
0.0017418308
0.002580549
0.00143653
0.0016474422
0.001464113
0.0011887144
0.0015356211
0.0013454285
0.0017118738
0.0016675135
0.0024549575
0.001556793
0.0013625066
0.0016381672
0.0019449911
0.0015692193
0.0019600617
0.0015574315
0.0015281831
0.0016767619
0.0012117822
0.0016853797
0.0014007669
0.001642727
0.0016869118
0.0013673863
0.0015337463
0.0015638212
0.0015629049
0.001726138
0.001614078
0.0015424335
0.0013289757
0.0017011587
0.001525284
0.0016059433
0.0019273495
0.0013941373
0.0033538972
0.005481679
0.0026756586
0.033139344
0.037396844
0.10801967
0.1839158
0.20491111
0.18390091
0.16717431
0.103655405
0.1571183
0.14200705
0.08858355
0.070170976
0.07262195
0.08593925
0.11550348
0.12158463
0.12269748
0.13019265
0.07084904
0.10546812
0.089960806
0.038663443
0.031825993
0.026047211
0.078979045
0.07311573
0.06851471
0.07118298
0.078177385
0.055722807
0.021483693
0.023665415
0.06786731
0.060650423
0.061383087
0.0408646
0.041300498
0.030715957
0.024133053
0.014257001
0.0055098487
0.013243987
0.04002695
0.036400355
0.026888415
0.02139217
0.011467305
0.011112649
0.007183985
0.0054624532
0.002039529
0.0015553378
0.0035522687
0.001488612
0.001460783
0.0014785886
0.0013728583
0.0013552642
0.0016365645
0.0014495653
0.0014812032
0.0017173587
0.0014499218
0.0015449008
0.0013862147
0.0018791559
0.001549772
0.0018936818
0.0018823725
0.001614603
0.0016121839
0.0018236242
0.0016007363
0.0015037182
0.0014966826
0.0017205343
0.0015720896
0.0020256806
0.0017487028
0.0017147886
0.0018523858
0.0015553632
0.0016608189
0.0015694096
0.0015381806
0.0017543858
0.0017961453
0.00177188
0.0017854207
0.001367698
0.0014616293
0.0013480986
0.0013014633
0.0014543753
0.0013341627
0.0013862882
0.001631972
0.0014846496
0.0016410471
0.0013543509
0.0014501126
0.0014133399
0.0013286772
0.0016399308
0.0013753654
0.0015420095
0.0016582103
0.0013586984
0.0015250237
0.0015337704
0.0013469718
0.0015617694
0.0013575109
0.0015898792
0.0016692131
0.0017366676
0.0015202004
0.0014548998
0.0016199482
0.0013780973
0.0016044145
0.0014033132
0.0016339795
0.0014905803
0.0014295926
0.003022756
0.0019241858
0.001543559
0.001888356
0.0016195528
0.0018221699
0.0017080714
0.0014296788
0.0015715776
0.0016314446
0.0014326092
0.001583743
0.0013460262
0.0015811764
0.001546668
0.0015117241
0.0019403573
0.001334124
0.0016299422
0.0014954533
0.0015019319
0.07151421
0.12662151
0.13807505
0.08790682
0.03956033
0.004240851
0.16031986
0.17616221
0.1433817
0.11538427
0.07902689
0.12679158
0.1379806
0.13284624
0.018153595
0.02465562
0.02489765
0.05494822
0.12356169
0.12556244
0.13822152
0.08589716
0.104477845
0.0756369
0.09760336
0.093311146
0.07169304
0.06678315
0.09041417
0.13089368
0.16342378
0.09072892
0.0127063915
0.017936096
0.019466406
0.019072728
0.0061053066
0.020753082
0.013694513
0.062430736
0.1048539
0.10596347
0.09076886
0.079362124
0.06583597
0.035057083
0.05340373
0.06078676
0.056109756
0.030934244
0.018064175
0.01412135
0.03997824
0.13388637
0.11360861
0.08444956
0.06007865
0.050778456
0.097411685
0.113024585
0.114290826
0.06965316
0.06254527
0.031272795
0.03861224
0.03471729
0.0035247258
0.002165269
0.0016434422
0.0014985871
0.0016379353
0.0013754837
0.0013678649
0.0015893003
0.0015266157
0.00145916
0.0014417539
0.0017423787
0.0017358722
0.0018960844
0.0015410837
0.0014950065
0.0019365546
0.0017116033
0.0071500205
0.0022348398
0.001518843
0.0017369505
0.15573849
0.17968085
0.23677792
0.18233469
0.17128974
0.09376368
0.14620745
0.15471938
0.06665823
0.031280134
0.05992915
0.06720206
0.07779428
0.10016642
0.11158671
0.12503855
0.12438746
0.11469661
0.0782185
0.033612587
0.050128974
0.07631322
0.08509781
0.084228314
0.09102435
0.068264574
0.030271702
0.024083467
0.024219086
0.084314406
0.08013862
0.08292782
0.087558284
0.08051933
0.06029959
0.032930307
0.008757956
0.0037367286
0.015548981
0.069469
0.062455814
0.043425664
0.01585927
0.00951872
0.007437972
0.0049174563
0.0018110003
0.0054191723
0.0016526277
0.0012966977
0.0013748725
0.001343444
0.0014679807
0.0012707429
0.0014102503
0.0017544635
0.0015212597
0.001632617
0.001728502
0.0015397329
0.0015342614
0.0014532402
0.0016278818
0.0014905109
0.0017687865
0.0017771149
0.0015338901
0.0016658016
0.0014755483
0.001780406
0.0013858116
0.0014866228
0.0014244263
0.0013024716
0.0015589282
0.0013736783
0.001723039
0.0017770184
0.0012416407
0.0018306455
0.0015336194
0.0014072729
0.0014225326
0.0012190986
0.0014752971
0.0014230218
0.001619517
0.0014749399
0.001262027
0.0014547153
0.0014811321
0.0015822352
0.0014507734
0.0013295393
0.0015609768
0.0015622507
0.0014434258
0.001499438
0.0013664719
0.0015525045
0.0014758934
0.0015378175
0.0016049016
0.0015772365
0.0016556147
0.0013148213
0.0020061
0.002754289
0.0015153717
0.0014640967
0.0013220581
0.0013361921
0.0014807031
0.0016505396
0.0013239805
0.0011770999
0.001232717
0.0014705013
0.001108484
0.0017283801
0.0013756189
0.0017422907
0.0015146289
0.0013459077
0.0013941115
0.001474564
0.0013581162
0.0016433689
0.0013168765
0.001369264
0.0014546191
0.0012940831
0.0014410825
0.0013381402
0.0013899277
0.0030338569
0.0032946696
0.0016054609
0.0013013118
0.001486955
0.0024547507
0.002741436
0.0017508096
0.0015375239
0.0026695922
0.0016839992
0.0014474205
0.001641236
0.0014946604
0.0014147032
0.0015543249
0.0014583172
0.0015633297
0.0013373623
0.0015413293
0.0013711479
0.0017287253
0.0014964786
0.0013721808
0.0015063701
0.001335928
0.001664176
0.0014713588
0.0012885318
0.0014613997
0.0014720426
0.0016734344
0.0014138508
0.0013958658
0.0015639073
0.0018077086
0.0012699012
0.0015431986
0.001438262
0.001545226
0.0014360014
0.0013010052
0.0014396972
0.0017644822
0.0014511675
0.001575975
0.0012471944
0.0014975033
0.0014767395
0.0017069018
0.0014919745
0.0014960178
0.0015069814
0.0012312052
0.0027011055
0.0014754478
0.0016180656
0.0015441739
0.0016344987
0.0016922123
0.0016630482
0.0014783938
0.0017651683
0.0013187182
0.0014471667
0.0016560617
0.0013640486
0.0016374106
0.0014461363
0.0016118538
0.0014664187
0.0014300239
0.0015471061
0.0014404408
0.0014098888
0.001636463
0.0012817886
0.0017086639
0.0017229323
0.0015493989
0.0017382768
0.0012056142
0.0015142191
0.0014926912
0.0013698417
0.0015786026
0.0013981912
0.0014619534
0.0014124085
0.0013327531
0.0016331284
0.0014239941
0.0016742958
0.0019362626
0.0018042836
0.0020500093
0.0015935344
0.0016681396
0.0014587061
0.0019431697
0.0015620798
0.001555396
0.0016019157
0.0015724567
0.0015681658
0.001558359
0.0013904572
0.0017287075
0.0015309145
0.0025735288
0.0018500963
0.0013281329
0.0015159142
0.0016763174
0.0013572001
0.0016661801
0.0014398714
0.0015363313
0.0017813179
0.0013428266
0.0016966601
0.0014161053
0.0016908856
0.0016508589
0.0015401525
0.0015045523
0.0012745936
0.001487998
0.0015251735
0.0015322447
0.00155907
0.0013812035
0.0014581989
0.0015180036
0.0018419273
0.0013277268
0.001525411
0.0014528476
0.0014524914
0.0017833364
0.0013943514
0.0014806701
0.0013952797
0.0012888111
0.0016226157
0.0017312039
0.0012913205
0.0017466381
0.0014159062
0.0013967814
0.001435086
0.0012573226
0.002678116
0.0028212452
0.0015415146
0.0016803521
0.0013444725
0.0017168378
0.0016940585
0.0014804552
0.0015149094
0.0017750433
0.0015083613
0.001616119
0.0016421803
0.009112028
0.03839535
0.041195817
0.032301977
0.14184739
0.16743787
0.14656574
0.11556224
0.106733724
0.096942805
0.095788084
0.14869052
0.18604378
0.2086633
0.23509866
0.20192602
0.13623412
0.1428788
0.13400225
0.09604733
0.07864834
0.1295728
0.092562474
0.098188385
0.07455917
0.023289995
0.038204502
0.068273626
0.08954779
0.07395905
0.058447976
0.030814944
0.0037732346
0.11423406
0.11038515
0.08451713
0.060323227
0.04476876
0.019650148
0.002554772
0.0019894817
0.0033394694
0.0017373601
0.0014373427
0.0014795554
0.0017567705
0.0015912787
0.0019153503
0.0017870754
0.0017735896
0.0018888845
0.001716103
0.001968146
0.0016402468
0.0021154175
0.0019231497
0.0020070295
0.0014743527
0.083483234
0.09628355
0.14734565
0.22848502
0.18093781
0.086946145
0.17801553
0.14514148
0.10569586
0.028501797
0.01908085
0.0058089574
0.116328076
0.16596572
0.1736269
0.15712999
0.118135475
0.017234921
0.015507968
0.007713622
0.089325316
0.08848087
0.08271001
0.032448556
0.02701749
0.02437009
0.013326119
0.032837085
0.093587376
0.10590234
0.13952665
0.18631242
0.17657731
0.09926983
0.0115049975
0.0044582067
0.013831811
0.019559229
0.015085639
0.0104655735
0.0069282716
0.0022988128
0.0017243592
0.0016504419
0.0015403202
0.0016701691
0.0016569396
0.0018174729
0.0014966399
0.0015465305
0.001457832
0.001480447
0.0013327617
0.0013767667
0.0016114486
0.0016919908
0.0012301874
0.0016636698
0.0014172147
0.0014853372
0.0013925624
0.0013074507
0.0014809954
0.001380463
0.0014247387
0.0013900858
0.0013003557
0.0014876603
0.0014827275
0.0012886312
0.0018380316
0.0014481102
0.0013872227
0.0014088167
0.0013699252
0.0014488472
0.0014448833
0.0013473936
0.0014826485
0.0015142469
0.0013421668
0.0011596844
0.0014512549
0.0012829639
0.0015981424
0.0014881486
0.0015297043
0.0016788738
0.0013373549
0.0012797837
0.0015278602
0.0012360017
0.0030561406
0.0014038155
0.0014165629
0.0016393046
0.0014288807
0.0017728959
0.0016462142
0.001656555
0.0019066341
0.0015815397
0.0017928951
0.0017257675
0.0020943806
0.002485915
0.001652332
0.0018729541
0.0017821644
0.001825747
0.0067034634
0.02539843
0.02048332
0.023392338
0.031980406
0.034635246
0.0059957528
0.0034189573
0.0024709855
0.0021384924
0.0016413152
0.0013941044
0.0014916176
0.001487928
0.00133864
0.0014604363
0.0013863957
0.0017851437
0.0014991633
0.0012781996
0.0015430234
0.0012972294
0.0014812303
0.001492847
0.0013718351
0.0016306208
0.0014361977
0.0014656954
0.0014970901
0.0014129763
0.0015539806
0.0015266754
0.0014241441
0.0016274815
0.0013964098
0.0016874844
0.0017438598
0.001423755
0.0017729212
0.0016371035
0.0015890782
0.0013725251
0.0013475799
0.0013504572
0.0014670735
0.0016332493
0.0013817823
0.0016400678
0.0016880486
0.0015418282
0.0015826792
0.0012600023
0.0016789879
0.001566199
0.0014965946
0.001583423
0.0013695944
0.0017047474
0.0016115004
0.0015784198
0.001657413
0.0014866524
0.0019121924
0.0014746418
0.001293085
0.0015534658
0.0013352869
0.0016166911
0.0015803757
0.0014326278
0.0017185761
0.0013433445
0.0014760521
0.0014547661
0.0013168583
0.0015610369
0.0012853106
0.0014431513
0.0016009115
0.0013618713
0.0014345602
0.0013493625
0.0016500473
0.0015201886
0.0012303262
0.0015040709
0.0013069053
0.0014404973
0.0013928725
0.0013560508
0.0015063575
0.0012666768
0.0015011124
0.001520747
0.0015020951
0.0017103357
0.0013361373
0.0014700785
0.0013730859
0.0012872018
0.0014544781
0.0014024822
0.0016504619
0.0015645184
0.0032722913
0.0061470903
0.0016340185
0.0014730741
0.0017684755
0.0013373205
0.0015389133
0.0014058654
0.001651939
0.0017485452
0.0018409387
0.011975908
0.039074965
0.049325526
0.052341577
0.09648134
0.19318108
0.2538698
0.138489
0.117779694
0.09659011
0.0908861
0.09180282
0.13091402
0.14750539
0.15326434
0.14717118
0.13468643
0.15553394
0.14147235
0.13561106
0.12035919
0.09460169
0.07734452
0.09675437
0.114422515
0.11055277
0.10817679
0.088156074
0.051036898
0.038104896
0.043170165
0.08095172
0.089987375
0.07004858
0.05817817
0.039347205
0.0031307153
0.10724422
0.11108774
0.09350735
0.049059473
0.028754175
0.01885666
0.0024327158
0.0017541463
0.0013725379
0.0013686661
0.0013101466
0.0016777023
0.0013443754
0.0016559262
0.0014991448
0.0018042736
0.0014308379
0.0014785079
0.0015857179
0.0014931785
0.0014639011
0.0015249758
0.0013625694
0.002735432
0.032439947
0.09570234
0.11961748
0.02281839
0.0076539535
0.053823713
0.1343125
0.1460762
0.083615825
0.1383735
0.13778205
0.13718131
0.09409928
0.12589978
0.13468893
0.11812145
0.0798402
0.07508865
0.10842326
0.10585983
0.10827692
0.11810798
0.05625115
0.026124379
0.031977706
0.11226704
0.124379784
0.07204465
0.035579182
0.006853978
0.1128759
0.11096003
0.07177758
0.063170426
0.06770253
0.078026995
0.08178559
0.09008378
0.06430744
0.022430763
0.018750608
0.014163923
0.014249266
0.01336926
0.013373386
0.0058916486
0.0020945983
0.0015775685
0.0021983194
0.0014931484
0.0014423281
0.002098514
0.0018786725
0.0015900921
0.0014403057
0.0015794197
0.0015107316
0.0016801676
0.0015509774
0.0015165955
0.0013831395
0.0012975128
0.0014759186
0.0013824048
0.0013675768
0.0018631885
0.086783804
0.091847025
0.094743
0.10520854
0.19840942
0.19823322
0.1668195
0.03490454
0.048866276
0.040306855
0.030802496
0.094238326
0.10289442
0.13586067
0.13399869
0.11540398
0.110094234
0.057020012
0.03271327
0.024460753
0.0070112515
0.032787286
0.11410452
0.14325194
0.12835157
0.07180927
0.012825919
0.01205358
0.010977729
0.09457732
0.097133845
0.03552737
0.021573301
0.026920542
0.016628504
0.11787747
0.09576054
0.100249566
0.07238494
0.05552593
0.017839676
0.0047701793
0.002297245
0.0066420804
0.019214429
0.015822574
0.013236281
0.01065874
0.0026221438
0.0016159958
0.0018811612
0.0016281314
0.0013477023
0.0015338165
0.0013148015
0.0013532417
0.001544083
0.001261452
0.0016098525
0.0014601293
0.0016433856
0.0016617196
0.00161467
0.0015246851
0.0016776922
0.0038453026
0.0026072792
0.0015123707
0.0016009823
0.0016012124
0.0014598256
0.0014224811
0.0014746104
0.001544786
0.0015899943
0.0016200236
0.0015328237
0.0013508182
0.0014620142
0.0015845901
0.0015478861
0.0015880706
0.0014518612
0.0017473048
0.0013681964
0.0015279038
0.0016291076
0.0015877724
0.0018827264
0.0013071891
0.0018140017
0.0017867951
0.0012475558
0.0015744505
0.0013925894
0.0015936366
0.001684835
0.0015901377
0.0016555024
0.0016454124
0.0015632263
0.0015554938
0.0013295276
0.0015708505
0.0013288613
0.0013668224
0.0015036742
0.001336071
0.0016734762
0.0015042209
0.001899108
0.0015898808
0.0023284464
0.0015852278
0.0017699164
0.0012431139
0.0015758395
0.0014526127
0.0016507319
0.0017211832
0.0015896194
0.0015176745
0.0014311947
0.0022306873
0.0018890912
0.0018968701
0.0013950247
0.0015976942
0.0020308422
0.0013449101
0.0016266796
0.0016005719
0.0013241443
0.0017265714
0.0015752428
0.0015851741
0.0015986481
0.0013828819
0.0015625681
0.0014370251
0.0012944554
0.0028509141
0.0015939564
0.001602919
0.007121916
0.0017062833
0.0017127739
0.0014604782
0.023226485
0.0555777
0.074895225
0.08644383
0.08751761
0.082004346
0.07786976
0.1141097
0.13154542
0.1898359
0.18941237
0.16776165
0.10769092
0.13821399
0.17116074
0.17143753
0.108871594
0.117901415
0.10195952
0.08134363
0.038394902
0.0052256915
0.0027588024
0.0024386302
0.06152134
0.0956388
0.10798136
0.07477806
0.08987455
0.13571303
0.13390025
0.07310633
0.07281583
0.18861312
0.17670274
0.050032504
0.04708346
0.07821714
0.074323915
0.021638505
0.041074432
0.13102444
0.14876609
0.0764596
0.019826787
0.0044665085
0.008326103
0.024361612
0.029881798
0.02607182
0.011155661
0.010960584
0.012609323
0.006890749
0.004539301
0.0032006975
0.0016460812
0.0017836039
0.0014019321
0.0013920371
0.0015812556
0.0013341763
0.0015209786
0.0014187386
0.0013256898
0.0015274166
0.0014634008
0.0013073345
0.0014438361
0.0013965346
0.0015567234
0.0023754728
0.0014370729
0.0014783299
0.0019026331
0.0016989795
0.0026844344
0.004899636
0.00173472
0.0019139554
0.0020970013
0.0022088327
0.0019304414
0.0020600397
0.001987801
0.0021047876
0.001572977
0.0015632347
0.0015824098
0.0017137513
0.0015280179
0.0015099061
0.07845097
0.07642709
0.09033568
0.098614894
0.105639204
0.16665076
0.19188091
0.21881992
0.17608489
0.0836307
0.18017577
0.16923204
0.14094226
0.12798068
0.11918744
0.13048553
0.13273269
0.14898427
0.10852917
0.08350939
0.10233771
0.117675155
0.1282583
0.077010214
0.057355307
0.14519452
0.16483986
0.07883483
0.033339076
0.023916129
0.035068057
0.06906494
0.022338085
0.015320132
0.016071556
0.022686029
0.04131387
0.06109386
0.07422843
0.012285442
0.0036873561
0.047887806
0.0639059
0.011279811
0.012215279
0.0030870726
0.0046980074
0.0050509926
0.004144873
0.0027172905
0.0030350874
0.0025170129
0.0018096821
0.0017803509
0.0013377051
0.0017189301
0.0011713078
0.0015214827
0.0017879511
0.0016189092
0.0017361437
0.0021562364
0.008332465
0.002065337
0.0014125614
0.0017864342
0.0014049053
0.0012250588
0.0015307624
0.001331466
0.001578383
0.0015272967
0.0014311547
0.0012975368
0.0019975016
0.0012625057
0.0013112717
0.0013887929
0.0014563418
0.006311576
0.001894017
0.0030951102
0.0016674302
0.0018726423
0.001434612
0.0016059316
0.001547297
0.0014994922
0.0015448553
0.0014883152
0.0015795222
0.002079102
0.023494374
0.06567971
0.07444303
0.07834366
0.08252108
0.08488766
0.12125237
0.13163678
0.13571668
0.18379083
0.15427025
0.09900645
0.12165423
0.13682732
0.139404
0.12755634
0.10920593
0.109594315
0.10206188
0.09584203
0.1441618
0.15418361
0.07093805
0.09081454
0.08829625
0.08908323
0.0638463
0.07784142
0.11008211
0.08555403
0.045907054
0.044186257
0.06291794
0.072662674
0.06399191
0.04804752
0.15443034
0.17632961
0.12772922
0.02298671
0.008126049
0.002913751
0.01999749
0.024781963
0.018205745
0.010457
0.009238149
0.0071942955
0.006538532
0.0036237603
0.0034042639
0.003025623
0.0019947574
0.0019137412
0.0015951475
0.0015334309
0.0015134778
0.0013048262
0.0013181852
0.0015506698
0.001396928
0.0014569296
0.0013203986
0.0013612267
0.0015994395
0.001318706
0.0014898564
0.0015510267
0.0014030858
0.0014820114
0.0014316587
0.0017488484
0.0016722081
0.0013373507
0.0014164912
0.0015531895
0.0015878008
0.0015788539
0.0024408377
0.00161631
0.0016056439
0.0014661716
0.0014751321
0.0015799418
0.0013856579
0.0016122354
0.001485323
0.0014441233
0.0018457416
0.0016034633
0.0017023768
0.0015439799
0.0015293019
0.0017802889
0.0015902217
0.0013976237
0.0017881239
0.0013894769
0.0014658051
0.0016245653
0.0015555109
0.0016145412
0.0014427875
0.0015182398
0.0016059693
0.0015267801
0.001677203
0.0013691444
0.0014730894
0.001356809
0.0015885751
0.0015961764
0.0012585549
0.001343824
0.0012260127
0.0016379288
0.0014362263
0.0012867408
0.0013800593
0.0011679054
0.0015454442
0.0013953362
0.0013754587
0.0015626345
0.0015614589
0.0015936022
0.0014386651
0.0014679346
0.0014211204
0.0012640781
0.0014175671
0.0015350112
0.0014399237
0.001700732
0.0015689636
0.0015674094
0.0016948973
0.0012042216
0.0017253039
0.0013387561
0.0012627809
0.0031621458
0.0012380881
0.001487013
0.0014536564
0.0011365445
0.0015312383
0.0014672591
0.0015899716
0.0015886808
0.0033373605
0.0014786002
0.025539948
0.04241935
0.07150106
0.07401822
0.08469811
0.07982197
0.046595704
0.03205924
0.08872139
0.15145206
0.11412943
0.04304793
0.0094286585
0.08088224
0.11398046
0.09547157
0.102695614
0.06816815
0.067653485
0.081878714
0.058631774
0.0508869
0.06114973
0.03062832
0.028179679
0.027901556
0.024414826
0.0135159865
0.007401287
0.0132896975
0.0044516115
0.002290585
0.008257555
0.002921525
0.0016373653
0.0015290751
0.0013374216
0.0014866212
0.0012839225
0.0013781455
0.001740482
0.0015273411
0.0013600307
0.0013728798
0.0011886826
0.0014065523
0.0013877228
0.0013240189
0.0014685289
0.0012145522
0.0015910398
0.0014590842
0.0012779206
0.0016264075
0.0013734018
0.001658106
0.0014885765
0.0012702704
0.0013437282
0.0012726606
0.0055975914
0.0015929389
0.0013900327
0.0041448628
0.0034517318
0.0048546703
0.0019076321
0.0014940876
0.0015769162
0.0014508304
0.0015045047
0.0014473486
0.0014411142
0.0015771135
0.0015130024
0.0017816231
0.0017283498
0.0015961152
0.0014326606
0.0013695979
0.0016836483
0.0017317605
0.0016355468
0.0014753845
0.0015534383
0.0015185022
0.0014560543
0.0013928218
0.0014671038
0.00140114
0.0015275921
0.0014947827
0.00146182
0.0014294445
0.0014949257
0.0016997025
0.0011991546
0.001639095
0.0012728526
0.0012046285
0.001317689
0.001518643
0.001700036
0.0014745285
0.0011584274
0.0013317675
0.0013717599
0.0012016811
0.0012650377
0.0012113584
0.0014134909
0.001472111
0.0012681102
0.001637608
0.0016524743
0.0012534868
0.0012456384
0.0012599232
0.10191464
0.12222116
0.11159749
0.10474232
0.09894401
0.10312711
0.15424241
0.14783885
0.14690316
0.190998
0.099704266
0.06572673
0.15918146
0.15420482
0.12044352
0.12043483
0.1098682
0.11539483
0.13195942
0.1251439
0.10818897
0.083147064
0.11489123
0.12233583
0.090871066
0.078584135
0.09409284
0.1752373
0.11961461
0.06707456
0.03741342
0.03406216
0.07624208
0.10741637
0.0721829
0.0194539
0.010682914
0.101912096
0.121412456
0.124138236
0.1322217
0.09665872
0.07812472
0.11848234
0.10689405
0.0680626
0.06632103
0.07381838
0.055177797
0.04388577
0.08377236
0.09235202
0.04824895
0.015693085
0.004317912
0.0054752
0.04033608
0.022667933
0.0027686367
0.0060036513
0.00926093
0.010263754
0.0022564344
0.0021914083
0.0022054953
0.0016841196
0.0013734415
0.0013604073
0.0013038393
0.0015044303
0.0012759389
0.0017383266
0.0065600364
0.0022166353
0.0063096588
0.001546834
0.0016272755
0.0012758143
0.0014645658
0.0012242724
0.0013204513
0.0013473595
0.0025702717
0.0015067223
0.0013571322
0.0014233093
0.0014736954
0.0028598574
0.0017304498
0.0013145527
0.0013844266
0.0017234389
0.003598212
0.0019884012
0.0016582407
0.0013209026
0.0015692823
0.0015231897
0.0014371196
0.0015712866
0.0012961208
0.0014708015
0.001612206
0.0013906502
0.0015008323
0.0012164912
0.0012899623
0.0015442956
0.0013019986
0.0014620686
0.0042124568
0.066292785
0.08531549
0.083720125
0.08839688
0.08607176
0.09114893
0.13131249
0.14991088
0.15613866
0.16654395
0.106429055
0.10815542
0.15065226
0.16772738
0.13426296
0.13780832
0.117402345
0.11931027
0.11549286
0.13416065
0.11834286
0.0989921
0.09435567
0.10242431
0.101126924
0.07228036
0.06971996
0.083339036
0.09486832
0.085467316
0.06705904
0.06826232
0.091501385
0.07778395
0.019393707
0.0067138895
0.103890814
0.11511766
0.10856428
0.10775798
0.08789346
0.08571573
0.069092624
0.08048872
0.035869345
0.037721068
0.041649103
0.01785399
0.025430677
0.07063629
0.052268673
0.020519203
0.0038727815
0.0022889154
0.02258473
0.011670451
0.010959709
0.006495444
0.00246257
0.012678903
0.005319313
0.0015783764
0.001370615
0.0017529543
0.0013314091
0.0014351114
0.0013436072
0.0013277793
0.004727432
0.004138415
0.0029483612
0.0014286925
0.0018928916
0.001464149
0.0014323808
0.0017665925
0.0011322469
0.0013600071
0.0014788916
0.0014138666
0.0015564588
0.0012287571
0.0020784037
0.0014583586
0.0014918644
0.0013525304
0.0013281006
0.0013850258
0.0015833355
0.0015090953
0.001524464
0.001315513
0.0013353562
0.0013057529
0.001293767
0.00133445
0.0014253728
0.0013053786
0.0013788154
0.0014758018
0.0014875339
0.0012830412
0.0016491135
0.0013843919
0.0013642304
0.0012040746
0.001388017
0.0015296157
0.0015845232
0.001626708
0.0017584268
0.0014423772
0.0017372512
0.001488745
0.0014014972
0.0014656308
0.0013191869
0.0012757954
0.0012396014
0.001356936
0.0014256176
0.0010969151
0.0012411479
0.0014560525
0.0033758914
0.0024169765
0.0015284577
0.0012674632
0.0016871009
0.0017853769
0.0014601712
0.0676358
0.08425111
0.085539766
0.08824938
0.08228816
0.08071271
0.13245906
0.15109183
0.207964
0.18606947
0.18927352
0.09704295
0.133144
0.16483186
0.17089069
0.13130109
0.11200439
0.10829467
0.11038566
0.09124962
0.10092692
0.12141138
0.10925102
0.07502828
0.09126569
0.13209182
0.15318531
0.1339413
0.10501894
0.065584645
0.08274059
0.09702581
0.086482316
0.06724262
0.03907468
0.01223315
0.038483262
0.049829725
0.050642148
0.013091689
0.0384066
0.09502965
0.09055046
0.10714932
0.094930835
0.0840517
0.08629888
0.086670384
0.036226388
0.05516871
0.049024735
0.038510446
0.073873445
0.090584226
0.079565525
0.06625568
0.0070415074
0.003120663
0.0344043
0.008759303
0.009804991
0.00514795
0.001607163
0.011065816
0.0025360675
0.0023316832
0.0013291357
0.0012762401
0.0014003969
0.0012718104
0.001337322
0.0013672942
0.0013998911
0.0015076217
0.0048364666
0.0023693102
0.0017324551
0.0013848104
0.0014619406
0.0013385204
0.0013105393
0.0015873986
0.0016120748
0.0015990072
0.0015928752
0.0014248558
0.0017030458
0.0014159252
0.0014373355
0.0013821592
0.0016746898
0.0016238304
0.0016298809
0.0016410924
0.0015168001
0.0013930283
0.0014411107
0.001455455
0.0012102415
0.0015494104
0.0015340691
0.0018724732
0.039936725
0.07996323
0.07444167
0.07426921
0.06994332
0.11288619
0.11663089
0.15005487
0.19898967
0.18207751
0.08604724
0.0996772
0.14177303
0.15423378
0.13459317
0.13409103
0.118737616
0.110991634
0.083730295
0.086505145
0.12772816
0.10698344
0.08278006
0.11614098
0.12596211
0.1031036
0.077518985
0.06507436
0.08883653
0.17255732
0.15178286
0.06586835
0.03048505
0.05765129
0.08064163
0.08083577
0.018088045
0.0078011965
0.041630026
0.11449296
0.112798445
0.11602577
0.0924753
0.09071912
0.08214994
0.084286
0.029548654
0.042859577
0.046501253
0.03366051
0.040184215
0.08073652
0.091457576
0.06995355
0.018607885
0.007751564
0.025379455
0.028625032
0.020557636
0.008662019
0.007832297
0.0021126242
0.010603814
0.0024443679
0.0019783687
0.0015204462
0.0015310636
0.001242579
0.0015652628
0.0014040555
0.00254476
0.007956632
0.005583218
0.0014968103
0.001289651
0.001674193
0.0015017211
0.0015897062
0.0014614372
0.0015339438
0.0013038169
0.0014520894
0.0015695933
0.0014523354
0.0011777318
0.0016340624
0.0013957258
0.0013340176
0.0013340205
0.0015149177
0.0014518072
0.0013731834
0.0014513267
0.0017969109
0.001598444
0.0017381215
0.0019138558
0.0027786077
0.002990466
0.0031994488
0.0037053379
0.0028226725
0.003228046
0.0043458724
0.0015921491
0.0016394813
0.002388871
0.0014297726
0.0019892615
0.0019592002
0.0027203679
0.010561208
0.0021919047
0.0012581595
0.0012297856
0.0015643118
0.0014064898
0.0013887523
0.0018873444
0.0018415949
0.0022700706
0.0025628018
0.0020964881
0.0014499461
0.0015613303
0.0014494222
0.0016342573
0.0017617614
0.0014512329
0.0014586669
0.0014804639
0.0016489151
0.0014004937
0.0016971481
0.0015960422
0.0015707092
0.0017392229
0.0019044856
0.0016645939
0.0015948177
0.0011252571
0.001060598
0.0013501566
0.0014780778
0.0013535565
0.0013534728
0.0012620487
0.001495222
0.0018177773
0.0013706598
0.001457702
0.001268342
0.0015885729
0.0015664351
0.0014735983
0.001418503
0.0013741758
0.0014085672
0.0014288226
0.0012911428
0.0013460758
0.0012389368
0.001321227
0.0015220346
0.0013056967
0.0013757548
0.0012769909
0.0012510536
0.001255042
0.0011651883
0.0012467591
0.0012742549
0.0011432128
0.0013368025
0.0012379951
0.0058379862
0.0014598249
0.0016396664
0.0011888802
0.0014043377
0.00148851
0.0013030389
0.0013323289
0.0011098415
0.0014284155
0.001505133
0.0012282194
0.0014163523
0.0013116976
0.0012668202
0.0012471997
0.001304043
0.0014367735
0.0012764547
0.001659039
0.0018356794
0.10892302
0.10828524
0.118395284
0.16226421
0.1573627
0.098431155
0.093899906
0.0818486
0.13972205
0.12811498
0.15255724
0.16023968
0.12971736
0.1215521
0.13956337
0.093750596
0.016311293
0.02556905
0.018246206
0.067402706
0.15265508
0.15927155
0.1494879
0.113317184
0.09592838
0.06549881
0.01008951
0.017102536
0.01836007
0.09084274
0.12045283
0.061249547
0.04213419
0.020792073
0.022412581
0.05676706
0.07041598
0.06537883
0.030113399
0.0032883242
0.0019246797
0.0014537891
0.0014034422
0.0013117488
0.0015274715
0.001872129
0.0017195516
0.0016436684
0.002008
0.0016241121
0.0013332928
0.0013035195
0.0013784356
0.0013515868
0.0013402945
0.0011816303
0.0014363792
0.019695876
0.07979416
0.08622474
0.08969489
0.11778204
0.16931364
0.18120909
0.1470102
0.1419736
0.023015127
0.009169532
0.29156107
0.28364643
0.27838805
0.25415096
0.18428598
0.046613343
0.08141607
0.11396128
0.119284905
0.0906604
0.03831622
0.029014135
0.011276252
0.017062081
0.06443732
0.019106533
0.016176566
0.05593141
0.016397944
0.014382164
0.021860784
0.01074234
0.039606616
0.04411598
0.03549759
0.029395381
0.02261621
0.013009427
0.010407303
0.0075731887
0.0031930357
0.001354686
0.0014147136
0.0011786019
0.0014447016
0.0013315753
0.0012323419
0.0012864058
0.0014692086
0.001514173
0.0010843066
0.001509866
0.003889161
0.0014554121
0.001442175
0.0013207649
0.0013346793
0.0014785798
0.0011764363
0.0013777039
0.0013413284
0.0013638696
0.0015195217
0.0013512893
0.0023308713
0.0017124065
0.0016178186
0.001278663
0.0013804289
0.0013548099
0.0012609789
0.0012992551
0.0014334387
0.0014399395
0.0018287196
0.0016427336
0.0014194112
0.0012423866
0.0015560992
0.0014856409
0.0015370717
0.0013040105
0.0015046322
0.0015622026
0.0013979446
0.001342928
0.0014623775
0.0015554938
0.0013542867
0.0014384537
0.001399556
0.0013335804
0.0016926503
0.0014508021
0.0013876121
0.0014461152
0.0012988581
0.0014759788
0.0016030944
0.0014872879
0.0015379408
0.001707839
0.0013166138
0.0015188378
0.0015494539
0.0011481289
0.0013927429
0.0017760538
0.0015774736
0.0017405543
0.0013517806
0.0014273269
0.0012429457
0.0013940277
0.0013346731
0.0011936238
0.0018140051
0.001761602
0.0012934065
0.0014065427
0.0014905323
0.0015746272
0.0014453824
0.0014641772
0.0013543861
0.0015825625
0.0012504534
0.0013780898
0.0014643775
0.001384964
0.0011386878
0.0012856197
0.0014284943
0.0014111908
0.0012751074
0.0010807585
0.0012545037
0.0016402542
0.0012430063
0.0015138958
0.0013708163
0.0012319341
0.0013540563
0.0012271594
0.0013820186
0.0012931023
0.0013972094
0.0013889414
0.0012420937
0.0013639393
0.0012153918
0.0015139871
0.0012339891
0.0013263893
0.001325826
0.0011840153
0.0011406642
0.0012194788
0.0011954769
0.001288324
0.0012283386
0.0013711437
0.0012393537
0.0012297948
0.005910823
0.0071696504
0.0013491699
0.0067256535
0.001905991
0.0026610051
0.001449396
0.0012319033
0.0013999448
0.0014976084
0.0016662264
0.0016181014
0.0015536482
0.0016260466
0.0021548094
0.0014742905
0.0015485055
0.09341964
0.08024593
0.04678817
0.0049481955
0.0102307685
0.031409137
0.09604214
0.2666022
0.47960618
0.4561349
0.28085065
0.12626599
0.1535234
0.12579024
0.13320729
0.12267024
0.09351339
0.06470366
0.0437778
0.09911643
0.17122628
0.19818051
0.13770807
0.059113424
0.12731922
0.11022459
0.074308805
0.0065429644
0.013075765
0.048105903
0.068426676
0.06307976
0.15833025
0.15576263
0.1456332
0.17099635
0.17008553
0.16064702
0.14990728
0.04710343
0.07666215
0.106473766
0.084434316
0.05308113
0.017260887
0.020188734
0.08743672
0.10435512
0.09693478
0.086618334
0.06724038
0.017192474
0.0054516466
0.00565089
0.011158794
0.008538545
0.005806431
0.0025122308
0.0013397017
0.0019835464
0.0016292922
0.0018536221
0.0018509777
0.0018484293
0.0017800439
0.0016961213
0.0017616658
0.0017382526
0.0014404214
0.0035604488
0.001904787
0.0015243134
0.0013426571
0.0029319264
0.0015647883
0.16013406
0.15314505
0.10178453
0.14699039
0.14965916
0.08061592
0.054971807
0.00825702
0.012307131
0.16697419
0.15419671
0.1695435
0.11409058
0.12980758
0.13988149
0.11214681
0.026434513
0.13202593
0.13995358
0.124670856
0.10795278
0.06409804
0.109758794
0.10685096
0.012526096
0.024191692
0.030810323
0.017418824
0.06486333
0.0874204
0.08363902
0.08062503
0.06260064
0.04605586
0.03300682
0.049527038
0.031317644
0.0059924684
0.0027492046
0.0036384952
0.0036898619
0.003961005
0.0037553974
0.0033382212
0.002945371
0.0012912803
0.00156756
0.0013286493
0.0013103668
0.0014415901
0.0011970407
0.0012291808
0.0014062879
0.001227338
0.0013604853
0.0014943759
0.0016291074
0.002985019
0.0026834246
0.0014770457
0.0014759552
0.0012339639
0.0013199322
0.0011668712
0.001413086
0.0015284418
0.0015304814
0.001274626
0.0013344451
0.0014783376
0.0013125422
0.001308483
0.0013443612
0.0013455531
0.0014451932
0.0013279575
0.0013185228
0.001440701
0.0013259513
0.0014423075
0.0013441866
0.0014058339
0.0016516852
0.0012968546
0.0015580214
0.0014383612
0.001425555
0.0014646521
0.0014875536
0.00142064
0.0013103588
0.0018313066
0.0013992869
0.0017546201
0.0012532431
0.0014074817
0.0015991919
0.0015400291
0.0014342293
0.0014266758
0.0015108099
0.0014927709
0.0015466983
0.0015176515
0.0012475391
0.0015978464
0.0013459532
0.0014635369
0.0014657298
0.0013941949
0.0011864334
0.0016660873
0.001782461
0.0013912425
0.0012632537
0.0013171722
0.0012900825
0.0012412086
0.001315439
0.001272412
0.0012252722
0.0015593222
0.0013819837
0.0013340627
0.0014364274
0.0012331546
0.0013237962
0.0013708618
0.0014024368
0.0011324801
0.0012307267
0.0013591393
0.0012569256
0.00113918
0.0011748158
0.0013409333
0.0011681902
0.0014483286
0.0013523753
0.0013275499
0.0011229753
0.0013840828
0.0013216903
0.0013292695
0.0014016257
0.0014038341
0.0013510267
0.0015445099
0.008413703
0.0012647866
0.0013237353
0.0013726682
0.0013043557
0.0016713655
0.001468816
0.0013264192
0.0015273097
0.0014857076
0.0015554217
0.0015082341
0.0027125333
0.0016372786
0.0016771663
0.0016927258
0.11339499
0.1806358
0.083200455
0.048788656
0.19244836
0.20566373
0.095822506
0.06287408
0.17345193
0.16516219
0.028527128
0.01043074
0.0135344975
0.1261524
0.16093339
0.16032565
0.05774039
0.04121308
0.02931385
0.15940031
0.1620367
0.16733566
0.124405
0.08764922
0.06959855
0.12703538
0.13595685
0.076035894
0.070829205
0.079338044
0.11772556
0.10195492
0.08272289
0.06603425
0.120281324
0.17613497
0.14972079
0.06451125
0.16329871
0.12930566
0.13701466
0.15737726
0.10867687
0.06957925
0.12963654
0.11839275
0.1430159
0.09095893
0.0728692
0.069953606
0.054990422
0.047953922
0.092362575
0.12457367
0.09783397
0.07865587
0.06745385
0.057215717
0.010156951
0.028857455
0.02321268
0.010726303
0.09300056
0.081636645
0.058738746
0.03843651
0.030988105
0.022006236
0.004140261
0.0021899396
0.0013295646
0.0015714952
0.0012342503
0.0012585549
0.0016307571
0.0018784027
0.002880108
0.00276086
0.0033687267
0.0016510895
0.0013857652
0.0013828874
0.0015599557
0.0013322753
0.0014590367
0.0012297913
0.0017266623
0.001421852
0.00120392
0.0013028277
0.001468527
0.0014812121
0.0015873698
0.0015492525
0.0015209444
0.0012991262
0.0014712636
0.0011544977
0.0014807711
0.0012918884
0.001521152
0.0014029448
0.0013596857
0.00140232
0.0014670433
0.0033172793
0.14556342
0.16029386
0.062055975
0.058015678
0.18901046
0.17136528
0.12744477
0.05987306
0.10353765
0.17078696
0.07487072
0.009580444
0.0071233315
0.011186237
0.119303994
0.15832172
0.15914221
0.07180076
0.032315042
0.040051438
0.1163332
0.124682285
0.117301345
0.11088009
0.10548054
0.08295007
0.063422635
0.08363615
0.13217275
0.106569715
0.064835966
0.07404958
0.0966726
0.15996918
0.13855396
0.1277837
0.059404477
0.13277213
0.14960217
0.085066475
0.061141003
0.13100767
0.0898826
0.13893884
0.13123102
0.030029478
0.0900384
0.09707887
0.0897959
0.06267507
0.041043296
0.026917865
0.058936827
0.0789325
0.09193533
0.06001335
0.05344087
0.03892045
0.027293518
0.003781947
0.031414226
0.011259263
0.081034146
0.079579644
0.0547698
0.06120013
0.03492223
0.024640778
0.00858255
0.0026151503
0.0016743529
0.0012800269
0.0014961872
0.0014980665
0.0013410674
0.001616014
0.0013211201
0.0013753274
0.0016983146
0.0014616627
0.0014236054
0.0015897867
0.001478665
0.0015765097
0.0013396472
0.0013209677
0.0015524674
0.0016110013
0.0022755861
0.0014289367
0.0014081248
0.001335239
0.0015457555
0.0013238745
0.0012747545
0.0013821042
0.0014605811
0.0015530805
0.001557302
0.001559393
0.001403304
0.0014674915
0.0012588324
0.0013757173
0.0013293161
0.0014653208
0.0014146003
0.001120466
0.0014923598
0.0013918404
0.0014405062
0.0014750373
0.0012883323
0.0015789891
0.0012657755
0.0012674022
0.0010636863
0.001230505
0.0012659711
0.0013912102
0.001289808
0.0014948964
0.001203169
0.00132013
0.0013977072
0.0011622963
0.0012445872
0.001264641
0.001412841
0.0012998091
0.0014262196
0.001370382
0.001329529
0.0013879966
0.0011623794
0.0012564601
0.0012486438
0.0011828244
0.0014185461
0.0014253312
0.001397788
0.0011750797
0.0011744944
0.0013805195
0.001157835
0.0013205317
0.0012774492
0.0013323985
0.0013665289
0.0014116953
0.0014962781
0.0015992649
0.0011379725
0.0012891666
0.001276472
0.0013672883
0.0011218834
0.0012337604
0.0013542526
0.0011761837
0.0013573723
0.0015139749
0.0014177004
0.0013394348
0.0014576121
0.0016774196
0.0011708791
0.001105381
0.0012544874
0.0011846261
0.0011073267
0.0012723657
0.0012935685
0.0011569847
0.0012428851
0.0011886624
0.0012825484
0.0014114463
0.0014447435
0.0012783702
0.0013408355
0.0013679444
0.0013974685
0.0014026031
0.00529572
0.0015194225
0.001405987
0.0015801352
0.08010648
0.14905979
0.09481799
0.14204416
0.1437982
0.06803963
0.0383126
0.015605118
0.021415243
0.1732163
0.16389324
0.17797278
0.19480321
0.17106622
0.15324931
0.14518903
0.16201003
0.12691306
0.119991526
0.08994349
0.049953368
0.008097192
0.054039095
0.11738055
0.12639692
0.12853418
0.09421791
0.014637934
0.027982112
0.028335832
0.07894093
0.08240516
0.0548188
0.03147951
0.0074916333
0.008035
0.0093669435
0.07221033
0.108930565
0.11165323
0.096221186
0.117756546
0.12742803
0.099735945
0.07926653
0.057032883
0.024650725
0.020674735
0.01627096
0.01086299
0.02012897
0.004524815
0.0041665747
0.0020981494
0.0033518956
0.0019314967
0.001588013
0.12244822
0.13296123
0.14043334
0.13117415
0.044000942
0.08061048
0.09772553
0.09064697
0.070970684
0.032825496
0.017083911
0.020946661
0.018287607
0.0118819075
0.0025229775
0.00177439
0.0015173671
0.0013486135
0.05891955
0.06977632
0.06359452
0.056802098
0.056841273
0.062247846
0.17032912
0.18648204
0.123310305
0.08770205
0.110321015
0.06918236
0.07058708
0.07362714
0.058506336
0.042278267
0.013131027
0.0047587347
0.0047764466
0.0035622015
0.0018905625
0.011407805
0.011146806
0.0046839234
0.0020144752
0.053617295
0.095019706
0.10284927
0.08736549
0.018328356
0.03362729
0.075892724
0.09353847
0.068729796
0.013464842
0.019352982
0.08172604
0.08477921
0.09286332
0.120952904
0.09186241
0.067897536
0.03643139
0.036719166
0.006860536
0.017356053
0.0031670022
0.002424013
0.0021060535
0.0015144233
0.0014063263
0.0014450083
0.0013848722
0.0017543363
0.0018578651
0.0014620716
0.0012711211
0.001257675
0.0014239872
0.0016698278
0.0015192546
0.00151749
0.0014338352
0.0018152026
0.0019575807
0.0021355764
0.0022068324
0.0020732763
0.0023053077
0.0023345232
0.001837326
0.0019897686
0.0018442313
0.0018353596
0.0014507056
0.0015121765
0.0016141708
0.0014736039
0.0014963967
0.00172244
0.0013858302
0.0013845701
0.0016297314
0.0014251876
0.0014577878
0.0012145931
0.001157367
0.0012368627
0.0013985485
0.0012476203
0.0015246165
0.001343302
0.0011863397
0.0012908883
0.0014382675
0.0012472568
0.0011880192
0.0012959763
0.0013983863
0.0014015546
0.0012158827
0.0012367282
0.001376591
0.0015819115
0.0014774189
0.0012866223
0.0016874691
0.00141233
0.0013528189
0.0013360514
0.0013667257
0.0013601657
0.00130171
0.0012217035
0.0015016026
0.001618176
0.0016554897
0.0027940222
0.0012391843
0.001332957
0.0015900914
0.0014396579
0.0015232015
0.0014788796
0.002991233
0.0012085476
0.0014005481
0.001332437
0.0011920977
0.001325998
0.0012137836
0.0014755249
0.0013090335
0.0014917456
0.0056757936
0.004748027
0.0016584538
0.0013845206
0.0014552473
0.001231214
0.0012848937
0.0013826817
0.0012780584
0.0015870285
0.0012129436
0.0013982854
0.0013441643
0.0011849932
0.0016918118
0.0022076312
0.00124516
0.0013453314
0.0018008793
0.0012434109
0.0015374825
0.004941898
0.006084927
0.019579934
0.14448795
0.15314828
0.14702132
0.10575596
0.14930178
0.1664054
0.13449928
0.074634835
0.051805407
0.17776063
0.21182166
0.20879771
0.12058135
0.026563786
0.0147266025
0.049690515
0.049718108
0.0389586
0.061614834
0.09781005
0.13670437
0.119833276
0.023666507
0.025181636
0.01868957
0.03894683
0.03331518
0.0270729
0.00422784
0.0018099013
0.019437838
0.012905125
0.022581661
0.017241437
0.01183118
0.005954119
0.0021549982
0.0016645044
0.0015006149
0.0013313798
0.0012287251
0.0012302857
0.0013129364
0.0013467141
0.0013656038
0.0012125669
0.0015864123
0.0013306178
0.0014243851
0.0014601649
0.0014596944
0.0013992598
0.0015109155
0.0013802139
0.0011671213
0.0011479566
0.0014383917
0.0015121121
0.0012429554
0.001420377
0.0012425418
0.0013458306
0.001335373
0.0013693435
0.0015896951
0.0013002113
0.0013120068
0.0013392337
0.0011652845
0.0013406486
0.0017705931
0.0016292997
0.0012827159
0.0011540317
0.0013095805
0.0012691166
0.0012528824
0.0013238725
0.0012826335
0.0012325159
0.0012261625
0.0010479052
0.0014134409
0.0012009263
0.0014805276
0.0011692222
0.0018274635
0.0012282198
0.0012816315
0.0016937574
0.008968354
0.022412507
0.036639865
0.10680837
0.16107596
0.12991348
0.067128785
0.1148833
0.16920112
0.15611312
0.14296475
0.095890366
0.04455294
0.14462936
0.185693
0.19493537
0.16827598
0.13785659
0.04017593
0.012449318
0.03799315
0.041848723
0.03430151
0.032073576
0.03792465
0.05038986
0.07255972
0.106049046
0.10982524
0.103467986
0.0090715885
0.02224346
0.01619737
0.048166193
0.044830766
0.016842356
0.0058586993
0.0074984734
0.0065315054
0.0034814717
0.0054078377
0.05087813
0.049810313
0.036125224
0.13857941
0.18935677
0.18064186
0.14503835
0.12356689
0.11934556
0.039585967
0.018156912
0.038117327
0.08007492
0.122226365
0.099020295
0.046752393
0.008995525
0.0048159966
0.0027817264
0.015110708
0.02567661
0.055223726
0.052716058
0.007201778
0.004027696
0.009153445
0.010311115
0.0035376567
0.009187141
0.009288727
0.0065488103
0.004257931
0.0031829926
0.001505497
0.0013655201
0.0015585338
0.001403573
0.0018175915
0.00146665
0.0015980414
0.0015358442
0.001551898
0.0014661792
0.0014007101
0.001555511
0.0014884586
0.0013433524
0.0015264546
0.0013295348
0.0013010281
0.0013223578
0.001668753
0.0012800379
0.0013876902
0.0012797879
0.0015497615
0.0012567545
0.0013233813
0.0015101043
0.0014062977
0.0016721266
0.0013726536
0.0013327027
0.0013874238
0.0012599392
0.0012840426
0.0012318159
0.001516484
0.0014078519
0.0017635791
0.0013510622
0.0012767531
0.0012818475
0.0015117248
0.0012922621
0.0014813036
0.0013745171
0.0012225652
0.0014292743
0.0012784416
0.001356398
0.0013038901
0.0031282236
0.0019154727
0.00504013
0.017428681
0.10609539
0.16494928
0.09802583
0.06484464
0.08153361
0.15908395
0.16447036
0.118894875
0.0584275
0.033596817
0.08836556
0.1653217
0.15061292
0.13869101
0.050701927
0.0064881444
0.011208659
0.026190493
0.029167999
0.030577973
0.033188466
0.065422915
0.10171526
0.107668556
0.10095801
0.013146196
0.02262509
0.024510164
0.025444984
0.028689995
0.014802162
0.008025918
0.0019604003
0.00794753
0.0066892793
0.009842802
0.008712129
0.006124504
0.0036304276
0.0026554135
0.0016983317
0.0015335461
0.0016152506
0.0014146768
0.0012055428
0.0013329013
0.0010363307
0.0013448491
0.0011182687
0.0013245431
0.0017190345
0.0012882864
0.0014814986
0.0014580085
0.0014917306
0.0014179702
0.0013595036
0.0016615831
0.0018297171
0.0014319578
0.0017039829
0.0015561627
0.0014072802
0.001324008
0.0014115222
0.0014558701
0.0014909338
0.001602032
0.0016190363
0.0013610371
0.001484602
0.0016522665
0.0014904978
0.0014227174
0.0015250549
0.0016686321
0.0017179728
0.0017485621
0.0016274463
0.0028201258
0.0026048517
0.0022659344
0.0012016173
0.0014567636
0.0018202284
0.0023315707
0.0019646161
0.0023315726
0.0033846435
0.0024680563
0.0016692495
0.0015556333
0.001473419
0.0022849548
0.0030261925
0.0015994771
0.002866535
0.003227688
0.008519786
0.0036080985
0.0029299532
0.0032864837
0.0026848153
0.0026682315
0.0023285684
0.008914881
0.008851079
0.0042673545
0.004443978
0.0016238217
0.005048956
0.0027070036
0.0041494356
0.0049687303
0.0031584706
0.0027139673
0.0031416072
0.002969285
0.0074823163
0.006835365
0.005012242
0.0077944524
0.00921887
0.011013875
0.009383018
0.010853894
0.0063124034
0.002503528
0.0018034694
0.0014245844
0.0018232852
0.0013977465
0.001501917
0.001433154
0.001838867
0.0052678883
0.0013960142
0.0012572771
0.001122164
0.0011674574
0.0013368358
0.0014550696
0.0076166955
0.001364067
0.001568113
0.0016757236
0.0016737907
0.0018375564
0.0016786581
0.0012410356
0.0016565486
0.0011296374
0.0014847525
0.0012556585
0.0012438903
0.0012619637
0.0011851484
0.0036721753
0.006348224
0.016469365
0.11217358
0.19754212
0.14845856
0.0774212
0.07954775
0.13962175
0.14331673
0.14862639
0.10281544
0.037479393
0.017785225
0.013250815
0.19209328
0.13454345
0.116688915
0.10883333
0.062141415
0.025814313
0.0039915824
0.031592414
0.03456712
0.032865405
0.0320829
0.035861675
0.07583632
0.10736888
0.107648306
0.09205556
0.010571484
0.017295726
0.01659478
0.034311675
0.029086128
0.0051611015
0.002252286
0.0067654215
0.0049393848
0.0076329224
0.011076108
0.010428472
0.0058573517
0.0026234214
0.0018147237
0.0013796802
0.0012143898
0.0011846966
0.0013822144
0.0015223676
0.0013294981
0.0019319699
0.0021682754
0.001884274
0.0016389309
0.0014741202
0.0012209693
0.0012868341
0.0016597031
0.0012145601
0.0012283468
0.0015281548
0.0014179975
0.0013778191
0.0012204697
0.0013575486
0.0012972597
0.0016031561
0.0011706502
0.0016052499
0.0013512253
0.0012468174
0.0011104017
0.0013341664
0.0013978502
0.001468352
0.001321117
0.0013544554
0.0015512923
0.0012659535
0.0011543763
0.001436461
0.0012845194
0.0013201134
0.0015766354
0.0014592321
0.0014107629
0.0012636493
0.0012160458
0.0014445814
0.0015697016
0.0012693728
0.0013627047
0.0010807527
0.0013219785
0.0014286933
0.00492141
0.0031256995
0.004474674
0.011645154
0.024007024
0.03022249
0.08408295
0.17024787
0.14331721
0.06516292
0.04974486
0.10601943
0.12277005
0.11616222
0.110965006
0.057525337
0.028468724
0.013605245
0.015027418
0.11526391
0.11052886
0.11305405
0.09105384
0.05540784
0.014675715
0.0037371372
0.0032481435
0.0020439469
0.018927235
0.02168823
0.022998672
0.026244199
0.03235714
0.04561327
0.06737418
0.07486816
0.028312698
0.011757511
0.020760294
0.013144841
0.0272887
0.024844952
0.0142081
0.0024742265
0.0015496367
0.0017162868
0.004673784
0.009546745
0.010813836
0.0058952575
0.0037329774
0.0025577552
0.0017804004
0.0016598732
0.0013506272
0.0011290628
0.0012820072
0.0011981687
0.0012189136
0.0013840421
0.0011333036
0.0011056171
0.0012243213
0.0028610816
0.0013402959
0.0013582518
0.0015936891
0.0013777333
0.0012719885
0.0012713722
0.001130977
0.0012754806
0.0012876596
0.0028325524
0.0011798358
0.0011590186
0.0013337566
0.0012680381
0.0014460305
0.0012658659
0.0012101928
0.001282883
0.0011831251
0.0014637221
0.001222319
0.0014367121
0.001426552
0.0014367338
0.0013737179
0.0013957619
0.0012317919
0.0015211462
0.001370666
0.0013891705
0.0011527465
0.0012190249
0.0014144446
0.0014134508
0.0012834973
0.0012128002
0.0015679549
0.0012972131
0.0011601124
0.0012950716
0.0012772403
0.0013124495
0.0011750439
0.0015951692
0.0017141799
0.0013218507
0.0011137204
0.0012693014
0.0011391509
0.001164682
0.001408535
0.0011543841
0.0012228639
0.0014211677
0.0011695487
0.0014102779
0.0013691705
0.0013182033
0.0013522594
0.0013100677
0.0010997389
0.0011979401
0.0011325751
0.0012625619
0.0012915129
0.0012704853
0.0012202847
0.0013034074
0.0013693506
0.0011114256
0.0011366968
0.0014275521
0.0012214177
0.0013282507
0.0012223843
0.001057739
0.0012031385
0.0013323289
0.0013133737
0.0012149874
0.0012437308
0.001388484
0.0015431861
0.0014068504
0.0013047714
0.0013502343
0.001542609
0.0014097552
0.0013870181
0.0011859427
0.0013697087
0.0012668791
0.0011923945
0.0014384743
0.0012336442
0.0014368972
0.0012815709
0.0012720709
0.0013525643
0.0014349788
0.0013605261
0.0011750964
0.0013757529
0.0013039336
0.0015756823
0.0014047562
0.0016740382
0.0012429523
0.0014565184
0.0016038059
0.0012486733
0.001394673
0.0015588299
0.0013644058
0.0011886724
0.0012242242
0.004957705
0.0014847305
0.0014176946
0.0015669892
0.0012523027
0.001185751
0.0014582794
0.0015777859
0.0013116584
0.0014553712
0.0012194199
0.0012078168
0.0015614132
0.00603621
0.027208135
0.037806075
0.045931906
0.14994246
0.2755844
0.2665136
0.27941385
0.16200215
0.06854864
0.027677104
0.13442189
0.15718657
0.09348807
0.03969308
0.015654625
0.03252507
0.0714987
0.087313525
0.11039455
0.13254127
0.11194415
0.09833967
0.026053991
0.024732923
0.0026656
0.003157137
0.106751695
0.071408845
0.07187375
0.09432856
0.13210101
0.19716129
0.15247919
0.108522706
0.05266613
0.007317586
0.03348699
0.015884781
0.045671936
0.06427667
0.069327444
0.033536725
0.03742981
0.048569538
0.042182
0.030898744
0.017523522
0.04020017
0.039174575
0.07380815
0.11114855
0.12188792
0.10040563
0.08104235
0.037709486
0.04350271
0.058251355
0.04051089
0.017561106
0.009967169
0.005685267
0.0022106858
0.0013653286
0.0013102782
0.001430824
0.0016775879
0.0013336733
0.0014998689
0.0012523147
0.001232969
0.0014377874
0.0014782505
0.001341627
0.0012290614
0.002755873
0.0025117695
0.0013188823
0.0012750127
0.0014954256
0.0012748342
0.001212807
0.0012323884
0.001265796
0.001674394
0.0014009742
0.0013164042
0.043404996
0.0020824869
0.0016445766
0.0012759721
0.0011792169
0.0013280584
0.0015869215
0.0014056405
0.0012272325
0.001104879
0.0013372352
0.001277365
0.0012066177
0.0013152506
0.0013528587
0.0013626596
0.0026670794
0.001408621
0.0017082585
0.030186923
0.044174828
0.042590003
0.048923016
0.04838295
0.05117254
0.08377346
0.20391762
0.19560406
0.1629703
0.10040709
0.034167033
0.011506043
0.0024578623
0.012735056
0.08813225
0.08692233
0.034334723
0.029806074
0.014313581
0.022591405
0.06977973
0.080554314
0.07640709
0.117943764
0.11998995
0.075901225
0.011724167
0.01879543
0.013694562
0.0018923698
0.038950793
0.0852747
0.0988829
0.0970365
0.1428164
0.1317473
0.1607512
0.15040208
0.121350914
0.07709333
0.009148106
0.018107813
0.019707127
0.06129845
0.072573364
0.07670266
0.058079354
0.024614833
0.02191715
0.016423933
0.016065927
0.012418078
0.011557717
0.00879885
0.004191413
0.036978357
0.07946094
0.09870071
0.11997897
0.11807162
0.09064813
0.035941478
0.05181583
0.05503295
0.036262434
0.023239233
0.012878401
0.010324293
0.0045844433
0.0031124386
0.0016392426
0.0016945915
0.0014224683
0.001242154
0.0011133916
0.0013412121
0.0012627945
0.0014444381
0.0020044926
0.0022455337
0.0016987158
0.0013099401
0.0012013101
0.0012994875
0.0013557503
0.0011717265
0.0013440305
0.0013324153
0.0015681545
0.0012233211
0.0014836929
0.0014816456
0.0013470438
0.0012733181
0.0012373067
0.0013095329
0.0012294411
0.0014204935
0.001290115
0.0012081402
0.0013207047
0.0012146673
0.0012137813
0.0014191121
0.001517747
0.0063355174
0.03208226
0.038434252
0.11444755
0.21825548
0.22613725
0.13073976
0.11436272
0.041375402
0.007538297
0.00805599
0.09969314
0.113316104
0.08760172
0.035438973
0.032848086
0.01363239
0.0178895
0.08057428
0.06848673
0.10249307
0.123477265
0.11607304
0.04660761
0.0072246976
0.011644823
0.002077855
0.0014774184
0.0015234401
0.08231273
0.08074291
0.094630055
0.09965319
0.105808444
0.10742714
0.11844254
0.11907042
0.122072
0.1199108
0.034356505
0.014840675
0.015358514
0.06457018
0.074777246
0.07457466
0.08217858
0.07129283
0.025518239
0.02030446
0.02260644
0.020949168
0.0104264645
0.013733514
0.016100878
0.0052118343
0.041470226
0.09330726
0.120103545
0.13736357
0.11837907
0.08687415
0.030226672
0.05538409
0.05429009
0.03080384
0.015127595
0.007832362
0.0026674261
0.0025162832
0.003378913
0.001955554
0.0015051668
0.005372481
0.0036194061
0.007892652
0.0024290713
0.0042040297
0.09253341
0.115825646
0.023922103
0.0071278014
0.0049767774
0.013156659
0.031511802
0.036138967
0.042368416
0.028247394
0.018759001
0.0065904525
0.001982897
0.0014047809
0.0014034171
0.0015570922
0.0015502966
0.0021344568
0.0020417103
0.0019557606
0.0019761485
0.00214623
0.0020696009
0.0022009006
0.0020335242
0.00201623
0.0015523133
0.001401033
0.0013634909
0.0015958664
0.0012375576
0.0013145942
0.0012626665
0.0012911482
0.0014046557
0.0015185309
0.0014175166
0.0014169696
0.0014679186
0.0016770482
0.0015185578
0.0015073968
0.001443429
0.0012368222
0.0013444078
0.001486148
0.0013758511
0.001166877
0.0012960125
0.0013097432
0.001184701
0.0015607992
0.0016066452
0.0014174618
0.0013671123
0.0010770273
0.0016318151
0.0013732134
0.0014166923
0.0012309978
0.0013234523
0.0013623381
0.0013572625
0.0018008697
0.0013769609
0.0014445044
0.003773687
0.0015107805
0.0016486289
0.0012707014
0.0014736895
0.0014154029
0.0017965081
0.0017082059
0.0014345169
0.0016367598
0.009345984
0.022700092
0.034616802
0.051561374
0.15135093
0.12186054
0.15761426
0.12127331
0.038460683
0.008878076
0.012003985
0.14479801
0.15298118
0.11417054
0.029895911
0.031373993
0.022472119
0.02757188
0.09107135
0.06837345
0.10887776
0.11855554
0.14226463
0.13332754
0.033238247
0.012096838
0.0022578335
0.009915521
0.069327444
0.07531453
0.08153054
0.10772752
0.15721558
0.16621873
0.13484997
0.10779635
0.07331556
0.010748339
0.014423014
0.01380175
0.06362806
0.07527756
0.052230157
0.050829273
0.022719882
0.016851416
0.011451361
0.008041287
0.005528622
0.039473668
0.07003734
0.11353
0.11854812
0.11527412
0.09917088
0.034419928
0.044021953
0.059972644
0.038716048
0.023375997
0.011210867
0.0072926264
0.0028261244
0.0024478438
0.0013560866
0.0012524695
0.0013447825
0.0011408302
0.0013576524
0.0014840462
0.0013028682
0.0023554147
0.004997272
0.002183365
0.0015191447
0.0013680494
0.0013057472
0.0012523469
0.001083133
0.0013048841
0.0014789746
0.0012917772
0.0013133422
0.0013869226
0.0015860886
0.0014398703
0.0014426007
0.0012535757
0.0012286422
0.0014359104
0.0012121818
0.0013745183
0.0014359769
0.001130643
0.0012130266
0.0012139357
0.0011837636
0.0012739467
0.0011638935
0.0011361594
0.0015904953
0.0013265688
0.0013823806
0.0013451425
0.0015661226
0.0014359427
0.0011243707
0.0013033621
0.0011564882
0.0013338082
0.0015307324
0.0014591996
0.0012685317
0.0012977629
0.0013924125
0.0015341764
0.0014962639
0.0011681848
0.0011601768
0.0011154593
0.0012906876
0.0011817111
0.0013474944
0.0013407522
0.0013373608
0.0015944806
0.0015688112
0.0012423781
0.0013837958
0.0012538765
0.001079038
0.0012741066
0.0012105914
0.0011183723
0.0013888862
0.0011059684
0.0010604924
0.0010347347
0.0015322407
0.0012505318
0.001314478
0.0012539672
0.0011885485
0.0012072485
0.0011082733
0.0012064051
0.0011336419
0.0014413719
0.0012356078
0.0012407321
0.0014680782
0.0014260572
0.0015724049
0.0014272786
0.00110926
0.001198922
0.0014747328
0.0012484224
0.0013867506
0.0013396146
0.001498475
0.0014804625
0.0014151374
0.0013292427
0.0013577834
0.0013266111
0.0012435123
0.0013231253
0.0013967947
0.0013690551
0.001178909
0.0011765294
0.0012193995
0.0012657605
0.0014136079
0.0036667665
0.0017069473
0.0014271068
0.0012818709
0.0013047187
0.0012959983
0.0012883885
0.0012727935
0.0012935613
0.0013286221
0.0011634266
0.0013214264
0.0012694509
0.0013170004
0.0014438475
0.0020149918
0.0049086106
0.0016406073
0.001421264
0.0013184625
0.0013993917
0.0022886018
0.0051199635
0.0013499942
0.0015410917
0.0016560607
0.0014890919
0.0013091437
0.0012763953
0.0016013318
0.001556184
0.0012643682
0.0014478185
0.03014595
0.09338582
0.04594295
0.009822098
0.10542884
0.09507169
0.022331398
0.0029609224
0.026347117
0.03101364
0.03322438
0.015164343
0.062400363
0.07150293
0.078096546
0.0835003
0.09449467
0.090652786
0.09839455
0.08953996
0.06291281
0.058420405
0.017680041
0.004890832
0.001807312
0.0026814612
0.0018243721
0.0015085866
0.001561456
0.0016822302
0.0014231281
0.001285413
0.0013453015
0.0017196968
0.0015657091
0.0013900896
0.0014187946
0.001391506
0.0013751981
0.00135408
0.0013721313
0.0012906025
0.0011516471
0.0015373925
0.0011275616
0.0012703524
0.002395595
0.002172514
0.0013394915
0.0013947553
0.001633144
0.001297551
0.0014270006
0.0025696477
0.0018369941
0.0013411383
0.0014440083
0.0019580922
0.001494599
0.0016938898
0.0015388589
0.0012697466
0.0012052155
0.0016343972
0.0020957082
0.0012097615
0.0012271282
0.0014123135
0.0014426524
0.07703143
0.11257329
0.045933828
0.007588051
0.10128045
0.11520365
0.017280111
0.019932175
0.019639181
0.03050288
0.09873075
0.1376166
0.14148295
0.15850186
0.09863658
0.11967347
0.10523719
0.02481668
0.03663767
0.03266712
0.033078447
0.042119075
0.09659204
0.113409184
0.13450767
0.20689076
0.20570703
0.17427574
0.07746216
0.0743884
0.065451615
0.06454251
0.08963973
0.1429094
0.14320986
0.10152295
0.09352786
0.081814244
0.05832134
0.02680098
0.010691186
0.008006592
0.0019323861
0.0016399646
0.0016835086
0.0016509659
0.0015346245
0.0020493804
0.032925583
0.052748486
0.105774745
0.121155515
0.14184645
0.023261331
0.008459588
0.0028307834
0.09338674
0.14151733
0.1236092
0.10385215
0.055597723
0.029383402
0.091938466
0.10510399
0.08933631
0.06232005
0.024837151
0.027641345
0.01898506
0.008369336
0.0042587267
0.0019151244
0.0016244819
0.0013656329
0.00128342
0.0014119945
0.015654003
0.018178154
0.012465375
0.09159204
0.08332888
0.08587694
0.07462656
0.091664866
0.08751959
0.06795666
0.031995874
0.020642148
0.017427977
0.0053629773
0.0021449719
0.0018075586
0.0016522396
0.0013418545
0.0015030083
0.001127906
0.0011944114
0.058615606
0.11047593
0.13684085
0.15087698
0.098277934
0.09250993
0.07565731
0.049254734
0.040960565
0.031021666
0.0438211
0.050062455
0.049665466
0.033195324
0.03730548
0.06356409
0.05390661
0.017916784
0.0046132114
0.002423731
0.006895805
0.008205206
0.007135766
0.07411679
0.080050394
0.053303536
0.032244697
0.008814675
0.0051126378
0.0054891193
0.08790399
0.094361626
0.09060326
0.07460194
0.082781345
0.0775449
0.029893152
0.00772586
0.006753567
0.013034381
0.0120820375
0.010835778
0.0039773295
0.0014346621
0.0017625785
0.0017801318
0.0018910384
0.001782362
0.0018204413
0.002504789
0.002136169
0.0027541223
0.0025309115
0.0027277733
0.00310026
0.0017806054
0.002061247
0.014522863
0.06094254
0.06989594
0.052737698
0.006931428
0.038246755
0.1457537
0.15866531
0.12690651
0.017053116
0.021426627
0.090650916
0.13601702
0.1456434
0.03745528
0.03378031
0.0152281225
0.3426787
0.47354913
0.40973842
0.106830955
0.015781812
0.00803033
0.008152715
0.008200348
0.01214958
0.011729589
0.011522934
0.013178425
0.007224345
0.0056724674
0.0031638967
0.0036388321
0.009067806
0.01744162
0.025863081
0.024893213
0.011763749
0.09511496
0.1349773
0.023036107
0.015870659
0.04210984
0.19197296
0.10267455
0.022008281
0.00828471
0.012721345
0.014446477
0.012939325
0.01621504
0.013361458
0.007120119
0.011381795
0.01786361
0.02217454
0.026178014
0.20666632
0.20995048
0.05664891
0.013597707
0.080563545
0.2271018
0.15315756
0.04884967
0.009420813
0.007411339
0.0026942214
0.006698559
0.016439473
0.018689953
0.016657535
0.015030926
0.014880086
0.01579778
0.012335398
0.005833364
0.0036230104
0.013266916
0.14306705
0.11088334
0.028929457
0.14990982
0.13542846
0.020267965
0.031482864
0.14824161
0.17850222
0.16881894
0.13564716
0.11055912
0.05772491
0.019229306
0.015644593
0.037774105
0.12580733
0.14849459
0.15529314
0.1339026
0.057846304
0.081726946
0.1207646
0.10452268
0.103866525
0.11769266
0.11862014
0.105482
0.11174327
0.09195958
0.054250117
0.045194928
0.10786586
0.12131436
0.09648016
0.04168463
0.054811783
0.06910042
0.048709087
0.023284782
0.0034225427
0.012516795
0.019668564
0.094329454
0.08958342
0.07850383
0.048058152
0.07026252
0.0889079
0.07747223
0.026937114
0.009345963
0.04392601
0.08553679
0.07146168
0.03234991
0.04507642
0.0692916
0.06861942
0.02746067
0.030539297
0.09505244
0.060862537
0.060977686
0.067639954
0.06269347
0.040604096
0.008567567
0.010330363
0.057884075
0.044059303
0.018049859
0.048283897
0.046823695
0.036003143
0.009975854
0.010934992
0.030730894
0.035986118
0.049002957
0.036439307
0.01844023
0.017625693
0.014370582
0.0039321664
0.0060754716
0.0017187659
0.0014372842
0.0024588667
0.0011862182
0.0015086667
0.0012907485
0.0016392678
0.0014093876
0.0013137918
0.0015668994
0.001356394
0.0015746384
0.0014091288
0.0045294524
0.0016825781
0.0013775944
0.0012978724
0.0013447059
0.0012486111
0.001532686
0.0036394028
0.0014075032
0.0013099409
0.0013816529
0.0012730545
0.001756611
0.0014557939
0.0013665324
0.0013262612
0.001758117
0.0014661996
0.0014050342
0.0014466814
0.0015341764
0.004764138
0.0014504524
0.0049718753
0.003584878
0.0029246649
0.0015647284
0.001669156
0.0021012046
0.0031371724
0.0032307585
0.002718268
0.0027786451
0.0025711348
0.0023741517
0.0025368677
0.0016733118
0.08561174
0.19589119
0.19372547
0.017792646
0.052364282
0.10920003
0.044828855
0.013483068
0.030833399
0.1103641
0.17517543
0.18363704
0.18658523
0.12805603
0.16386798
0.16063848
0.05175837
0.04709532
0.039778564
0.046236604
0.122385256
0.16988192
0.16798593
0.17886753
0.19639416
0.16327542
0.09763175
0.13677776
0.085181616
0.099725515
0.137754
0.11754088
0.13086173
0.11653325
0.14905854
0.10502864
0.06622838
0.05558893
0.03534064
0.029536976
0.05228643
0.07215136
0.0776098
0.07021001
0.07526404
0.06756907
0.013305901
0.005013496
0.0025156706
0.094788685
0.18863541
0.17967203
0.15572461
0.08376584
0.03801424
0.05534669
0.0737046
0.06905282
0.057590045
0.013693219
0.021755176
0.018061895
0.007578994
0.0056884433
0.0017273162
0.0018376085
0.0015328012
0.0017142907
0.0017195639
0.0014832527
0.0015361744
0.0012927167
0.00109321
0.015491096
0.019239392
0.014366379
0.10369247
0.09929101
0.097532466
0.096420445
0.08682238
0.07368378
0.030525701
0.014665579
0.009772452
0.027575905
0.002051975
0.0018862416
0.0016533113
0.08912153
0.11407384
0.14511624
0.14864016
0.11326489
0.11223608
0.05667939
0.005812312
0.03646205
0.027009005
0.12518242
0.13949633
0.10788605
0.007963582
0.00797498
0.059611063
0.052433133
0.04473175
0.01182112
0.00681129
0.002490381
0.0021746426
0.0014601947
0.001436779
0.022667456
0.08737355
0.08528727
0.03403153
0.00316344
0.013089113
0.121652
0.037737023
0.06916839
0.10269442
0.048580397
0.012694906
0.029756697
0.030178962
0.11902621
0.1329558
0.08192674
0.04520316
0.025944995
0.025238214
0.11853993
0.13400714
0.1682099
0.101865634
0.0070761177
0.009127449
0.019496804
0.09895678
0.13491112
0.0530654
0.13843283
0.16462104
0.1360415
0.100779995
0.062914215
0.05077986
0.011537538
0.0062567824
0.0030677991
0.0014672328
0.0012527915
0.0015769453
0.0012842797
0.001954123
0.0014678756
0.0015195783
0.0016989041
0.0013283
0.0014800132
0.0015702941
0.0011568371
0.0015381096
0.0017648696
0.0018939471
0.0014625456
0.001306032
0.0014687433
0.0018530203
0.0015698343
0.0017634314
0.0013374436
0.00137682
0.0014406522
0.0015047103
0.0015273525
0.0013088235
0.0014111316
0.0013538763
0.0013125511
0.0015804963
0.0010509947
0.0012861544
0.0011547209
0.001422223
0.0012657685
0.0014000734
0.001254505
0.0014232015
0.0012727897
0.0010285121
0.0012790473
0.0012313237
0.0011021012
0.0012046583
0.0012070265
0.0012229042
0.0013540215
0.001419122
0.0011912761
0.0012903112
0.001178955
0.0012900359
0.0013560257
0.0013545516
0.0013743582
0.0013483743
0.0013086067
0.0014146115
0.0014006862
0.0011709338
0.0013107435
0.0013609627
0.0011741935
0.0015551458
0.0011282319
0.0012292417
0.0012489726
0.0012824826
0.0012266367
0.0014009584
0.0013376847
0.0011898965
0.0013559378
0.001524509
0.0013379912
0.0012401834
0.0013141928
0.0011495465
0.0012453668
0.001217503
0.0013394441
0.0013453024
0.0012745043
0.0013890044
0.0012011806
0.0017306916
0.001972719
0.0013961835
0.0019073101
0.0013276254
0.0013643802
0.00146949
0.0012583573
0.0015754713
0.0011533612
0.0011478439
0.0012175596
0.0013469915
0.0013053418
0.0015138525
0.0012390033
0.0015226798
0.0022049537
0.0019754665
0.0017816985
0.0031583114
0.0029864907
0.0029755386
0.0022016743
0.0017988089
0.0018030556
0.0018381734
0.00143394
0.0012608595
0.0015566838
0.0015015037
0.0013575912
0.001402797
0.0013865975
0.0015484762
0.010504438
0.003154481
0.0019377854
0.0013634481
0.0012576858
0.001562048
0.0016438838
0.0013998756
0.001374752
0.0012932837
0.0016313894
0.0011821598
0.0014471408
0.0013089154
0.0013530131
0.0018061803
0.0013601145
0.0012486347
0.001471673
0.0016742672
0.0012343441
0.0012821724
0.0015546115
0.0013635359
0.0015024224
0.0015585134
0.0015944551
0.0016866777
0.0015544189
0.0013819316
0.0036398303
0.0017286738
0.0015115141
0.0015861143
0.0015526513
0.0014918313
0.0018466185
0.0014115846
0.0012570685
0.0013383889
0.001466368
0.0014545704
0.0013713227
0.0013435809
0.0017773743
0.0014485917
0.016048139
0.20509338
0.1393402
0.025793841
0.16720334
0.15801302
0.099711664
0.15593427
0.15693487
0.06730654
0.037042163
0.15227726
0.15637489
0.14210562
0.10857785
0.03511986
0.025794195
0.04973008
0.09417104
0.06575323
0.06271456
0.054092683
0.03810376
0.0038886294
0.002666267
0.0018471077
0.001552649
0.0019114993
0.0020423837
0.0017640328
0.0017387401
0.0014223891
0.001761997
0.0015778798
0.0015420206
0.0015771216
0.0015652141
0.0015443641
0.0017088681
0.0013267857
0.0013014064
0.0012820226
0.0012060971
0.0013534835
0.0012209387
0.0015948811
0.0013633962
0.001140674
0.00120696
0.0012803349
0.001133704
0.001248834
0.001547185
0.00134908
0.001230054
0.0011572136
0.001412001
0.0013039688
0.06356449
0.068689995
0.119719155
0.20728768
0.1094934
0.09393496
0.09142736
0.050992258
0.024617711
0.024196291
0.041220862
0.067808695
0.14526682
0.20870936
0.24544865
0.2063851
0.09101098
0.02441115
0.03923451
0.14934829
0.14613664
0.09671323
0.13062473
0.04885084
0.0044443975
0.030652722
0.045466874
0.103860766
0.2515164
0.21584746
0.019698545
0.017426535
0.09593369
0.109542355
0.1018303
0.12449439
0.06627913
0.035028365
0.08186675
0.10088771
0.089240365
0.10073282
0.090657175
0.07708955
0.04546495
0.008045457
0.0048289876
0.0027748605
0.0024123746
0.0014976402
0.0023327614
0.0012176423
0.0012669988
0.0015935411
0.0017051705
0.0017187917
0.001705971
0.0016674119
0.0013275531
0.016455762
0.10416489
0.07938978
0.06632182
0.030518783
0.12397049
0.17092796
0.19296804
0.15979666
0.046221077
0.018530913
0.020096082
0.0056149047
0.002143289
0.025494855
0.1045928
0.14353019
0.13844621
0.14161393
0.13819599
0.124118306
0.07708592
0.025062732
0.008255423
0.0028440016
0.054880768
0.084854394
0.111810975
0.09955549
0.023962121
0.07862448
0.14773081
0.12774149
0.117958836
0.15590447
0.15374738
0.07985403
0.14271854
0.17466451
0.15283862
0.10127745
0.03817726
0.11449797
0.11409835
0.0195664
0.052679826
0.08992237
0.067335896
0.0495187
0.06718311
0.08921115
0.072123885
0.01807815
0.024226151
0.014244713
0.0055114576
0.011075089
0.0026139128
0.0015548789
0.0045561963
0.016946722
0.015128767
0.019544993
0.0074229403
0.02981934
0.066788465
0.08922386
0.10286398
0.12855293
0.11516156
0.02709367
0.01435761
0.011388912
0.009687458
0.003610314
0.0018369593
0.0018363625
0.0015989719
0.0013939961
0.0013209475
0.001090846
0.001304377
0.0029803237
0.0013173199
0.0013045329
0.001666226
0.009735958
0.00279048
0.0023693594
0.002271366
0.0025224152
0.0037076962
0.0034834757
0.0011750683
0.015138962
0.14549136
0.1110888
0.13267612
0.06325999
0.009137487
0.06051787
0.073905334
0.014556422
0.12923044
0.16400032
0.20990518
0.19239624
0.108479485
0.05087394
0.031197133
0.022569412
0.12789993
0.13292214
0.11329502
0.11501081
0.15250346
0.13501586
0.010919549
0.015170068
0.01886022
0.15376972
0.13931288
0.14909315
0.09612167
0.011635352
0.015640894
0.08823548
0.11199751
0.11936803
0.10805347
0.086809635
0.031272218
0.017155154
0.06534129
0.061827622
0.06319759
0.06717334
0.064020656
0.041019488
0.0071090027
0.0023183646
0.0017468185
0.0014151199
0.0016989636
0.0045776586
0.002200072
0.0019119835
0.0015839799
0.0016523673
0.0015610202
0.0020681017
0.0016204042
0.0015900909
0.0016484455
0.0013923452
0.0014190552
0.0015730034
0.0014287106
0.0015575392
0.001670727
0.0013769484
0.0013215003
0.0015700952
0.0014153532
0.0014530729
0.0012907163
0.0013229946
0.001357089
0.0015704657
0.0014344058
0.0015048726
0.0013658939
0.0014645245
0.00275873
0.0013527075
0.001385379
0.0014577495
0.0029355283
0.0014917504
0.0012885989
0.0013036414
0.0012807319
0.0014500178
0.0015000269
0.0013607172
0.0013619876
0.0013532613
0.0016942548
0.0017400525
0.0014929085
0.0014670168
0.09201653
0.1468943
0.06924989
0.1650136
0.12512363
0.034072474
0.027833434
0.054861575
0.022995679
0.058570087
0.07940919
0.11643529
0.19279337
0.24908206
0.111494064
0.05394428
0.029605996
0.039493233
0.14852498
0.20089369
0.20207262
0.16707289
0.17144583
0.15635242
0.07110919
0.14962664
0.101651095
0.14072317
0.1703967
0.096390866
0.015716517
0.0076163793
0.09435616
0.16013955
0.18366523
0.11775993
0.118575715
0.11758549
0.107274294
0.15486535
0.19843975
0.18508616
0.20404233
0.1570475
0.13047867
0.16667941
0.17599437
0.16140866
0.13224277
0.11865039
0.08231229
0.046270918
0.08812773
0.10501298
0.10238024
0.08706076
0.039616406
0.021781161
0.020990852
0.01699402
0.0051626777
0.0017580468
0.063300684
0.10249391
0.13321784
0.12489709
0.09673028
0.083029024
0.058288887
0.03990535
0.014593072
0.003328931
0.0021481437
0.0019518851
0.0016075493
0.0017152284
0.0019059238
0.0024639708
0.0016873615
0.001924171
0.0015886821
0.0023794496
0.001653172
0.0013194677
0.12982427
0.13062444
0.06849838
0.048071228
0.036007106
0.02671529
0.16863324
0.14421022
0.13513811
0.14731984
0.11374817
0.03038295
0.02690082
0.031179389
0.005788342
0.027291287
0.038179412
0.13521086
0.143731
0.15152268
0.13304117
0.12885901
0.07215618
0.034457054
0.04635768
0.10738664
0.120266005
0.12208613
0.06271139
0.0129970275
0.054501634
0.14015493
0.11888425
0.13806644
0.117187254
0.06728244
0.054904245
0.09000223
0.096846856
0.09692624
0.062282383
0.09037547
0.100122765
0.03016562
0.010976137
0.061491057
0.059784267
0.05854074
0.09853522
0.09791384
0.03386574
0.029124746
0.012015512
0.049275853
0.05252357
0.1155755
0.11032647
0.09614557
0.061290883
0.031362116
0.03233929
0.011116715
0.0025053616
0.0027512643
0.006600407
0.008276638
0.007161814
0.005006252
0.0022202889
0.0014417031
0.0013671585
0.0012278076
0.0012642461
0.0013861565
0.0013826175
0.0012369616
0.0013850871
0.0013305972
0.0011818671
0.0013444496
0.001226619
0.0011999523
0.0011568655
0.0016597045
0.0014577257
0.0014370693
0.0013266614
0.001390243
0.00115926
0.0014063797
0.001309333
0.0019874345
0.0013926019
0.0011681396
0.0011878434
0.0011918377
0.0013173124
0.0014488831
0.001310508
0.0013191141
0.0011295575
0.0012333768
0.0009297832
0.0013993642
0.0013638274
0.001294074
0.0013313125
0.0012819889
0.0015609782
0.0015090737
0.0014071265
0.0014941797
0.0010640256
0.0012254325
0.0013113448
0.0014102375
0.0015045992
0.001138105
0.001336991
0.0012412831
0.0010749093
0.0011913104
0.0014570701
0.0010531923
0.0013022835
0.0025739868
0.0013830892
0.0015790932
0.0015496777
0.0013989297
0.0012950482
0.0012722886
0.0013724888
0.0012469267
0.0011934612
0.0012736329
0.0013600234
0.0013393671
0.0012668521
0.0011659532
0.0014032848
0.0014360634
0.0013427623
0.0013142009
0.0013732616
0.0012187451
0.0012629129
0.0011661494
0.0013191674
0.0012565858
0.0014412284
0.0013502423
0.0012905784
0.0012768091
0.00128173
0.0012720431
0.0012575714
0.0012002381
0.0011618097
0.0012177598
0.0011918105
0.0011645565
0.0013630793
0.0013697776
0.0014725217
0.0016536879
0.041502126
0.068714745
0.07351435
0.07657041
0.044086237
0.04198692
0.07789575
0.08754542
0.08190593
0.03358566
0.015753368
0.008206483
0.03996214
0.050305624
0.09236406
0.09411557
0.0823311
0.019670943
0.03979709
0.03494383
0.009532061
0.0073701716
0.008635831
0.005053947
0.0025105865
0.0016655037
0.0012456112
0.001200205
0.0013241178
0.0014727975
0.0014092815
0.0014298722
0.0011597179
0.001254934
0.0011974954
0.0011720548
0.0019843536
0.001170804
0.0012818065
0.0013488483
0.0012312892
0.01118771
0.00249633
0.0013990713
0.0013234636
0.0016474831
0.0015726001
0.001986451
0.001880664
0.0023996397
0.0016389907
0.0017081549
0.0036830108
0.0012611641
0.0013782551
0.075902134
0.15669106
0.052871224
0.13734016
0.1110665
0.06577101
0.0066912174
0.14576896
0.045512836
0.043176144
0.088319495
0.14965902
0.18237406
0.14464556
0.10772073
0.027237255
0.028666295
0.02912898
0.12847084
0.16532777
0.15394223
0.13516003
0.1118297
0.116203405
0.17199343
0.11646377
0.06685164
0.13133147
0.1397744
0.117622286
0.013036048
0.010134405
0.003682777
0.0018215558
0.017521806
0.0807875
0.099566646
0.10680616
0.061419275
0.07961431
0.10908124
0.106519476
0.08190718
0.19915377
0.20052628
0.092729
0.09971131
0.100144595
0.088431895
0.044915617
0.033564877
0.010901547
0.0025882514
0.009706958
0.111406066
0.10391721
0.09571569
0.07880378
0.07120054
0.07319117
0.07918159
0.048984352
0.043327305
0.0655023
0.07142686
0.06356329
0.058813024
0.061017778
0.044416755
0.04073452
0.007269534
0.002942929
0.0019673489
0.0014714756
0.002770654
0.0022244093
0.002464999
0.002347925
0.0025945907
0.0027968497
0.0026556489
0.0024091639
0.001834559
0.0018877134
0.0020244308
0.0020712144
0.0010595008
0.0012224383
0.12625058
0.12569606
0.061964713
0.041288592
0.0246062
0.07824806
0.14650032
0.16492666
0.16476455
0.07162687
0.037776846
0.036850356
0.021836404
0.0029273496
0.02451779
0.025663206
0.1069686
0.12977643
0.14356233
0.13445562
0.11603556
0.066826016
0.04728492
0.047977697
0.043342512
0.040032078
0.074093916
0.085224554
0.08165193
0.099598795
0.027915029
0.007422479
0.0021459544
0.0022787615
0.0013601236
0.0014182876
0.0012860434
0.0013815402
0.0027648588
0.0020279516
0.005751832
0.014753815
0.0022207738
0.0019874992
0.0015803798
0.0012844343
0.0123513155
0.036126684
0.040031884
0.041538138
0.030831171
0.02834202
0.02336613
0.01657218
0.0061558126
0.003387974
0.0015881404
0.0015756853
0.0011994244
0.0014284838
0.0013872223
0.0014281997
0.0012273598
0.0020299607
0.0012044345
0.0011713473
0.0012161678
0.0013135471
0.0013373826
0.0013256356
0.0011422969
0.0014974952
0.0017312218
0.001271119
0.0018843089
0.0013621632
0.0012387749
0.0012098133
0.001204805
0.0012222627
0.0015163939
0.0065490603
0.002575304
0.0063149952
0.0013599044
0.0016688746
0.0018301925
0.0017743673
0.0019232843
0.002074924
0.0019595532
0.002872886
0.0013285107
0.0013528252
0.015784299
0.16298735
0.16002163
0.021906149
0.170168
0.16551703
0.043598775
0.012109779
0.042517025
0.075874664
0.05737815
0.08127432
0.1282606
0.13454187
0.15063965
0.099685006
0.04020812
0.03368426
0.14329183
0.14840434
0.12657683
0.021923717
0.035439607
0.050635416
0.050296787
0.09833611
0.100111805
0.030234387
0.004904039
0.002247477
0.0032427586
0.061668668
0.08103108
0.16515763
0.13715604
0.070704825
0.10361231
0.113230705
0.112466075
0.08545225
0.17680898
0.18144241
0.15928482
0.081693776
0.08826291
0.118930236
0.091755256
0.043530174
0.021755194
0.03023124
0.077605605
0.120688505
0.12677129
0.10275306
0.091630965
0.07334067
0.023749303
0.038483307
0.03877048
0.027838625
0.05575685
0.08210439
0.0715935
0.0703885
0.05519125
0.03134099
0.0057049002
0.0028060733
0.0022273704
0.0016761563
0.0021035294
0.002133062
0.0025595133
0.0021131001
0.0022936317
0.0022127926
0.0022119733
0.0020659913
0.003050606
0.0021945895
0.00135105
0.14577717
0.122854084
0.0692852
0.04581759
0.023053683
0.14358222
0.1488795
0.13655443
0.078804456
0.052548386
0.03586013
0.013362683
0.028706033
0.032293316
0.062347278
0.15278374
0.14630707
0.14985968
0.14686906
0.12980258
0.044448398
0.016323365
0.005013805
0.0024401494
0.15077011
0.1276375
0.1325808
0.13421117
0.14638346
0.08815416
0.020932427
0.0050999816
0.15647838
0.13699307
0.09066217
0.10447825
0.13512155
0.14491002
0.08542404
0.069889665
0.11194814
0.055893872
0.011621137
0.094120316
0.07352919
0.06112203
0.098730735
0.099072576
0.114485465
0.076395
0.025059115
0.005652166
0.011778844
0.005647174
0.001467841
0.07972721
0.0848447
0.09732014
0.087502405
0.027014317
0.029499842
0.040543903
0.026506225
0.014010045
0.008282917
0.006946303
0.012302454
0.013103808
0.011519571
0.0071738837
0.002842631
0.0017573212
0.0013456487
0.0015023256
0.0013929318
0.0013725611
0.0012932494
0.0015984114
0.0012248383
0.001131662
0.001184759
0.0013365453
0.0014414954
0.00129723
0.0017033691
0.0014420393
0.0015279775
0.0014925837
0.0013531396
0.0015137732
0.0015271715
0.0018679186
0.0015244988
0.0012667147
0.0012909556
0.0011996329
0.001432963
0.0013423394
0.0015242739
0.001723727
0.001323547
0.0014747164
0.0014049374
0.0013363305
0.0011194674
0.0012628052
0.0013871669
0.0011782307
0.0012205966
0.0013313541
0.0012945373
0.0014056495
0.0015008025
0.0014069319
0.0013481915
0.0011820464
0.0012595728
0.0013517188
0.0012999434
0.0013744484
0.0013144214
0.0013323053
0.0013965238
0.0013718755
0.0010915395
0.001454994
0.0014904089
0.001262648
0.001354056
0.0015587657
0.0014055509
0.001279483
0.001494441
0.0012282663
0.0011556896
0.001341775
0.001473308
0.0012004483
0.0014359583
0.0013218567
0.001309125
0.001552289
0.0013298676
0.0014122303
0.001293938
0.00155982
0.001301369
0.0015803602
0.0013612882
0.0012554533
0.0012681376
0.0012625973
0.0015089618
0.0012761293
0.0012850359
0.001110917
0.0012789586
0.0013039394
0.001118403
0.0014360242
0.0016778838
0.00137462
0.0013834026
0.0013615529
0.0012825122
0.0012590607
0.0010941332
0.0012524051
0.0012146338
0.001241539
0.0022530137
0.0012924513
0.0012717732
0.0012177253
0.0012640395
0.0012240518
0.0013449345
0.0012271017
0.0015412556
0.001379937
0.0012247663
0.0012463217
0.0011655968
0.0012494521
0.0013791877
0.0012581572
0.001168394
0.0014513517
0.001589578
0.0011818785
0.0012102132
0.0012932168
0.0013268625
0.0012840214
0.0013993122
0.0014387082
0.0013024366
0.0011291358
0.0013523229
0.0013182517
0.0015174837
0.001211851
0.0011970102
0.0012352533
0.0012170398
0.0012657334
0.0011335427
0.0012963613
0.0014486001
0.0013053603
0.001441452
0.0013871341
0.0011002392
0.001251181
0.0013638514
0.0013849864
0.0012474644
0.0014430804
0.0013049857
0.0014453365
0.0013770664
0.001437046
0.0013289631
0.0013076814
0.0012314566
0.0012459926
0.0013936437
0.001290027
0.0011699157
0.0012217428
0.0012497468
0.001205178
0.001322201
0.0012121259
0.001137179
0.0011543263
0.0011032104
0.0011915294
0.0013550711
0.0013256833
0.0011248331
0.0012419309
0.0012214492
0.0012798784
0.0011758218
0.0013342774
0.0011557087
0.0012902154
0.0012463996
0.0012297869
0.0012039822
0.0015102227
0.0013768695
0.0015780516
0.0013050518
0.0010798246
0.0011984693
0.0012462845
0.0012834565
0.0012461968
0.0012662453
0.0011198738
0.0013351357
0.0012791674
0.001184991
0.001164046
0.0012099366
0.0012489115
0.0013153673
0.0014251283
0.0011842706
0.0010918465
0.0012338475
0.0011438148
0.0013063169
0.0012364095
0.0013967195
0.0012112482
0.0012383821
0.001367496
0.0012436152
0.001188256
0.0012871239
0.0013166546
0.0014166664
0.0011728518
0.0016080537
0.0012103954
0.001319666
0.001479789
0.0013243785
0.001266075
0.0011550715
0.0013862153
0.0013392468
0.0012527349
0.001249725
0.0013032254
0.0013463453
0.0013014413
0.001229721
0.0013330154
0.0013590631
0.0014445322
0.0014627891
0.0011264129
0.0011327405
0.0010649529
0.0011207554
0.0012688542
0.0012693186
0.0013865945
0.0012402872
0.0015087724
0.0011568457
0.0011961845
0.0011990159
0.0011859785
0.0014623583
0.0012484421
0.0012341279
0.0013852401
0.0012136208
0.0012096432
0.0011867753
0.0013914672
0.0012007424
0.0010184393
0.001093727
0.0010511513
0.001248368
0.0013088303
0.0013085154
0.0011782238
0.0012216311
0.0011657249
0.0012618906
0.0014614022
0.0013582708
0.0012857681
0.0012462259
0.0013797585
0.0014340375
0.0014049163
0.0012825107
0.0012796551
0.0011816965
0.0011165095
0.0013226484
0.0015337963
0.0016831422
0.0016496436
0.0014555227
0.001414366
0.00129678
0.0015702986
0.0012727983
0.0013305913
0.0013994823
0.0012070031
0.001523351
0.0015016503
0.0013105192
0.0013238634
0.0013342769
0.0012800492
0.0011028444
0.0012484035
0.0013054104
0.0014006542
0.0013019254
0.0015499435
0.00127747
0.0011979175
0.0012590516
0.0013300233
0.0012082062
0.0013819041
0.0012813555
0.0013350685
0.0012115882
0.0014746471
0.0013228733
0.0012505724
0.0013765863
0.0011447241
0.0012766414
0.0014401976
0.0013448345
0.0013746407
0.0013063629
0.0011027828
0.0011798947
0.0011165597
0.0012721777
0.0012708639
0.0011840106
0.0012700662
0.0013539784
0.0014859592
0.001288078
0.0012500182
0.0014073511
0.0012410987
0.0012600465
0.0014590755
0.0013741041
0.0013312442
0.0012648545
0.0013841894
0.0014267188
0.0013789121
0.0013731343
0.0013846275
0.0014443811
0.0012844914
0.0013764374
0.0011801153
0.001371073
0.0011269964
0.0013008695
0.0018823879
0.001181824
0.0011900184
0.0012272884
0.0011935567
0.00556734
0.0014268779
0.0014006208
0.0017245148
0.0012945026
0.0015821956
0.0014729559
0.0013157425
0.0013591726
0.0011700266
0.0014218428
0.0011816972
0.0012722623
0.030898796
0.030680552
0.020791192
0.17772974
0.21553807
0.1815265
0.21088496
0.20867307
0.1692204
0.1649256
0.1568544
0.08656442
0.12076
0.12501353
0.124949574
0.10887076
0.0489438
0.024855657
0.055051383
0.09455492
0.14434823
0.13564189
0.075012766
0.022660766
0.007917742
0.0056862137
0.0062104114
0.06791234
0.14430267
0.15912451
0.1364515
0.1333161
0.1582315
0.11975457
0.10539054
0.037512567
0.034771938
0.012369467
0.0031905253
0.002772282
0.005723698
0.0020029882
0.13011202
0.1663282
0.1439551
0.178115
0.2235677
0.16739857
0.10363761
0.10689766
0.06071762
0.0076646064
0.0036515829
0.13160291
0.13255262
0.14812805
0.15987118
0.13497363
0.19618323
0.21203393
0.11371442
0.10022529
0.091311105
0.08095925
0.06896375
0.07685319
0.048958413
0.023277251
0.004249592
0.0032398175
0.003046945
0.0031829085
0.0030948133
0.0028776207
0.005111119
0.0021398696
0.027636983
0.10886993
0.16174228
0.2076061
0.121038735
0.022486174
0.020485004
0.13496324
0.120541476
0.13269755
0.19780777
0.18699355
0.11097583
0.14487225
0.11472402
0.074606836
0.074714735
0.045791812
0.011018554
0.08059904
0.04072151
0.039066225
0.03989762
0.048494533
0.116410024
0.13424984
0.12393447
0.12592365
0.114473596
0.056239896
0.061132845
0.038572766
0.05532902
0.068644434
0.069743305
0.07456831
0.067384385
0.024656309
0.004469677
0.014003283
0.0431779
0.06421526
0.023816777
0.0050382465
0.009025301
0.0017758347
0.008751387
0.008384675
0.006359316
0.0035486398
0.004440294
0.0029420527
0.0036235545
0.0018249911
0.03931848
0.06912186
0.032097198
0.03813279
0.032892667
0.045005657
0.035155553
0.16357069
0.15636265
0.16184019
0.15764143
0.12187254
0.10870614
0.0894898
0.094201565
0.14417924
0.13100034
0.106581464
0.07134447
0.095246285
0.10641036
0.1086265
0.06797448
0.07032478
0.055950966
0.0062274826
0.0029887038
0.0027089017
0.0031015496
0.0022619625
0.0018270676
0.0018469642
0.0014799957
0.0016442204
0.0032510601
0.0033047663
0.009704803
0.0736816
0.07055423
0.14410785
0.19423
0.15537919
0.13629518
0.11668394
0.16805561
0.17934924
0.08522538
0.039031927
0.024770344
0.042903055
0.12302311
0.11479882
0.11269993
0.10923781
0.07972557
0.05123889
0.0045806137
0.11139085
0.11544348
0.085671194
0.070576526
0.069867544
0.062707454
0.031870343
0.018079797
0.020193622
0.0073765484
0.07525825
0.078949936
0.080252975
0.067570165
0.051032607
0.030446762
0.034889325
0.025293265
0.0075466214
0.008398899
0.0022299113
0.0013916382
0.0014081998
0.0013418018
0.0013956246
0.0011215385
0.0013915894
0.0017985378
0.0024672027
0.0015848607
0.0012326732
0.0011601645
0.0025755654
0.0015179024
0.0016421211
0.0013947638
0.0013196026
0.0013787132
0.0015002862
0.001343661
0.0012416452
0.0012580891
0.0013283557
0.0013655163
0.0014857961
0.0016791611
0.0014127925
0.0014617153
0.0012811685
0.0014127872
0.0014119311
0.0013461881
0.0016372143
0.0015156665
0.0013365159
0.0013624474
0.0013311949
0.0014486697
0.0014885681
0.0012052745
0.0012626611
0.001462158
0.0014316367
0.0014592315
0.001421604
0.0014676477
0.0013812367
0.001205429
0.0014702287
0.0011693705
0.0011937054
0.0013491589
0.0012897108
0.0012649401
0.0013592385
0.0013404809
0.0012133656
0.0012507638
0.0013821988
0.0013358601
0.0012404323
0.0012291853
0.0013412812
0.0012737054
0.0012140948
0.001343761
0.0013479918
0.0012731428
0.0013402774
0.0011106957
0.0012907254
0.0011936836
0.0013470813
0.0013195508
0.0011885262
0.0012750295
0.0014011113
0.0012733564
0.0012946057
0.0013950617
0.0013893916
0.0012906056
0.0012575933
0.0011412816
0.0013672222
0.0012651616
0.0013962983
0.0012823938
0.0015317339
0.0016226011
0.0015394208
0.0014139757
0.0013065182
0.0014732844
0.0014222387
0.00138256
0.001368339
0.0014087943
0.0014258471
0.0013936856
0.0012923259
0.0013554232
0.0014802364
0.0014769201
0.0014269525
0.0012830565
0.0013323792
0.0012265287
0.0012507709
0.0013936083
0.0011504533
0.0013973888
0.001449466
0.0012114556
0.0012007578
0.0015195364
0.0012439939
0.0013323836
0.0013891107
0.0010916025
0.0012455442
0.0012964489
0.0012431776
0.0013587632
0.0013786141
0.0012600961
0.0012492886
0.001260414
0.0011650879
0.0013149088
0.0012556496
0.001097469
0.0012485135
0.0011363894
0.001343181
0.0013063533
0.0011211071
0.0010509185
0.0011749662
0.00131462
0.0012243764
0.0010607872
0.0012766635
0.0012046407
0.0013007708
0.0012718327
0.0011312625
0.0015610473
0.0011387801
0.0011743114
0.0013422734
0.0013498404
0.00124868
0.0012152196
0.0013432364
0.001316522
0.0011694101
0.0013376547
0.0012056433
0.0011154071
0.0011702966
0.0011266927
0.0013428652
0.001286496
0.0012304983
0.0012532709
0.001393927
0.0012949089
0.0011804732
0.0012497605
0.0013366505
0.0011674655
0.0015728874
0.0013474479
0.0011966466
0.0012707628
0.0013206796
0.0012127231
0.0011223793
0.0012218485
0.0012590557
0.0014049124
0.0012502334
0.0012570437
0.0014406133
0.0013318288
0.0011501858
0.0012233803
0.0012595536
0.0012918271
0.0012143453
0.0012716382
0.0012761989
0.0012757238
0.0011730735
0.0010735014
0.0011294016
0.0011093651
0.0013028972
0.0014647562
0.0012830503
0.0014464353
0.0011580968
0.0011521451
0.0011664256
0.001068929
0.001233677
0.0014963993
0.0011973116
0.0012939867
0.0014574443
0.0015043232
0.0015938439
0.0013810481
0.0012945586
0.0012867299
0.0014165962
0.0014311948
0.0018115026
0.0014857276
0.0013592363
0.0014114281
0.0016193689
0.0016634959
0.0012670502
0.0011360898
0.0012104384
0.0011783637
0.0012152307
0.0013746785
0.0013675771
0.0013927827
0.0010622662
0.0013039608
0.001178353
0.0012114348
0.001284082
0.0012175266
0.0012701522
0.0012992729
0.0012843617
0.0014202188
0.001145553
0.0016265655
0.0011402933
0.0019315699
0.020324698
0.09843583
0.09599538
0.08792029
0.08824598
0.045315046
0.19154136
0.2130942
0.05975161
0.050646752
0.10316468
0.11822369
0.1181023
0.12514453
0.17604397
0.14939347
0.07609734
0.044549115
0.04619029
0.034221835
0.06699844
0.14075126
0.2646543
0.23071845
0.13068968
0.10427971
0.036302846
0.005500022
0.013756053
0.09287565
0.1099365
0.109962165
0.08529257
0.08201244
0.03647063
0.03568815
0.07024778
0.06805858
0.018213948
0.0056326655
0.04954991
0.04884945
0.07381714
0.08013416
0.07585127
0.02807678
0.024139535
0.042453807
0.066254444
0.04646583
0.0148035195
0.011222518
0.0023231234
0.012160216
0.07975318
0.07728878
0.035720352
0.10080334
0.10846994
0.123638324
0.09515676
0.03907343
0.033202156
0.01105741
0.002911049
0.0019053952
0.006248582
0.0070826914
0.0066241473
0.005134808
0.003916589
0.002209384
0.0015077693
0.0015178015
0.0013913775
0.0015280765
0.0014946737
0.0013564861
0.0012574656
0.0016136871
0.0013254889
0.0014965606
0.0013411283
0.0014579821
0.0016950809
0.0015267243
0.0017105073
0.0019824712
0.0014962287
0.001641561
0.0017730088
0.0016960545
0.0021351934
0.002202628
0.0016311606
0.0017098561
0.0015554922
0.0014504025
0.0014546678
0.0016033769
0.0012951929
0.0015971676
0.0014469792
0.0017088423
0.0014875685
0.0015381691
0.00153073
0.0012144471
0.0013521367
0.0013505906
0.0013443935
0.0014506163
0.0013621132
0.0013126637
0.0014487588
0.0013566338
0.001055742
0.0011060957
0.001306967
0.0012084641
0.0012930161
0.0014864571
0.0014873113
0.0017068366
0.0014203397
0.0013011679
0.001383418
0.0014282183
0.0012497788
0.0014825702
0.0014970946
0.0014521622
0.0012417358
0.0013527573
0.0010800606
0.0013207274
0.0013984189
0.0013510896
0.0012572025
0.0012124408
0.0013699534
0.0013980824
0.0014024577
0.001303414
0.0011905413
0.082824714
0.10223623
0.100316495
0.093463324
0.068953075
0.19589746
0.14798616
0.038589444
0.03522663
0.09917979
0.10883185
0.101503275
0.13602936
0.18435451
0.11189949
0.04493154
0.038983878
0.03866605
0.06201571
0.16291295
0.258254
0.34787893
0.33225918
0.10434303
0.017827153
0.006678371
0.03034218
0.079095446
0.09776616
0.07321118
0.03478951
0.028706683
0.017092776
0.02540674
0.037958667
0.10329266
0.11786334
0.035351135
0.039049167
0.05427578
0.06486292
0.09477821
0.11410235
0.1098348
0.05037997
0.027877131
0.061886124
0.07990877
0.04350305
0.015665388
0.011487639
0.002770361
0.009391582
0.03901788
0.060521435
0.043820683
0.06884997
0.11143131
0.10588601
0.06763623
0.049220864
0.05492913
0.0068425066
0.002082636
0.0022074946
0.003870948
0.010649225
0.009718895
0.007232264
0.00602604
0.0031365368
0.0018799964
0.0013188209
0.0013150867
0.0016205349
0.0011578846
0.001285554
0.0011331858
0.00375434
0.0015182405
0.0016256722
0.0012021989
0.0013970236
0.0013663399
0.0014228175
0.0013463845
0.001307575
0.0012461498
0.0013424339
0.0011614248
0.0014192569
0.0013580362
0.0013632606
0.0012649007
0.0014032895
0.0013498226
0.0042907204
0.002098071
0.0013703699
0.0012117783
0.0011657506
0.0011536931
0.0012904239
0.0013149356
0.0012580978
0.0014335288
0.001519515
0.0015011528
0.0012375251
0.0011095818
0.0011623452
0.0013258465
0.0014081332
0.0011365243
0.001155462
0.0014551983
0.0013723305
0.0012696777
0.0012764952
0.0011377475
0.0011286015
0.0012035018
0.0011376913
0.0012691444
0.0013696037
0.0012230339
0.0013557401
0.0012248565
0.0010658008
0.0011826492
0.002053072
0.0039149956
0.0013268987
0.0010657687
0.0011632123
0.0012360167
0.0011321966
0.0013749881
0.0010857611
0.0011579329
0.0013280546
0.0011571578
0.0012389723
0.0012451588
0.001155572
0.0010701119
0.0012248143
0.0012159741
0.0011412496
0.0012794919
0.0029292535
0.0012516361
0.0012713093
0.00147105
0.0013348124
0.0012733468
0.0865173
0.105965585
0.0896693
0.08052564
0.062918305
0.17665386
0.16318324
0.05618343
0.04085247
0.101631545
0.115789056
0.08818796
0.10904534
0.16154417
0.085709594
0.041975863
0.049118128
0.053311937
0.04814479
0.097608976
0.15452069
0.15400138
0.17530206
0.11653762
0.042285923
0.006376691
0.0026965349
0.05398217
0.061917257
0.07073103
0.059477452
0.039878994
0.021402925
0.021071566
0.004208131
0.036380563
0.07310925
0.07821792
0.00799811
0.0027469667
0.022241691
0.03902004
0.06952043
0.079524346
0.089641094
0.026504388
0.0213178
0.04283187
0.062404964
0.024263691
0.010168721
0.004514123
0.002557507
0.021474298
0.0452061
0.044926867
0.029222535
0.08494449
0.07353158
0.06292206
0.040607832
0.01865057
0.011185232
0.0059110476
0.0018124161
0.003258741
0.008527895
0.0057849023
0.0042316485
0.0032157637
0.002168892
0.0018014155
0.0015046858
0.0013887204
0.0011494234
0.0012141418
0.0013334466
0.0013354664
0.0012793195
0.0011700238
0.0012678847
0.0012218162
0.0013274212
0.0015711605
0.0015947303
0.0015405675
0.001254624
0.0014238933
0.0015337546
0.0013981104
0.0015283932
0.0016299351
0.0014580551
0.0015029276
0.0013739307
0.001315389
0.0013339287
0.0012633684
0.0011543956
0.0011233368
0.0011765786
0.0012608871
0.0014569295
0.0012730663
0.0011696753
0.0012173557
0.0014270116
0.0013154459
0.0011288689
0.0012738185
0.0013649602
0.0013189879
0.001294637
0.001187543
0.001330866
0.0011850903
0.0014100593
0.0011553933
0.0014163484
0.0012010053
0.0011787754
0.001368431
0.0012934038
0.0012983549
0.001264838
0.0013590807
0.0015156411
0.0011970426
0.0015203027
0.0014914554
0.0010783859
0.0013645693
0.0013207478
0.001329872
0.0017490074
0.0014418475
0.0013312519
0.0016823623
0.0014959302
0.0016388338
0.0013474268
0.0015896047
0.0021156494
0.0014225555
0.0015300435
0.0016899243
0.0035203663
0.0014834388
0.0014627188
0.0011880457
0.0013065505
0.0013145996
0.0013744873
0.0014543191
0.0013005742
0.001324726
0.0014842749
0.0033592302
0.0013196655
0.0031405883
0.0017073503
0.0013431171
0.0061782743
0.0015102118
0.0057799686
0.0047360915
0.02251835
0.033147752
0.1488518
0.15573077
0.119778045
0.15750663
0.26039028
0.20719339
0.14343788
0.15256004
0.15429427
0.16690834
0.16172941
0.1865361
0.24981105
0.24637665
0.19211417
0.15830545
0.033886634
0.027570779
0.022512818
0.07572567
0.10808413
0.048750795
0.023768296
0.024590248
0.056842715
0.059451256
0.0481779
0.029568769
0.007538525
0.008438521
0.028624365
0.025191193
0.015957259
0.008671186
0.004947372
0.0027950457
0.001680786
0.0014902279
0.0012035967
0.0013918706
0.0012311365
0.0012168096
0.0012600415
0.0011646808
0.0013997969
0.0012335487
0.0013815402
0.0029791966
0.0014186125
0.0013691089
0.0013178102
0.0012236751
0.0012012648
0.0013075146
0.00130216
0.0014661211
0.001432072
0.0012356712
0.0011961875
0.0011737747
0.0012415783
0.0013111604
0.0011795276
0.0012911186
0.0012400942
0.0013057542
0.0014917464
0.0012316423
0.0019136759
0.0011821764
0.0010939244
0.0011089856
0.0011006317
0.0011957891
0.0013472617
0.0014517584
0.0011060942
0.0011552783
0.001242068
0.0012345645
0.0013098891
0.0011971088
0.0013112341
0.0013830349
0.0013767162
0.0012333073
0.0010575516
0.001164285
0.0012519477
0.0011258685
0.0012777424
0.0012478954
0.0011684708
0.0013465869
0.0013404237
0.0012491667
0.0013852671
0.0012394581
0.0014252989
0.0013445939
0.0012109663
0.0012617254
0.0012363422
0.00120409
0.0013706625
0.0013476657
0.0011528835
0.0011017267
0.0012427547
0.0012579779
0.001272419
0.0011520663
0.0012186278
0.001194148
0.0013604728
0.0011788196
0.0012997953
0.0011697487
0.0013625694
0.0014960254
0.001298746
0.0011060791
0.0013372916
0.0014326703
0.0011542758
0.0011916892
0.0011691613
0.0012126691
0.0014851964
0.0012141588
0.0011938392
0.0011562732
0.001257244
0.0011740496
0.0013144396
0.0013673505
0.001285193
0.0015648842
0.0012387672
0.0012580804
0.0012799206
0.0012585934
0.0013437587
0.0012001266
0.0011573834
0.0012327419
0.0013014101
0.0011985824
0.0012059212
0.0011754251
0.0012432148
0.0012404049
0.0011957109
0.0012658931
0.0012157793
0.0011284522
0.001154515
0.0012631702
0.0011995687
0.0014123286
0.0012369308
0.0013381322
0.0011886013
0.001446409
0.0015131267
0.0012309855
0.0014645844
0.0014865563
0.0012871993
0.0011647111
0.0013564511
0.0011421127
0.0011299147
0.0011689868
0.0012932328
0.0011581947
0.0011474334
0.0014586296
0.0012197933
0.0013420319
0.0013108981
0.0028399334
0.0016824232
0.0014295662
0.0013950183
0.001394232
0.0011754846
0.001287186
0.0013320404
0.001274204
0.0016039951
0.0012759196
0.0013192316
0.0013321136
0.0012709016
0.0014481515
0.0013577911
0.0017779554
0.0016238551
0.0017976137
0.090681694
0.11054437
0.046717826
0.012337756
0.010086974
0.005695304
0.0014236053
0.0014094515
0.21682294
0.1444143
0.16322534
0.27108422
0.20656176
0.1854506
0.11380243
0.10050259
0.1332884
0.14800544
0.14524955
0.01353053
0.013353431
0.12228107
0.14278848
0.1431064
0.13199162
0.04731953
0.10833955
0.1372449
0.09978787
0.07660853
0.027220996
0.10404591
0.11462897
0.09982474
0.05005693
0.10192038
0.11547234
0.12244281
0.10710336
0.02086921
0.019640543
0.074379176
0.09521902
0.09099667
0.054680437
0.057894744
0.048346937
0.021653088
0.033472084
0.036536254
0.03514837
0.029863395
0.09449067
0.10368603
0.13631245
0.13114937
0.11619334
0.11117838
0.015499889
0.022255449
0.021920176
0.094012715
0.11026946
0.10354063
0.08085259
0.0635223
0.031151528
0.06391798
0.06253238
0.064122245
0.06292638
0.04567514
0.01755135
0.017923906
0.03644041
0.019162215
0.0143466685
0.0066150655
0.0023835085
0.001450018
0.0013866043
0.0014072302
0.0021080836
0.0014824745
0.0016751251
0.001266274
0.0019567409
0.002205282
0.0020586494
0.001640781
0.0013810351
0.0014936755
0.0014880905
0.0014195063
0.0012734082
0.0013939291
0.0013420954
0.0014987589
0.0013806069
0.0013982883
0.0014393306
0.0014868153
0.001410507
0.0014834935
0.0013304651
0.0013849078
0.0013619391
0.1484264
0.13032192
0.091017656
0.01071024
0.013697572
0.005341471
0.0021395267
0.01931225
0.2138076
0.19267859
0.20299989
0.22766605
0.24186014
0.21283089
0.17487153
0.14657226
0.10663829
0.09548365
0.07086125
0.04635523
0.046544828
0.06139321
0.10508091
0.12038865
0.13119902
0.12600556
0.10685188
0.11191471
0.109220184
0.029634127
0.008451275
0.0075375186
0.133254
0.14104293
0.16255355
0.2280743
0.20598525
0.17162776
0.12255795
0.11473176
0.18702835
0.17522359
0.103443176
0.017176367
0.02614428
0.018342894
0.09665075
0.10880521
0.11624044
0.08523935
0.03768699
0.014898304
0.0026270112
0.13689062
0.1447576
0.14432201
0.1163836
0.084074795
0.1179997
0.11601958
0.08151536
0.03129357
0.032921787
0.09751225
0.11985355
0.09233776
0.04595758
0.06763939
0.115463905
0.10745542
0.0882671
0.015618856
0.010787153
0.059072472
0.058591697
0.053642888
0.0547965
0.068350896
0.04493033
0.0314392
0.032897446
0.016753053
0.034490667
0.034009654
0.027552105
0.07541239
0.07788298
0.07557311
0.0645671
0.027542517
0.016882379
0.013339748
0.014333754
0.09368538
0.11192846
0.093556285
0.077645145
0.04278859
0.06814513
0.09097601
0.07794516
0.07725346
0.01889766
0.012646225
0.012197624
0.009278236
0.0020974227
0.0017023066
0.0017228543
0.0019023248
0.0027244156
0.0016471661
0.001573542
0.0013723341
0.001628748
0.003316245
0.0018654243
0.0012812038
0.0012671966
0.0010828979
0.0014445642
0.0011624068
0.0013459104
0.0012749529
0.0013367588
0.0013775666
0.0012432014
0.0014153817
0.0015279413
0.001236982
0.0013611496
0.0013865421
0.0013889692
0.0012254091
0.0013103226
0.0012804809
0.0014050499
0.0011930655
0.0012756049
0.0013947407
0.0013504481
0.0014906919
0.0012557626
0.0012382125
0.0014163255
0.0013156682
0.001248979
0.0011515209
0.0011274976
0.0013135357
0.0011076455
0.0012705197
0.0013264823
0.0012950096
0.0012656368
0.0012940691
0.0011554545
0.0013122994
0.0027617742
0.0012461863
0.0015407695
0.0011760979
0.0012980704
0.0014623974
0.0012762838
0.0014720712
0.001368684
0.001600416
0.0012416382
0.04135366
0.15351576
0.11621912
0.014655067
0.006610317
0.0032628363
0.01684062
0.20998017
0.19948904
0.18959287
0.25009868
0.25426796
0.1921746
0.21200918
0.17727703
0.08880014
0.08529569
0.071523145
0.05491214
0.040538732
0.05848548
0.090969704
0.12218898
0.12212494
0.11910318
0.09479766
0.095575176
0.07957356
0.056358438
0.012896154
0.009591836
0.0057818023
0.0027929298
0.0015177758
0.0016384762
0.0021644963
0.0020543674
0.0011684839
0.0013384431
0.0013492854
0.0013856076
0.0011986451
0.0014870575
0.0012307322
0.0012293054
0.0012666977
0.0010122978
0.0011646556
0.0011882992
0.0011761992
0.0011974224
0.0012003419
0.0012815633
0.0010766452
0.0015287492
0.0013392968
0.0012813164
0.0013124101
0.0011279966
0.0011846304
0.0013101149
0.0012588048
0.0011742653
0.0012747216
0.0012937157
0.0013144528
0.0011167612
0.0010071875
0.0014905388
0.0013812991
0.0015950674
0.0014939103
0.0012358802
0.0012397189
0.0015013948
0.0011151716
0.001154206
0.0011874273
0.0012109409
0.0011393209
0.001149917
0.0011596326
0.0012269808
0.0014165117
0.0011318501
0.0011723649
0.0014103422
0.0011137316
0.0010316207
0.0011601441
0.0010554262
0.0011373003
0.0012180324
0.0012635533
0.0013505856
0.0012394356
0.001330976
0.0012065845
0.0011878569
0.0013857434
0.001162098
0.0014876465
0.0012549746
0.0012963591
0.0014196718
0.0014842983
0.0015418582
0.0017591984
0.001884751
0.0020061876
0.0033209631
0.002042104
0.09577133
0.14584304
0.062434055
0.007866008
0.005864838
0.0024963764
0.034553647
0.3149424
0.30264753
0.2757062
0.26155555
0.18763591
0.21461356
0.2082417
0.075305924
0.10532352
0.1686178
0.16818543
0.11106091
0.033735685
0.0040440606
0.023752097
0.024084171
0.044848785
0.1229694
0.1173887
0.10750423
0.10137843
0.09608778
0.06921675
0.025781833
0.008635724
0.004672422
0.11029532
0.11179488
0.12093349
0.11003507
0.11948563
0.092983074
0.06707554
0.11400003
0.13815288
0.12606248
0.022483304
0.005219311
0.009877731
0.10422115
0.107106045
0.12576438
0.11011537
0.05026857
0.03921147
0.076038435
0.085735664
0.082553394
0.05216728
0.02560925
0.023795256
0.016963024
0.009049914
0.0043377746
0.0032542972
0.0016421822
0.0018896686
0.0016162425
0.008016365
0.0023742234
0.0017856271
0.001355052
0.0013688754
0.0012679619
0.0012862288
0.001313182
0.0012588648
0.0013650178
0.0012377474
0.0011594961
0.0012044747
0.0013660489
0.0011953047
0.0013046667
0.001370559
0.0012866616
0.0012039042
0.0011301361
0.0011960885
0.00130424
0.001441154
0.0014423674
0.0013932327
0.0013884025
0.0011969935
0.001268977
0.0013310455
0.0012283573
0.0027154835
0.0015471815
0.0013655538
0.0013562252
0.0012478846
0.0013519367
0.0013283407
0.0013217799
0.0019704842
0.0013787628
0.0014132031
0.002848351
0.0013344085
0.0015717957
0.0012860986
0.0014759194
0.0012610441
0.0014456935
0.0014493397
0.0012437322
0.0016669404
0.0014384739
0.0011893176
0.001435803
0.0014255124
0.0013682239
0.0011817337
0.0012404799
0.0014996545
0.0012533971
0.001294408
0.0012146889
0.0012545197
0.0013507651
0.0013104253
0.0013130668
0.0012407964
0.0015855128
0.0014917555
0.0017109879
0.008597902
0.00461112
0.004128755
0.1653399
0.1026337
0.015830815
0.01303273
0.0047619836
0.0024664998
0.13054647
0.13897365
0.199045
0.09095343
0.1469229
0.17779826
0.13468629
0.24961051
0.28906056
0.14329728
0.20534672
0.20251924
0.104527175
0.05632028
0.019524975
0.010839325
0.1319236
0.20373571
0.20121734
0.10771417
0.047638495
0.1501996
0.136469
0.12239612
0.050308194
0.032421857
0.013025417
0.004688792
0.0026373756
0.0014770998
0.108680986
0.109295785
0.10373019
0.06857128
0.1130562
0.24223281
0.17673789
0.12066099
0.016155072
0.02396182
0.116123125
0.13001472
0.113530286
0.08607441
0.095203556
0.063173644
0.039200574
0.04559375
0.037429255
0.10387871
0.13055968
0.12265271
0.099287905
0.05575395
0.005703168
0.036582384
0.016584402
0.026844028
0.09529314
0.11797118
0.11668095
0.07918501
0.03962464
0.08306543
0.09328194
0.11001351
0.07366294
0.0352358
0.037966054
0.04293211
0.040338904
0.03675603
0.02611549
0.013818565
0.0024539044
0.0016251899
0.0014080174
0.0014798075
0.0013267027
0.0011873263
0.0015033121
0.001357901
0.0013530178
0.001186572
0.0011893697
0.0014898478
0.0013663915
0.0011923662
0.001230153
0.0012971058
0.001375368
0.0012670829
0.0012927647
0.0010081264
0.0012250289
0.001466619
0.0013968869
0.0014616944
0.0014206886
0.0013032013
0.0012788064
0.0012408405
0.0011580635
0.0012707504
0.0011857798
0.0012609742
0.0013236179
0.0011067127
0.0012661886
0.001356516
0.0011743429
0.0013579963
0.0012865403
0.0013657662
0.001136906
0.0011832457
0.0012629568
0.0015344112
0.0013903999
0.0014268627
0.0014159541
0.0021178161
0.040060315
0.044909634
0.023469694
0.0035268061
0.047283966
0.10567691
0.13919166
0.13627139
0.11551293
0.095924936
0.0666168
0.08094637
0.076529756
0.07488717
0.03866059
0.014377982
0.005245143
0.07283614
0.07770024
0.067580536
0.022468025
0.0560046
0.05388266
0.028457146
0.017970368
0.061511803
0.06282908
0.030819733
0.059738245
0.045696206
0.005492304
0.044920545
0.046924848
0.04047269
0.027344706
0.008507055
0.008707952
0.039700337
0.041930802
0.02944332
0.008517084
0.0052860347
0.036380615
0.04608604
0.037408642
0.030206464
0.018933043
0.02954507
0.022256909
0.016871128
0.011249513
0.0032825058
0.0016807248
0.0010837513
0.0013417697
0.0013268056
0.0015858717
0.010196764
0.0023319263
0.002426826
0.001454383
0.0014490122
0.00130192
0.0014195571
0.0014812282
0.0013737233
0.001325791
0.0011960524
0.0012128606
0.002383277
0.0013034766
0.0019845576
0.0013229363
0.0013700675
0.0014303473
0.0011181362
0.0012564337
0.0013556994
0.0012212532
0.0015276904
0.001549749
0.0015073813
0.0014159966
0.0013891696
0.0012616635
0.0013344344
0.0012652501
0.0012875452
0.0012687467
0.0012659522
0.0013664201
0.0014388722
0.0014551824
0.0014300367
0.0014523009
0.0015679377
0.0015032884
0.0016016774
0.001498396
0.0014906708
0.001709456
0.001291929
0.0016554535
0.0012743383
0.0013582901
0.0011408324
0.0013455732
0.0012195603
0.0013411503
0.0015039226
0.0011482165
0.0012531976
0.0012020656
0.0014181838
0.0013201849
0.005124299
0.001451701
0.0013587254
0.010661731
0.0025608125
0.0013643312
0.10845173
0.12888338
0.037356943
0.011111394
0.023816608
0.017152468
0.002187661
0.013367038
0.2902189
0.23977934
0.21012595
0.2076327
0.16379297
0.09461735
0.104570076
0.15706633
0.12676772
0.01517513
0.007579266
0.11521423
0.14298952
0.1174878
0.11678949
0.04235145
0.10025519
0.11033739
0.08974372
0.022626359
0.09236704
0.1466987
0.11360203
0.08101951
0.07353638
0.10172509
0.119302005
0.09795776
0.009354987
0.01999408
0.1232832
0.12572616
0.071316
0.09747775
0.08897123
0.028010685
0.028883057
0.028699543
0.08279041
0.098377325
0.101434246
0.07925571
0.042492818
0.003916127
0.04713028
0.011354018
0.063578926
0.101646416
0.095595844
0.089602165
0.031281054
0.021305166
0.11428084
0.123440295
0.11622901
0.076539546
0.020156415
0.02581001
0.026670054
0.02385746
0.013957423
0.006063997
0.002076916
0.0014682707
0.0012990923
0.0012406012
0.0012357355
0.001127261
0.0012220414
0.0014439783
0.001257144
0.0012592407
0.0012916741
0.0013782021
0.0014086908
0.0012438338
0.0012560702
0.0013911388
0.0012167176
0.0011635473
0.0012092817
0.001269503
0.0011930101
0.0011143752
0.0013187146
0.0014485961
0.0011598265
0.0014568635
0.0011959346
0.0010508272
0.001306863
0.0012495905
0.0013072395
0.0014351384
0.0012715744
0.0011753117
0.0012269454
0.0011525844
0.0011671478
0.0013333783
0.0012090636
0.0013426607
0.0014488721
0.0012288813
0.0012124286
0.001281082
0.0013392421
0.0013595223
0.0013594972
0.001207317
0.00118562
0.0011777221
0.0012628654
0.0012216443
0.0014172664
0.0012528657
0.0012062426
0.0011073946
0.0011232324
0.0012394688
0.0011410009
0.0012221228
0.0012251987
0.0014436133
0.0014552276
0.0013820969
0.0013803786
0.0015091432
0.0012925982
0.0016657119
0.0016443988
0.0016178169
0.0014718105
0.0013010012
0.0013353223
0.0015048746
0.0015058063
0.0014284014
0.0011803297
0.0031979831
0.0014779747
0.0012981435
0.0014195313
0.0013345332
0.0013942427
0.0013056393
0.0012197283
0.0016688277
0.0012557445
0.0012817003
0.0013655324
0.0012980525
0.0013630121
0.0012563578
0.0015273014
0.0013976697
0.0014196229
0.0013933601
0.0013415553
0.0025829943
0.0012923591
0.001341474
0.0052187415
0.0012041831
0.001159997
0.0014308225
0.0014423515
0.0014194383
0.0014822063
0.0016890939
0.0014478824
0.001526894
0.0014692495
0.0012219872
0.0012741615
0.0012862509
0.0013874894
0.0015843457
0.082080185
0.10938543
0.057773713
0.0106366575
0.007284598
0.002638048
0.0019542838
0.1673366
0.27950567
0.24390921
0.29921603
0.2571694
0.17303552
0.1059388
0.16752593
0.15800351
0.03499246
0.007130277
0.109295405
0.099767946
0.101612
0.09857549
0.08435063
0.06883393
0.05185125
0.04487918
0.038196895
0.030635342
0.023710724
0.024644425
0.030749543
0.04884676
0.047866825
0.042582564
0.02804535
0.0037657754
0.0024583237
0.0015552874
0.0017331303
0.0015822637
0.0013815897
0.0015037971
0.0014335897
0.0017444992
0.0015359442
0.0016630203
0.0015531958
0.0015485757
0.0014126896
0.0015875924
0.0013150533
0.0015282904
0.001437575
0.001230607
0.0012385343
0.0013236651
0.0012820535
0.0012132114
0.0013647975
0.0013835294
0.001112921
0.0012002534
0.0012378071
0.0013710547
0.0013483347
0.0011820088
0.0014863315
0.0013206116
0.0014375763
0.0012282989
0.0010968534
0.0012735901
0.0011243989
0.0012594077
0.0012024574
0.0012515023
0.0012633835
0.0011975692
0.0012460954
0.0013189802
0.0013599568
0.0013845221
0.0012975953
0.0014286279
0.0012331936
0.0012414699
0.0015458199
0.0014556085
0.0012441216
0.0013188368
0.0013233171
0.0012648056
0.0013996022
0.0013848706
0.0013884875
0.001366527
0.0014679091
0.0010545525
0.0012843938
0.0014879555
0.0011913171
0.0011106917
0.0013812388
0.0011970222
0.0013222828
0.0011184975
0.0012248483
0.0012340614
0.0013084229
0.0011841741
0.0013358461
0.001141959
0.0013410264
0.0013460193
0.0013703546
0.0013303082
0.0012471417
0.0011326319
0.001357041
0.0012466533
0.0012194664
0.0012004896
0.00128993
0.0012748868
0.0014501266
0.001347385
0.0016437642
0.0014203781
0.011478147
0.0039731176
0.0016443253
0.0013029575
0.0013756432
0.001355857
0.0011528655
0.0010690856
0.001236654
0.0053254846
0.038991142
0.024537455
0.0060750726
0.0019208577
0.001591148
0.0016796008
0.0012966357
0.02045785
0.035279457
0.12369571
0.123044536
0.070764534
0.050751716
0.017330147
0.019698706
0.00643167
0.0012155543
0.001423888
0.0017322918
0.0015525351
0.0010518952
0.0017865476
0.0019525057
0.010984452
0.005863812
0.01348686
0.008019349
0.007010978
0.005373768
0.0051497407
0.00527231
0.004215279
0.004466036
0.0033635693
0.0040219133
0.0026837492
0.0028951776
0.005683047
0.0018753168
0.0018554352
0.0012506618
0.001324263
0.0060290084
0.0014044569
0.0015461396
0.0014216454
0.0015659538
0.0021664214
0.002079024
0.0021272358
0.0018046107
0.0015147519
0.001826586
0.0021543044
0.0016393759
0.0017568903
0.0014705567
0.0017338394
0.001287901
0.001489117
0.0014009763
0.01317001
0.014115138
0.0019194024
0.0020279242
0.0015741242
0.0011538944
0.0015127808
0.0015033546
0.0016469039
0.0011139819
0.0012262962
0.0011501503
0.008126455
0.0013418522
0.0011706357
0.0015201609
0.0012445174
0.0011382989
0.0014364343
0.0012010509
0.0014062946
0.0013546798
0.0012494614
0.0013553232
0.0010758867
0.0057366765
0.008552283
0.03183955
0.026051827
0.015334462
0.006664026
0.0048411633
0.0055247582
0.0038744295
0.00423162
0.0023778684
0.002229411
0.0021141805
0.0026764732
0.004249099
0.0013746507
0.0013559662
0.001259105
0.0012831058
0.0012750413
0.0015004523
0.0012633284
0.0013394722
0.001869457
0.0013633443
0.0012461259
0.0019415302
0.0013158259
0.0012818325
0.0012877882
0.0015156576
0.0013781586
0.0014411276
0.0015832289
0.0016720548
0.0014680225
0.0012947835
0.006372995
0.008300988
0.002421726
0.0022505424
0.002103617
0.0019445802
0.0017508321
0.0016285883
0.0014905736
0.0018928642
0.0014335025
0.001327409
0.0015369626
0.0030471955
0.0014203027
0.0013393229
0.0054397797
0.0040613115
0.0016410433
0.0021179
0.0020588653
0.0016075164
0.0014862416
0.0012392624
0.0013404231
0.0011994378
0.0012577574
0.0024364826
0.0012583511
0.0011949112
0.0013762899
0.001091292
0.0012215788
0.0019891127
0.0013554705
0.0016132155
0.0013007376
0.001267732
0.0012909982
0.0012865467
0.0019116158
0.0013776603
0.002537063
0.0013375178
0.0012706758
0.0014821255
0.0048363777
0.0016775454
0.0014636485
0.0013385054
0.009853554
0.004025393
0.0018220588
0.0015674427
0.0017024442
0.0016542379
0.0020725382
0.0018479786
0.08322322
0.18785492
0.13372499
0.054001436
0.024821306
0.013948192
0.003859791
0.0150598
0.19665045
0.19109207
0.23091039
0.26296976
0.19170089
0.18108964
0.12780401
0.20236246
0.18564956
0.20487149
0.02193886
0.04092906
0.15334256
0.14539292
0.12391325
0.0867494
0.015859574
0.024176419
0.019160815
0.004104331
0.0024373597
0.0015891324
0.0015186324
0.0020560701
0.0017199228
0.0029231654
0.001247579
0.0011146158
0.0013115132
0.0013630241
0.001788586
0.0016069906
0.001197074
0.0015342933
0.005504053
0.0020616618
0.0016525415
0.007269382
0.0014660893
0.0015847149
0.015627872
0.12669213
0.09921557
0.016318554
0.012100154
0.0059040044
0.0027764398
0.0046412223
0.17904614
0.1988581
0.20297404
0.22657385
0.24184436
0.17993182
0.14475611
0.17068276
0.19068044
0.19062506
0.021892028
0.117836244
0.20727278
0.21181743
0.14200757
0.03929027
0.14367488
0.1719726
0.1249797
0.062148947
0.022995377
0.07357865
0.086039744
0.015525753
0.0053170617
0.14300467
0.17362131
0.11602355
0.116035156
0.03523437
0.006299239
0.012036996
0.16150786
0.16442159
0.12093072
0.16652964
0.16571309
0.12358742
0.07874272
0.08182219
0.070045546
0.037251785
0.042471096
0.03296621
0.10122888
0.10337219
0.09761393
0.07412148
0.037532754
0.0051517654
0.037393473
0.025711562
0.120434895
0.12483484
0.104930356
0.09693855
0.045930963
0.031662844
0.11740889
0.088556334
0.08788497
0.047643766
0.03281471
0.026446786
0.02067059
0.018293086
0.010587415
0.005700268
0.0018073252
0.0016075856
0.0014238482
0.0015495638
0.0013329416
0.0014648091
0.0013340572
0.0011771674
0.0013542271
0.0015495878
0.0012339759
0.0014131898
0.0011206667
0.0012615776
0.0012984955
0.0013026004
0.0012533962
0.0012964736
0.0012248476
0.0017028204
0.0014816164
0.0017307486
0.0013275968
0.0013789199
0.0015409221
0.0013776093
0.0012981222
0.001281486
0.0012050908
0.0013356085
0.0014531008
0.0013196926
0.0020185572
0.003339319
0.0017259474
0.0013510481
0.0011516011
0.001328152
0.0014368893
0.0015701056
0.001535694
0.0012126209
0.0013794743
0.0013119022
0.0011074389
0.0012602351
0.0016047651
0.0011183011
0.0012964681
0.0014934675
0.0013491426
0.0012496124
0.0012475894
0.0012344288
0.0012403287
0.0014921093
0.0014576638
0.0012844169
0.0012582062
0.0011924421
0.0015338522
0.0014768838
0.0013382165
0.0012718623
0.0013017652
0.0014363088
0.0015691137
0.0015780226
0.0012701178
0.0011758462
0.001405157
0.0014239544
0.0013709533
0.0012940723
0.0012337834
0.0015198633
0.0014679618
0.001522929
0.0012728578
0.0012117273
0.0013887895
0.0012070792
0.0013012857
0.0013246073
0.0011674733
0.0014059416
0.0010788983
0.001243673
0.0011433105
0.0013059607
0.0012462237
0.0014142352
0.0012509841
0.0014341595
0.0012308497
0.0012130357
0.0014997037
0.0013750377
0.001297228
0.0012323721
0.0012853971
0.001314634
0.0012528735
0.0011773647
0.0012973904
0.0011795507
0.001444977
0.0014354517
0.0013296484
0.0014321293
0.0011828203
0.001229393
0.0012576749
0.0012993035
0.0012967661
0.0013291525
0.0020041924
0.0018497423
0.0012928941
0.0011619583
0.0010743038
0.0013467913
0.0013503351
0.0011395329
0.006854605
0.0017038715
0.001428481
0.001259972
0.010740658
0.0029383707
0.0016475732
0.0018926723
0.001587613
0.0018219342
0.0013803259
0.0014285762
0.0014933306
0.0016495243
0.0016884061
0.0013364586
0.09875187
0.1464
0.11719465
0.04187195
0.0075809113
0.0051648673
0.0023686932
0.14787236
0.16550948
0.1731198
0.17833343
0.20048334
0.19879758
0.1248592
0.09285615
0.17793237
0.18293484
0.13504028
0.013237068
0.13249138
0.17541389
0.13863224
0.13067935
0.042575084
0.12039664
0.15496777
0.08042501
0.04758637
0.02420927
0.09127847
0.073107116
0.007972699
0.025645377
0.104273476
0.07955911
0.14953521
0.12688659
0.018462809
0.006227281
0.15171099
0.14730635
0.08030797
0.0828077
0.10972159
0.12038878
0.07749607
0.06574692
0.038509514
0.03513393
0.027884046
0.092655756
0.09042137
0.0903811
0.06787153
0.024319282
0.026051885
0.047986973
0.050377198
0.09609665
0.11456446
0.10253253
0.08121168
0.05772022
0.019432357
0.079361156
0.07560148
0.07589608
0.06980921
0.02057581
0.022620188
0.023958888
0.016707797
0.01060664
0.0029504553
0.0018732628
0.0016808049
0.0015078341
0.0014402005
0.0012552203
0.0013020204
0.001195041
0.0012842526
0.0015254254
0.0013574671
0.0012682201
0.0012250909
0.0012778412
0.0011976485
0.0014355483
0.0011628919
0.0013996469
0.0016680537
0.0012631215
0.001366297
0.001275742
0.0012254404
0.011704439
0.025522215
0.04013107
0.08613099
0.23901047
0.21444345
0.20873465
0.22654612
0.21752477
0.17455885
0.1094265
0.16355424
0.19386688
0.1760113
0.04305315
0.040433735
0.02361825
0.13705748
0.1554434
0.14993341
0.13359405
0.11551828
0.099483185
0.14912924
0.16194949
0.17670152
0.14478543
0.022084508
0.009803074
0.09427848
0.08731195
0.055130534
0.020837573
0.06785495
0.035121564
0.09480019
0.12803389
0.106480934
0.086895265
0.09202479
0.09515531
0.08344072
0.09490717
0.06853873
0.025398917
0.016935932
0.023731561
0.011490068
0.016703706
0.081573956
0.10082821
0.080404155
0.07540341
0.06482689
0.040397506
0.048827846
0.06099724
0.02424896
0.010366178
0.003036287
0.00568654
0.0066321795
0.0067839683
0.005394658
0.0040583643
0.0022699705
0.0018187314
0.0012210854
0.001243339
0.0013177061
0.0013786944
0.0013133181
0.0012920133
0.001344076
0.001413227
0.0013075442
0.0064273835
0.0057739425
0.0022076445
0.0017619242
0.0013969319
0.0014094111
0.0016604126
0.0015308473
0.0018696113
0.0016545372
0.0014364757
0.0013813991
0.0013328148
0.0013564872
0.001241414
0.0012204554
0.0012413202
0.0012816144
0.0014881551
0.0012810155
0.001306274
0.0011055863
0.0011939758
0.00109304
0.0012007739
0.0012741694
0.0011868885
0.0013730028
0.001166267
0.0011186816
0.001365476
0.001119185
0.0012413943
0.001171515
0.0012858716
0.0010721255
0.0011763895
0.0011243529
0.001357454
0.001239001
0.0014403936
0.0012186494
0.001308348
0.0011895241
0.0013546288
0.0010972837
0.0011476194
0.0012508398
0.0011860268
0.0011642504
0.001413716
0.0012589308
0.0011032777
0.0010051214
0.0010369341
0.0012289049
0.0011577015
0.0013097558
0.0012034782
0.0011807034
0.0012603959
0.0012226646
0.0012695891
0.0012300203
0.0013392667
0.0012795886
0.0011643986
0.0012864689
0.0016166872
0.0014651613
0.0015878651
0.0017830977
0.0014884074
0.001334075
0.0013655343
0.0011614938
0.0012910488
0.0015209515
0.001186794
0.0013821608
0.001459893
0.0014087396
0.001480503
0.0010853979
0.0012705493
0.0011802098
0.0012186912
0.0014230374
0.0014283897
0.0015917078
0.0012312307
0.0013073238
0.0013825252
0.0014509175
0.0013284022
0.00145868
0.001137315
0.0017896653
0.0013025219
0.004315673
0.0015285717
0.0019566724
0.0032985418
0.0012442017
0.001167339
0.0014799669
0.0011012633
0.0011427961
0.0013460426
0.0014720246
0.12416083
0.10045477
0.013651165
0.0067215767
0.020036405
0.0030490665
0.0016137343
0.2024007
0.20906964
0.22648032
0.24000226
0.2727102
0.21765146
0.18870461
0.13908096
0.16476813
0.16520944
0.14265986
0.03362464
0.108815506
0.1453215
0.15355532
0.14333002
0.06396112
0.10398774
0.13006483
0.101977475
0.060441416
0.02522079
0.069414675
0.08669486
0.09208335
0.1488148
0.15942355
0.16186826
0.13911268
0.15695718
0.06730871
0.009159491
0.11112676
0.14335585
0.12553087
0.09054366
0.08250045
0.08392879
0.0505005
0.064528495
0.0503426
0.031057592
0.037681106
0.029120427
0.07474372
0.086743236
0.061849147
0.051549565
0.024854314
0.0075476733
0.029674955
0.013113028
0.07714145
0.08979391
0.04981568
0.03976928
0.018541668
0.10206009
0.11109386
0.089824885
0.052378487
0.023951504
0.026847836
0.024333593
0.020023076
0.016058054
0.0052058995
0.002788084
0.0016043942
0.0016740486
0.0013901556
0.0014011915
0.001225313
0.0011703693
0.0014569869
0.0012985703
0.0012637986
0.0013442867
0.0015193701
0.0012567408
0.0016103106
0.0015914231
0.001580035
0.0015315372
0.0016186527
0.0015063476
0.0014709893
0.0014185368
0.0014601256
0.0016073664
0.0015592055
0.0015165587
0.0013379686
0.0015421017
0.0011774028
0.0013792762
0.0015521363
0.001173567
0.008575424
0.035623454
0.051249422
0.11274573
0.2316702
0.22633374
0.24985316
0.16040711
0.17795633
0.2180084
0.22634643
0.1838808
0.12757842
0.15544745
0.14406739
0.15404622
0.13480514
0.028267613
0.03503464
0.17374118
0.26332644
0.27388906
0.062781446
0.016373456
0.006820676
0.08173351
0.12745236
0.13649112
0.10285522
0.041124094
0.043302733
0.04076545
0.052082032
0.048776243
0.01607792
0.0125061115
0.012538532
0.010375381
0.0058896146
0.0758616
0.0732761
0.05592723
0.04970216
0.037990306
0.028637443
0.019801255
0.028846528
0.015190286
0.0038999869
0.0041704085
0.0049423985
0.0063810945
0.0058872392
0.0043897894
0.0025533782
0.002054153
0.0014443788
0.0012526116
0.0011833784
0.0012076958
0.0012788512
0.0012626885
0.001282638
0.0014156478
0.0011949139
0.0010799282
0.0012545137
0.0013828956
0.0012790825
0.001329273
0.0021793703
0.0014513372
0.018415779
0.03815702
0.05910335
0.04521682
0.04008779
0.0833192
0.15118054
0.2035343
0.19408226
0.095264524
0.058249317
0.08495665
0.09679019
0.055612408
0.06993321
0.087478995
0.08897817
0.079338804
0.024850849
0.01703799
0.02455264
0.040746298
0.03422498
0.03286727
0.022056738
0.008544944
0.007276862
0.009687632
0.031504087
0.03273931
0.023417069
0.018507985
0.014679811
0.008451539
0.003282731
0.0027784435
0.0027995533
0.0018989227
0.0030316466
0.0017061932
0.0016229427
0.0014791868
0.0017027522
0.0012623112
0.0014917928
0.0019908028
0.0014128294
0.001340808
0.001463817
0.0011739096
0.0045598424
0.0015677984
0.0014576351
0.001231704
0.0013063371
0.0012459772
0.008728409
0.0028059653
0.0016902515
0.0015039374
0.00151415
0.0013556174
0.0015069562
0.001682088
0.001666316
0.0017196219
0.0016929712
0.002002961
0.0016042738
0.0015789014
0.0013895268
0.0015617637
0.0011979834
0.004209704
0.11577651
0.109780364
0.014411788
0.029328683
0.0039011873
0.0043811924
0.26631904
0.2525049
0.23746964
0.30420506
0.29006347
0.14760226
0.113385774
0.16988157
0.17234753
0.17811894
0.043298252
0.014414026
0.15168832
0.18183695
0.14686212
0.12333775
0.06118193
0.11249839
0.1222363
0.088804156
0.06817169
0.018021697
0.016993081
0.011572306
0.0059602875
0.0040246323
0.0030249786
0.0012578693
0.001570489
0.0017639194
0.0014140484
0.001463711
0.0014386275
0.0014480915
0.0013507702
0.0018612866
0.0014150784
0.0013845532
0.001275793
0.0014400902
0.0014601327
0.001620503
0.0013939523
0.0012084268
0.0013072704
0.0012296068
0.0012643505
0.0013993803
0.0042449725
0.115455806
0.10395382
0.038710523
0.017997408
0.0026941516
0.002331118
0.09182617
0.19705866
0.18061611
0.24830948
0.24532068
0.1945402
0.20363694
0.12813152
0.16372435
0.1576876
0.14232668
0.046366412
0.020646626
0.12631956
0.179222
0.15757218
0.11028384
0.04048974
0.09124093
0.10318695
0.087836705
0.05564251
0.024933154
0.08461392
0.10173311
0.094676964
0.009836293
0.015217496
0.1194369
0.13198116
0.14642403
0.1703294
0.08834998
0.015596415
0.0075572007
0.1414813
0.19896755
0.13597088
0.105767876
0.106992766
0.09171749
0.05603587
0.06728701
0.066661455
0.04167343
0.028510932
0.028891824
0.08753015
0.0936845
0.08958337
0.055644687
0.025870124
0.009151862
0.027292917
0.020673659
0.11632491
0.099201545
0.07927792
0.05450364
0.045409948
0.07291276
0.15786622
0.11700928
0.09769392
0.07571892
0.024333991
0.0262478
0.025784558
0.027865611
0.016775958
0.008818465
0.002691538
0.001571675
0.00130655
0.0011361233
0.0012149526
0.0013279255
0.0014137862
0.0017364791
0.0015550486
0.0015789345
0.0014718089
0.0016755022
0.0017016588
0.0014460473
0.0016149826
0.0015742346
0.0017372373
0.0012954328
0.001118354
0.0016999777
0.0013334659
0.0016198698
0.0012870171
0.0013573073
0.0012756054
0.0012444584
0.001646087
0.022731202
0.03684697
0.06944868
0.17667082
0.284083
0.2645561
0.25808004
0.26280084
0.19092266
0.22557399
0.19999063
0.10902005
0.13511012
0.14258613
0.15035883
0.121933945
0.014799811
0.012896642
0.16677584
0.18801562
0.16590887
0.1526068
0.1383251
0.06898898
0.094765
0.11052248
0.09975981
0.090182886
0.03243597
0.01149697
0.09478167
0.08507558
0.043258365
0.016452782
0.076942265
0.08343182
0.024182701
0.11086
0.10681696
0.07674902
0.029167555
0.06860163
0.05528955
0.057016402
0.06552041
0.07301655
0.02434995
0.01047425
0.012364488
0.008478148
0.06858502
0.06382206
0.051243708
0.04273946
0.033498995
0.032737467
0.028809194
0.026649013
0.034018606
0.031346258
0.023461366
0.021720774
0.014258323
0.009421667
0.0042992258
0.0025413195
0.0018645759
0.0015434137
0.0016001809
0.0017826731
0.0018723856
0.0020827705
0.0018584193
0.0074842162
0.0016530853
0.0012012117
0.0013901753
0.0015206587
0.0055779237
0.08012533
0.11876131
0.15312333
0.089962155
0.05457113
0.109224625
0.11030119
0.12858987
0.14513321
0.1324603
0.10521443
0.0520943
0.025716364
0.0757553
0.08264895
0.10170237
0.04498023
0.0065949745
0.018041687
0.049517367
0.03636317
0.035886977
0.030891923
0.033004258
0.016309945
0.012669936
0.009300687
0.033132203
0.03940856
0.027843093
0.018525613
0.019094383
0.010603121
0.0049531404
0.0020224352
0.002175558
0.0023118139
0.0012570784
0.002294513
0.0070904614
0.0030676608
0.0018706864
0.0015797733
0.0014020309
0.0015644468
0.0015592786
0.0012866384
0.0011713328
0.0013156033
0.001647964
0.0015289561
0.0012989416
0.0025850043
0.0012964609
0.0013181925
0.0012474956
0.0012286297
0.0012839922
0.0012371741
0.0012145104
0.0013820783
0.0013175522
0.0010258529
0.0011875601
0.0014284035
0.0012200547
0.0013107288
0.0015983282
0.0013330737
0.0012844623
0.0011419785
0.0012055419
0.0015117646
0.0010126444
0.0010838351
0.0038688672
0.0020109117
0.0011928969
0.001232379
0.0012611054
0.0012318488
0.0012836739
0.0011348474
0.0013251092
0.0011345587
0.0014401946
0.0014238368
0.0012982308
0.0014067342
0.0014959767
0.0013963595
0.0012693523
0.0015956784
0.009025913
0.0026578924
0.0016251861
0.0017645585
0.001379582
0.0018452534
0.0014562288
0.0013165695
0.0018167838
0.0017636264
0.0013473416
0.0017157606
0.0013459441
0.001109755
0.0011879641
0.0012751509
0.0013536053
0.0012180628
0.0012576146
0.0015221855
0.0011924775
0.0012230688
0.0013951053
0.0028302218
0.0034045647
0.0014025379
0.0012718226
0.001610715
0.0013877652
0.0015458222
0.0016190307
0.0012442466
0.0012946975
0.0014753101
0.0014396119
0.0014596212
0.0012367532
0.0014780661
0.0014256143
0.0051245373
0.0032110524
0.0015050919
0.001591449
0.001195453
0.0015389394
0.0016929697
0.0015086975
0.0014478596
0.0014520778
0.0016931749
0.0019027175
0.0020051922
0.001801177
0.0020260788
0.0023223464
0.0023325738
0.002738786
0.002815172
0.0023728092
0.0023887004
0.0030359698
0.0028922418
0.0028060277
0.003009154
0.0033578628
0.0038838622
0.0037842747
0.0032763423
0.0025197908
0.0026291222
0.0026573606
0.002794274
0.0025396545
0.002137773
0.0019135025
0.0017581362
0.0016981604
0.001663383
0.0010839654
0.0017676221
0.0024722614
0.00852273
0.03179187
0.045210924
0.056437455
0.065016925
0.062325172
0.042940363
0.031491626
0.03103653
0.018111644
0.018748429
0.015548812
0.008444388
0.0067214635
0.008156389
0.0060874033
0.0053576506
0.004725493
0.0043862024
0.0033795747
0.0025793868
0.0037148546
0.0021918688
0.0022307516
0.001980478
0.002001964
0.0018995153
0.0015034928
0.0013693356
0.0017415583
0.001609532
0.0015457493
0.0017517619
0.0017741194
0.0014186904
0.0016183513
0.0015092404
0.0015152725
0.0017005032
0.0013988233
0.0013248412
0.0025664906
0.0013760753
0.0016561128
0.0013034382
0.0066381874
0.009442904
0.009297873
0.0014851898
0.0017133128
0.0014525161
0.0013097785
0.001381872
0.001298594
0.0014163536
0.0011984
0.001290772
0.0013341416
0.11047566
0.101670794
0.027434492
0.0049267206
0.0052191922
0.0021553386
0.001750691
0.26210955
0.31191635
0.29336149
0.27232444
0.25187796
0.23603362
0.13433193
0.16352883
0.18376738
0.14926733
0.100538105
0.01413613
0.11964839
0.13723136
0.12191253
0.10369779
0.035604917
0.096677676
0.104749665
0.09010681
0.028407352
0.025972504
0.09023383
0.093353644
0.05692469
0.07910719
0.12856059
0.13249591
0.095887825
0.023743736
0.005956405
0.065032914
0.12016021
0.11600659
0.07836977
0.083554536
0.04141985
0.028524192
0.044369243
0.06659812
0.10341699
0.100726716
0.08779965
0.049080968
0.006120592
0.023156192
0.017403603
0.055796124
0.10970519
0.08822675
0.08002032
0.045901235
0.024433697
0.12648074
0.1228055
0.0729763
0.061001085
0.019898674
0.01571773
0.011258771
0.007264201
0.0036719572
0.0018653899
0.0013302069
0.0013716252
0.0014882705
0.0016575253
0.0060946303
0.0046817795
0.0019240795
0.0017682301
0.0017321452
0.0014472274
0.0013781199
0.0016228058
0.0016540071
0.0014770521
0.0023921886
0.0013278043
0.0014573903
0.0013502083
0.0016895469
0.001352837
0.001517417
0.0011618994
0.0012790249
0.0013127587
0.004591856
0.0016631469
0.001347434
0.0013087178
0.0017113783
0.0014887411
0.0018971974
0.0011671409
0.0012221071
0.0014117257
0.0011760246
0.09088261
0.04357321
0.008702929
0.0097411545
0.0019385586
0.0016652478
0.13489296
0.15678112
0.16407667
0.2881468
0.24138176
0.19547823
0.13295917
0.1664202
0.16607787
0.14394704
0.019565213
0.17361183
0.1890796
0.13954234
0.098930806
0.03827321
0.11360145
0.116224095
0.07028528
0.02988423
0.07907009
0.103326395
0.10426734
0.010784288
0.004782212
0.14023416
0.0929444
0.13922706
0.17199548
0.14166217
0.018022498
0.007562121
0.10313385
0.18934125
0.20026985
0.08463182
0.09298342
0.07686176
0.07875905
0.049738456
0.049586486
0.04465155
0.027556358
0.033196226
0.05314211
0.07253071
0.06037143
0.049537946
0.029431883
0.005279012
0.024898157
0.01400143
0.11556032
0.1190501
0.10200315
0.038974285
0.030620955
0.10145383
0.12840515
0.103432424
0.08461684
0.042399947
0.02559123
0.025850073
0.029167544
0.017806247
0.013005261
0.005578012
0.0028965601
0.001450846
0.0015528013
0.0013141665
0.0013175142
0.0012280414
0.0014416797
0.0013213279
0.0013158271
0.0012527065
0.0013771815
0.0015825037
0.001355207
0.001472142
0.0014116977
0.0011937146
0.001237497
0.0014548722
0.0013125221
0.0014092263
0.0011983629
0.0013771625
0.0012444409
0.0012405881
0.001392542
0.0014299896
0.0010625077
0.0011124182
0.0011861238
0.0013331764
0.019348597
0.04758949
0.09627385
0.22311537
0.2598105
0.19651306
0.19292906
0.18433693
0.20379287
0.16986305
0.12993301
0.14866416
0.12631653
0.1068055
0.08471199
0.13000762
0.12371721
0.11987146
0.032229695
0.006756632
0.07661676
0.081412435
0.07570269
0.021827
0.014866787
0.06831141
0.060380332
0.12463552
0.15393858
0.11557934
0.0724585
0.0872515
0.081276484
0.08191168
0.065081246
0.07542941
0.014377834
0.012351805
0.012801093
0.011594219
0.03008656
0.0731476
0.055174194
0.04182084
0.032471243
0.0278495
0.020890675
0.033557285
0.024774441
0.014127803
0.006940669
0.0075412393
0.009629015
0.010348765
0.007850867
0.004678519
0.0036501891
0.002791198
0.002153414
0.0013789472
0.0011768845
0.0014838238
0.0014936713
0.0013179925
0.0011497102
0.0012785074
0.0014901415
0.0014104462
0.0056264596
0.027673172
0.002917676
0.0018777285
0.0015235915
0.0014999099
0.001760537
0.0013130524
0.0013839484
0.0013063177
0.0013029026
0.0022569073
0.0012825713
0.0014404844
0.0015902792
0.0013144456
0.0047417074
0.0015825175
0.0012821493
0.0013328514
0.001379184
0.0032038763
0.0072067124
0.04175053
0.13228287
0.20249945
0.2344853
0.23099813
0.19685075
0.15567745
0.12808625
0.10560703
0.12867333
0.09092041
0.07733814
0.048111904
0.12286572
0.12952624
0.12060955
0.105371095
0.02445065
0.0066613094
0.067969985
0.062143445
0.050173715
0.04921697
0.05388428
0.042308997
0.009882043
0.011803929
0.008076441
0.050819743
0.046836123
0.04923515
0.03175909
0.019786593
0.025150713
0.017467821
0.010350926
0.006146272
0.002777362
0.002907704
0.001994545
0.0022317395
0.0018922047
0.0013170611
0.0012646664
0.0012390194
0.0012602111
0.0012202492
0.0012975578
0.0014917637
0.0011536854
0.0012514186
0.0014053001
0.0031347082
0.0012766637
0.0011307835
0.0012391696
0.0011880212
0.0018917983
0.0011788497
0.001913527
0.0011849186
0.0011244782
0.0012687282
0.012667345
0.0031951987
0.004528319
0.0016159394
0.002877832
0.0023251888
0.0025024165
0.001913546
0.0014598633
0.0014163199
0.0012523911
0.0013912731
0.0014815794
0.0012515135
0.00117409
0.0012565727
0.0012934208
0.0011526344
0.0012019665
0.0012537002
0.0014737059
0.0011352181
0.0012106848
0.0013781018
0.001391119
0.002113325
0.0023952601
0.0018626009
0.0047430107
0.0069353026
0.009055968
0.0068222396
0.005511087
0.0037749775
0.0029554889
0.0016785435
0.0015085933
0.001492877
0.0014159312
0.0013356998
0.0013394555
0.0014529763
0.0015724683
0.0012982839
0.0012455417
0.0013651053
0.0015690312
0.0015226125
0.0011837838
0.0013512346
0.0012281183
0.001593399
0.0012841445
0.0014860379
0.0014514572
0.0011060723
0.001215015
0.0012052421
0.005306938
0.0014154827
0.0013997799
0.0013773765
0.0016769633
0.0013098406
0.0014960072
0.0048009953
0.0022441687
0.009679751
0.08425624
0.069059834
0.014811057
0.0076652425
0.0031252904
0.0018580918
0.012323483
0.2925179
0.27124056
0.28896174
0.29244298
0.2556356
0.15014797
0.12407239
0.12717436
0.14483759
0.15158519
0.012878102
0.1253883
0.15796858
0.13181661
0.11944439
0.066498615
0.11641495
0.12451759
0.10492113
0.060890503
0.033211634
0.057486802
0.08575465
0.090463586
0.0945984
0.018575234
0.02234976
0.09467392
0.1286287
0.16964749
0.09197337
0.012043588
0.06189771
0.15048607
0.17894544
0.050630253
0.05284743
0.07245825
0.07477469
0.048822302
0.040764906
0.043085642
0.03225957
0.021295954
0.044214647
0.08515213
0.07344451
0.043676473
0.01157076
0.004336157
0.030937195
0.020429125
0.07349151
0.099438906
0.09811869
0.08335637
0.028633676
0.019483143
0.110979624
0.1335391
0.07976472
0.054975994
0.024406303
0.03224208
0.022058463
0.017115006
0.007286248
0.002468528
0.0014661438
0.0014410344
0.001542168
0.0011949237
0.0015995337
0.001629088
0.0015582787
0.001771305
0.0018079021
0.00179705
0.0016191931
0.0016478526
0.0013727841
0.0014931917
0.0015321472
0.001319842
0.0014878463
0.0012395937
0.0010665455
0.001251467
0.0014036642
0.0012875287
0.0014209009
0.0013475391
0.0013032499
0.0013984423
0.0010484329
0.0011695897
0.0013741016
0.0013699378
0.0013483635
0.0014088461
0.0010495096
0.001592532
0.0028660942
0.3267943
0.3922164
0.32573056
0.24847811
0.1734025
0.14954348
0.15726128
0.12683544
0.062918544
0.11733821
0.12300511
0.092437364
0.022828568
0.02025385
0.007384311
0.10001726
0.12813984
0.13803558
0.13267902
0.0713195
0.100088984
0.104180805
0.098175876
0.10070722
0.0072543877
0.015355433
0.06490058
0.058666892
0.05732108
0.053699058
0.054617293
0.024776476
0.012676646
0.0120425755
0.0073942617
0.07093341
0.085758746
0.05791855
0.04605255
0.04140203
0.03250946
0.023014452
0.035558373
0.032218
0.014069935
0.0061898134
0.0076145343
0.010232635
0.0074506816
0.005845119
0.0042244927
0.0020342742
0.0013094876
0.0015655946
0.0013156635
0.0013923261
0.0012854731
0.0016782423
0.0015203855
0.0016154124
0.0013507669
0.0020634176
0.0013728216
0.0014247475
0.0015121951
0.0017238726
0.0022214272
0.0013991016
0.0011693867
0.0013466612
0.0012788048
0.0014114097
0.0012853177
0.0012988169
0.0012680772
0.0014351658
0.0012607196
0.0013560451
0.0013830126
0.001235258
0.0015907394
0.0015810418
0.001137562
0.0013782948
0.001647919
0.0013808185
0.0012645898
0.0015936387
0.001340382
0.0013333441
0.0012899498
0.0013466385
0.0013691483
0.0013586817
0.0012591823
0.0014155032
0.0014190585
0.001382571
0.0015780318
0.0013380607
0.0013263768
0.00129988
0.08751495
0.011362667
0.004350733
0.0019337412
0.0015895916
0.0014500725
0.0014627774
0.0013953976
0.0013903297
0.0017160017
0.0012855188
0.0011928988
0.0015256441
0.0014968202
0.001530895
0.0012889463
0.00125485
0.0013965606
0.0015497231
0.0013962045
0.0063084373
0.0017938173
0.0013141291
0.0013200791
0.0012511659
0.0012636704
0.0014448772
0.013207939
0.031332687
0.049850933
0.09917118
0.25910732
0.35270557
0.34202215
0.26331475
0.16591494
0.17964551
0.20005101
0.18866767
0.123767056
0.12779412
0.16912581
0.16187249
0.109959915
0.02263169
0.018407535
0.009387489
0.015107625
0.09558676
0.07568045
0.04627733
0.041258547
0.036323976
0.00771283
0.005442387
0.001823642
0.0015247458
0.0018142003
0.001634557
0.001675762
0.0013975592
0.0013260684
0.0014744131
0.0014143083
0.001503685
0.0013094951
0.002084588
0.0014581293
0.0012284555
0.0012779142
0.0012488657
0.001673824
0.0013383222
0.00146857
0.0011519633
0.0037183426
0.0017839539
0.0016424522
0.0012569204
0.0012719836
0.0015004845
0.0013081256
0.005822692
0.0013475015
0.0012481096
0.001221778
0.0040936926
0.0022949758
0.0011041549
0.0015391636
0.0012563166
0.0014685383
0.0013340437
0.030062625
0.037651423
0.03769515
0.037472747
0.106294334
0.19984488
0.17223513
0.31112406
0.24791466
0.14832242
0.1329618
0.17980391
0.17314465
0.14358173
0.1295248
0.1452589
0.11972795
0.07867515
0.022011057
0.021261074
0.013168366
0.12683134
0.14431112
0.13530894
0.10678958
0.0602393
0.081894875
0.13091452
0.115089215
0.101395346
0.04719127
0.0076935007
0.006012456
0.072426796
0.055634003
0.041222636
0.04648246
0.046171155
0.03110495
0.009242312
0.01564492
0.01613698
0.01114141
0.06623021
0.067262106
0.072474994
0.07162657
0.05302377
0.02730424
0.030361349
0.02514682
0.010336613
0.005027718
0.0040995115
0.0032549272
0.003289109
0.0029478774
0.0023192114
0.0015126261
0.0012489458
0.0013032521
0.0013662844
0.0012113091
0.0013481402
0.0015593739
0.0016352677
0.0013675615
0.0013494038
0.0012411871
0.0012472066
0.0013039014
0.0014435601
0.001370143
0.0035692134
0.0021316241
0.0014735442
0.0013184655
0.001813576
0.0012465579
0.0013016282
0.0012587256
0.0013326367
0.0011216047
0.001104283
0.0012653046
0.0013657702
0.0015334977
0.0011440761
0.0012243042
0.0012140257
0.0013922733
0.0015390125
0.0013424126
0.0016070388
0.0013488946
0.0014559984
0.0012732422
0.0012140662
0.00127384
0.0011771038
0.0013483495
0.0013932708
0.0012734772
0.0014073215
0.0013142976
0.0012667548
0.0012903416
0.0013342089
0.0014095443
0.0014494164
0.0011583398
0.0013130604
0.0012340322
0.0010787154
0.0012451622
0.0012941178
0.0012588059
0.0013638618
0.00130689
0.0014168815
0.0012468611
0.00127226
0.002333759
0.0015362923
0.0024560632
0.0012790252
0.0012424326
0.0018571184
0.0013565046
0.0013167163
0.001136843
0.0015033564
0.0011574202
0.0013483956
0.0010833719
0.0012842023
0.0014711795
0.0014163861
0.0012777827
0.0011650756
0.0012895981
0.0014234553
0.0013566299
0.0012640283
0.0012376683
0.0012696428
0.0012233956
0.0014254948
0.0015719502
0.0013472501
0.0012819375
0.0013167702
0.0013447958
0.0014449393
0.0013259412
0.0013235579
0.0014137543
0.0012958898
0.0013411226
0.001368382
0.0013053388
0.0011980808
0.0012818174
0.0013034459
0.0014517644
0.0013027333
0.0012991625
0.0017740862
0.0013999214
0.001332835
0.0015936998
0.0014120152
0.0014909232
0.00140538
0.0014285941
0.0015015466
0.0014195618
0.0012204851
0.0013904352
0.0017705978
0.0012217846
0.0014276295
0.0015425398
0.0014407787
0.0013505325
0.0014904256
0.003704223
0.0034680658
0.0013255794
0.0011220354
0.0012003798
0.0013949595
0.0011824575
0.0049267453
0.0015305895
0.0012833665
0.0012119542
0.0014543091
0.0012523244
0.0012224709
0.0011295635
0.0014362857
0.0011958998
0.0011031891
0.0012408883
0.0013241223
0.0011671116
0.001297851
0.0011506268
0.0013662244
0.0014373312
0.0012025227
0.0013831032
0.0011512818
0.0013639595
0.0013290022
0.0013215668
0.0014320837
0.0010289616
0.001274355
0.001108269
0.0011889974
0.0011582609
0.0011707185
0.0011869534
0.0012326433
0.0010841828
0.0013217737
0.0011434988
0.0011596227
0.0011629007
0.0013311268
0.00120137
0.0016032351
0.0014329877
0.0013453391
0.0039788545
0.0066603753
0.0040935883
0.0026363053
0.011497148
0.0022880968
0.002718423
0.002383751
0.0028281233
0.0043408526
0.005078891
0.004739802
0.0032163898
0.0027744058
0.0017944453
0.001976078
0.016975353
0.0039178086
0.0032627892
0.0023136674
0.0021877906
0.0018269726
0.0025683907
0.0020465823
0.0018872337
0.0020446223
0.00206846
0.0021180788
0.0023395447
0.003189618
0.027726198
0.041607026
0.05159023
0.044741128
0.039848696
0.035550192
0.013819553
0.010138089
0.022284802
0.027760094
0.023431605
0.023816599
0.022597456
0.01428474
0.024284018
0.021849522
0.006680472
0.002348695
0.0023400201
0.002012207
0.003256042
0.0014866205
0.0014949933
0.0015810226
0.0016967318
0.0012109568
0.0010531856
0.0011941303
0.0023396357
0.0014228002
0.0014014341
0.001120926
0.0012890047
0.0032953988
0.0012459274
0.0014048732
0.001292353
0.0013509095
0.0012986319
0.0013437232
0.0011726555
0.0011492458
0.00519076
0.0017128644
0.0015265972
0.0012650175
0.0010945797
0.0014070579
0.0012106687
0.001520082
0.0011923957
0.001304018
0.0011448435
0.0012572786
0.0012462941
0.0013468415
0.0015435454
0.0013782815
0.0013708839
0.0014359931
0.0013203401
0.0012854509
0.0014522974
0.0011038003
0.017269354
0.029404707
0.035595153
0.11761146
0.29085988
0.31611726
0.2850291
0.25595337
0.16738048
0.12134971
0.12620893
0.13063093
0.1000291
0.106269285
0.11952941
0.09248134
0.023903886
0.021525247
0.004781475
0.07202429
0.1302379
0.10513701
0.093929835
0.08144032
0.09013019
0.117030196
0.092480645
0.08543215
0.011373083
0.0050405385
0.07876787
0.070458844
0.057612494
0.05233228
0.0474762
0.027490081
0.0101103
0.015854582
0.008200431
0.010103177
0.06531106
0.061975256
0.04950056
0.035713103
0.028281413
0.030023886
0.023114493
0.013920558
0.0024594143
0.002065361
0.0035864073
0.0032941725
0.0039785425
0.004410795
0.0027280732
0.0021569547
0.0015323469
0.0015452312
0.001528669
0.0012758906
0.0013506626
0.001417569
0.0012740877
0.0014401159
0.0013975395
0.0013384296
0.0012956948
0.0014678716
0.0014193823
0.0037073498
0.0013199744
0.006233629
0.007583552
0.006066997
0.040824514
0.048761673
0.06454094
0.067064025
0.054634288
0.053016774
0.057371266
0.04133445
0.0109131
0.007261759
0.033547144
0.039086245
0.021552889
0.010645387
0.029758805
0.02934706
0.010192883
0.0027986339
0.0029041518
0.0038820026
0.005162784
0.0057733045
0.010015443
0.012635236
0.01271229
0.008917399
0.007904122
0.0055162953
0.0026398818
0.013424298
0.18874237
0.18394311
0.04187486
0.2006763
0.20674747
0.1938089
0.13557802
0.1252727
0.101257764
0.14481716
0.12682915
0.0559229
0.08943627
0.13127103
0.070580125
0.03363417
0.15627111
0.16901301
0.12272417
0.047323827
0.010566811
0.0055557303
0.004123534
0.0045010233
0.090169854
0.14876407
0.18185163
0.19226715
0.27313116
0.25070286
0.18521234
0.16935721
0.07792577
0.020287305
0.02499606
0.044240385
0.08674688
0.09154095
0.06384641
0.05498496
0.06548011
0.08364919
0.06259853
0.081726536
0.052891202
0.06912602
0.12187845
0.14492701
0.11239741
0.08274173
0.044477392
0.12691495
0.114133924
0.029988997
0.030740254
0.023556916
0.038482435
0.047837596
0.059091493
0.05633735
0.030616125
0.025724929
0.03377668
0.027822137
0.010058851
0.006153899
0.008771118
0.009061942
0.009262721
0.0066903285
0.009919469
0.006269757
0.0035959613
0.002064046
0.0016292022
0.005018072
0.004584058
0.0023112183
0.0020626993
0.0023099433
0.0022149403
0.0021103444
0.0034084476
0.00658994
0.007975414
0.008258842
0.007892923
0.005743774
0.001997096
0.0055651064
0.0046278057
0.0042626834
0.0031522831
0.002210475
0.0053104237
0.0021768808
0.00220152
0.0018068426
0.0012911976
0.0011550687
0.0015259071
0.011883247
0.106751874
0.051579867
0.022298139
0.03451088
0.056983553
0.009154209
0.010605839
0.012817987
0.017192727
0.018629327
0.017562872
0.008890587
0.0055956626
0.015160225
0.003637466
0.0015542461
0.0033726206
0.0012537042
0.0015356834
0.0031027626
0.03125744
0.014669884
0.0055992384
0.0027745003
0.0020281489
0.009569768
0.004176967
0.0016510154
0.0016937705
0.0014862824
0.059880033
0.05744795
0.04173694
0.1291293
0.33325112
0.38996103
0.30768365
0.32335103
0.31365427
0.25808692
0.14128394
0.06533833
0.1006586
0.10223996

